<?xml version="1.0" encoding="UTF-8"?>
<!DOCTYPE X3D PUBLIC "ISO//Web3D//DTD X3D 3.0//EN" "http://www.web3d.org/specifications/x3d-3.0.dtd">
<X3D version="3.0" profile="Immersive" xmlns:xsd="http://www.w3.org/2001/XMLSchema-instance" xsd:noNamespaceSchemaLocation="http://www.web3d.org/specifications/x3d-3.0.xsd">
	<head>
		<meta name="filename" content="column.x3d" />
		<meta name="generator" content="Blender 2.81 (sub 16)" />
	</head>
	<Scene>
		<NavigationInfo headlight="false"
		                visibilityLimit="0.0"
		                type='"EXAMINE", "ANY"'
		                avatarSize="0.25, 1.75, 0.75"
		                />
		<Background DEF="WO_World"
		            groundColor="0.051 0.051 0.051"
		            skyColor="0.051 0.051 0.051"
		            />
		<Transform DEF="Light_TRANSFORM"
		           translation="-4.076245 5.903862 1.005454"
		           scale="1.000000 1.000000 1.000000"
		           rotation="-0.498084 -0.762016 -0.413815 1.513875"
		           >
			<PointLight DEF="LA_Light"
			            ambientIntensity="0.0000"
			            color="1.0000 1.0000 1.0000"
			            intensity="1.0000"
			            radius="30.0000" 
			            location="-0.0000 -0.0000 0.0000"
			            />
		</Transform>
		<Transform DEF="Camera_TRANSFORM"
		           translation="-29.168262 19.650784 -29.443695"
		           scale="1.000000 1.000000 1.000000"
		           rotation="-0.094161 -0.969765 -0.225143 2.370975"
		           >
			<Viewpoint DEF="CA_Camera"
			           centerOfRotation="0 0 0"
			           position="-0.00 -0.00 -0.00"
			           orientation="-0.48 0.74 0.47 0.00"
			           fieldOfView="0.691"
			           />
		</Transform>
		<Transform DEF="Cylinder_TRANSFORM"
		           translation="0.000000 0.000000 0.000000"
		           scale="1.000000 1.000000 6.882045"
		           rotation="0.000000 0.707107 0.707107 3.141593"
		           >
			<Transform DEF="Cylinder_ifs_TRANSFORM"
			           translation="0.000000 0.000000 0.000000"
			           scale="1.000000 1.000000 1.000000"
			           rotation="0.000000 1.000000 0.000000 0.000000"
			           >
				<Group DEF="group_ME_Cylinder">
					<Shape>
						<Appearance>
							<Material DEF="MA_Material_001"
							          diffuseColor="0.800 0.800 0.800"
							          specularColor="0.401 0.401 0.401"
							          emissiveColor="0.000 0.000 0.000"
							          ambientIntensity="0.000"
							          shininess="0.500"
							          transparency="0.0"
							          />
						</Appearance>
						<IndexedFaceSet solid="false"
						                texCoordIndex="0 1 2 3 -1 4 5 6 7 -1 8 9 10 11 -1 12 13 14 15 -1 16 17 18 19 -1 20 21 22 23 -1 24 25 26 27 -1 28 29 30 31 -1 32 33 34 35 -1 36 37 38 39 -1 40 41 42 43 -1 44 45 46 47 -1 48 49 50 51 -1 52 53 54 55 -1 56 57 58 59 -1 60 61 62 63 -1 64 65 66 67 -1 68 69 70 71 -1 72 73 74 75 -1 76 77 78 79 -1 80 81 82 83 -1 84 85 86 87 -1 88 89 90 91 -1 92 93 94 95 -1 96 97 98 99 -1 100 101 102 103 -1 104 105 106 107 -1 108 109 110 111 -1 112 113 114 115 -1 116 117 118 119 -1 120 121 122 123 124 125 126 127 128 129 130 131 132 133 134 135 136 137 138 139 140 141 142 143 144 145 146 147 148 149 150 151 152 153 154 155 156 157 158 159 160 161 162 163 164 165 166 167 168 169 170 171 172 173 174 175 176 177 178 179 180 181 182 183 184 185 186 187 188 189 190 191 192 193 194 195 196 197 198 199 200 201 202 203 204 205 206 207 208 209 210 211 212 213 214 215 216 217 218 219 220 221 222 223 224 225 226 227 228 229 230 231 232 233 234 235 236 237 238 239 240 241 242 243 244 245 246 247 -1 248 249 250 251 -1 252 253 254 255 -1 256 257 258 259 260 261 262 263 264 265 266 267 268 269 270 271 272 273 274 275 276 277 278 279 280 281 282 283 284 285 286 287 288 289 290 291 292 293 294 295 296 297 298 299 300 301 302 303 304 305 306 307 308 309 310 311 312 313 314 315 316 317 318 319 320 321 322 323 324 325 326 327 328 329 330 331 332 333 334 335 336 337 338 339 340 341 342 343 344 345 346 347 348 349 350 351 352 353 354 355 356 357 358 359 360 361 362 363 364 365 366 367 368 369 370 371 372 373 374 375 376 377 378 379 380 381 382 383 -1 384 385 386 387 -1 388 389 390 391 -1 392 393 394 395 -1 396 397 398 399 -1 400 401 402 403 -1 404 405 406 407 -1 408 409 410 411 -1 412 413 414 415 -1 416 417 418 419 -1 420 421 422 423 -1 424 425 426 427 -1 428 429 430 431 -1 432 433 434 435 -1 436 437 438 439 -1 440 441 442 443 -1 444 445 446 447 -1 448 449 450 451 -1 452 453 454 455 -1 456 457 458 459 -1 460 461 462 463 -1 464 465 466 467 -1 468 469 470 471 -1 472 473 474 475 -1 476 477 478 479 -1 480 481 482 483 -1 484 485 486 487 -1 488 489 490 491 -1 492 493 494 495 -1 496 497 498 499 -1 500 501 502 503 -1 504 505 506 507 -1 508 509 510 511 -1 512 513 514 515 -1 516 517 518 519 -1 520 521 522 523 -1 524 525 526 527 -1 528 529 530 531 -1 532 533 534 535 -1 536 537 538 539 -1 540 541 542 543 -1 544 545 546 547 -1 548 549 550 551 -1 552 553 554 555 -1 556 557 558 559 -1 560 561 562 563 -1 564 565 566 567 -1 568 569 570 571 -1 572 573 574 575 -1 576 577 578 579 -1 580 581 582 583 -1 584 585 586 587 -1 588 589 590 591 -1 592 593 594 595 -1 596 597 598 599 -1 600 601 602 603 -1 604 605 606 607 -1 608 609 610 611 -1 612 613 614 615 -1 616 617 618 619 -1 620 621 622 623 -1 624 625 626 627 -1 628 629 630 631 -1 632 633 634 635 -1 636 637 638 639 -1 640 641 642 643 -1 644 645 646 647 -1 648 649 650 651 -1 652 653 654 655 -1 656 657 658 659 -1 660 661 662 663 -1 664 665 666 667 -1 668 669 670 671 -1 672 673 674 675 -1 676 677 678 679 -1 680 681 682 683 -1 684 685 686 687 -1 688 689 690 691 -1 692 693 694 695 -1 696 697 698 699 -1 700 701 702 703 -1 704 705 706 707 -1 708 709 710 711 -1 712 713 714 715 -1 716 717 718 719 -1 720 721 722 723 -1 724 725 726 727 -1 728 729 730 731 -1 732 733 734 735 -1 736 737 738 739 -1 740 741 742 743 -1 744 745 746 747 -1 748 749 750 751 -1 752 753 754 755 -1 756 757 758 759 -1 760 761 762 763 -1 764 765 766 767 -1 768 769 770 771 -1 772 773 774 775 -1 776 777 778 779 -1 780 781 782 783 -1 784 785 786 787 -1 788 789 790 791 -1 792 793 794 795 -1 796 797 798 799 -1 800 801 802 803 -1 804 805 806 807 -1 808 809 810 811 -1 812 813 814 815 -1 816 817 818 819 -1 820 821 822 823 -1 824 825 826 827 -1 828 829 830 831 -1 832 833 834 835 -1 836 837 838 839 -1 840 841 842 843 -1 844 845 846 847 -1 848 849 850 851 -1 852 853 854 855 -1 856 857 858 859 -1 860 861 862 863 -1 864 865 866 867 -1 868 869 870 871 -1 872 873 874 875 -1 876 877 878 879 -1 880 881 882 883 -1 884 885 886 887 -1 888 889 890 891 -1 892 893 894 895 -1 896 897 898 899 -1 900 901 902 903 -1 904 905 906 907 -1 908 909 910 911 -1 912 913 914 915 -1 916 917 918 919 -1 920 921 922 923 -1 924 925 926 927 -1 928 929 930 931 -1 932 933 934 935 -1 936 937 938 939 -1 940 941 942 943 -1 944 945 946 947 -1 948 949 950 951 -1 952 953 954 955 -1 956 957 958 959 -1 960 961 962 963 -1 964 965 966 967 -1 968 969 970 971 -1 972 973 974 975 -1 976 977 978 979 -1 980 981 982 983 -1 984 985 986 987 -1 988 989 990 991 -1 992 993 994 995 -1 996 997 998 999 -1 1000 1001 1002 1003 -1 1004 1005 1006 1007 -1 1008 1009 1010 1011 -1 1012 1013 1014 1015 -1 1016 1017 1018 1019 -1 1020 1021 1022 1023 -1 1024 1025 1026 1027 -1 1028 1029 1030 1031 -1 1032 1033 1034 1035 -1 1036 1037 1038 1039 -1 1040 1041 1042 1043 -1 1044 1045 1046 1047 -1 1048 1049 1050 1051 -1 1052 1053 1054 1055 -1 1056 1057 1058 1059 -1 1060 1061 1062 1063 -1 1064 1065 1066 1067 -1 1068 1069 1070 1071 -1 1072 1073 1074 1075 -1 1076 1077 1078 1079 -1 1080 1081 1082 1083 -1 1084 1085 1086 1087 -1 1088 1089 1090 1091 -1 1092 1093 1094 1095 -1 1096 1097 1098 1099 -1 1100 1101 1102 1103 -1 1104 1105 1106 1107 -1 1108 1109 1110 1111 -1 1112 1113 1114 1115 -1 1116 1117 1118 1119 -1 1120 1121 1122 1123 -1 1124 1125 1126 1127 -1 1128 1129 1130 1131 -1 1132 1133 1134 1135 -1 1136 1137 1138 1139 -1 1140 1141 1142 1143 -1 1144 1145 1146 1147 -1 1148 1149 1150 1151 -1 1152 1153 1154 1155 -1 1156 1157 1158 1159 -1 1160 1161 1162 1163 -1 1164 1165 1166 1167 -1 1168 1169 1170 1171 -1 1172 1173 1174 1175 -1 1176 1177 1178 1179 -1 1180 1181 1182 1183 -1 1184 1185 1186 1187 -1 1188 1189 1190 1191 -1 1192 1193 1194 1195 -1 1196 1197 1198 1199 -1 1200 1201 1202 1203 -1 1204 1205 1206 1207 -1 1208 1209 1210 1211 -1 1212 1213 1214 1215 -1 1216 1217 1218 1219 -1 1220 1221 1222 1223 -1 1224 1225 1226 1227 -1 1228 1229 1230 1231 -1 1232 1233 1234 1235 -1 1236 1237 1238 1239 -1 1240 1241 1242 1243 -1 1244 1245 1246 1247 -1 1248 1249 1250 1251 -1 1252 1253 1254 1255 -1 1256 1257 1258 1259 -1 1260 1261 1262 1263 -1 1264 1265 1266 1267 -1 1268 1269 1270 1271 -1 1272 1273 1274 1275 -1 1276 1277 1278 1279 -1 1280 1281 1282 1283 -1 1284 1285 1286 1287 -1 1288 1289 1290 1291 -1 1292 1293 1294 1295 -1 1296 1297 1298 1299 -1 1300 1301 1302 1303 -1 1304 1305 1306 1307 -1 1308 1309 1310 1311 -1 1312 1313 1314 1315 -1 1316 1317 1318 1319 -1 1320 1321 1322 1323 -1 1324 1325 1326 1327 -1 1328 1329 1330 1331 -1 1332 1333 1334 1335 -1 1336 1337 1338 1339 -1 1340 1341 1342 1343 -1 1344 1345 1346 1347 -1 1348 1349 1350 1351 -1 1352 1353 1354 1355 -1 1356 1357 1358 1359 -1 1360 1361 1362 1363 -1 1364 1365 1366 1367 -1 1368 1369 1370 1371 -1 1372 1373 1374 1375 -1 1376 1377 1378 1379 -1 1380 1381 1382 1383 -1 1384 1385 1386 1387 -1 1388 1389 1390 1391 -1 1392 1393 1394 1395 -1 1396 1397 1398 1399 -1 1400 1401 1402 1403 -1 1404 1405 1406 1407 -1 1408 1409 1410 1411 -1 1412 1413 1414 1415 -1 1416 1417 1418 1419 -1 1420 1421 1422 1423 -1 1424 1425 1426 1427 -1 1428 1429 1430 1431 -1 1432 1433 1434 1435 -1 1436 1437 1438 1439 -1 1440 1441 1442 1443 -1 1444 1445 1446 1447 -1 1448 1449 1450 1451 -1 1452 1453 1454 1455 -1 1456 1457 1458 1459 -1 1460 1461 1462 1463 -1 1464 1465 1466 1467 -1 1468 1469 1470 1471 -1 1472 1473 1474 1475 -1 1476 1477 1478 1479 -1 1480 1481 1482 1483 -1 1484 1485 1486 1487 -1 1488 1489 1490 1491 -1 1492 1493 1494 1495 -1 1496 1497 1498 1499 -1 1500 1501 1502 1503 -1 1504 1505 1506 1507 -1 1508 1509 1510 1511 -1 1512 1513 1514 1515 -1 1516 1517 1518 1519 -1 1520 1521 1522 1523 -1 1524 1525 1526 1527 -1 1528 1529 1530 1531 -1 1532 1533 1534 1535 -1 1536 1537 1538 1539 -1 1540 1541 1542 1543 -1 1544 1545 1546 1547 -1 1548 1549 1550 1551 -1 1552 1553 1554 1555 -1 1556 1557 1558 1559 -1 1560 1561 1562 1563 -1 1564 1565 1566 1567 -1 1568 1569 1570 1571 -1 1572 1573 1574 1575 -1 1576 1577 1578 1579 -1 1580 1581 1582 1583 -1 1584 1585 1586 1587 -1 1588 1589 1590 1591 -1 1592 1593 1594 1595 -1 1596 1597 1598 1599 -1 1600 1601 1602 1603 -1 1604 1605 1606 1607 -1 1608 1609 1610 1611 -1 1612 1613 1614 1615 -1 1616 1617 1618 1619 -1 1620 1621 1622 1623 -1 1624 1625 1626 1627 -1 1628 1629 1630 1631 -1 1632 1633 1634 1635 -1 1636 1637 1638 1639 -1 1640 1641 1642 1643 -1 1644 1645 1646 1647 -1 1648 1649 1650 1651 -1 1652 1653 1654 1655 -1 1656 1657 1658 1659 -1 1660 1661 1662 1663 -1 1664 1665 1666 1667 -1 1668 1669 1670 1671 -1 1672 1673 1674 1675 -1 1676 1677 1678 1679 -1 1680 1681 1682 1683 -1 1684 1685 1686 1687 -1 1688 1689 1690 1691 -1 1692 1693 1694 1695 -1 1696 1697 1698 1699 -1 1700 1701 1702 1703 -1 1704 1705 1706 1707 -1 1708 1709 1710 1711 -1 1712 1713 1714 1715 -1 1716 1717 1718 1719 -1 1720 1721 1722 1723 -1 1724 1725 1726 1727 -1 1728 1729 1730 1731 -1 1732 1733 1734 1735 -1 1736 1737 1738 1739 -1 1740 1741 1742 1743 -1 1744 1745 1746 1747 -1 1748 1749 1750 1751 -1 1752 1753 1754 1755 -1 1756 1757 1758 1759 -1 1760 1761 1762 1763 -1 1764 1765 1766 1767 -1 1768 1769 1770 1771 -1 1772 1773 1774 1775 -1 1776 1777 1778 1779 -1 1780 1781 1782 1783 -1 1784 1785 1786 1787 -1 1788 1789 1790 1791 -1 1792 1793 1794 1795 -1 1796 1797 1798 1799 -1 1800 1801 1802 1803 -1 1804 1805 1806 1807 -1 1808 1809 1810 1811 -1 1812 1813 1814 1815 -1 1816 1817 1818 1819 -1 1820 1821 1822 1823 -1 1824 1825 1826 1827 -1 1828 1829 1830 1831 -1 1832 1833 1834 1835 -1 1836 1837 1838 1839 -1 1840 1841 1842 1843 -1 1844 1845 1846 1847 -1 1848 1849 1850 1851 -1 1852 1853 1854 1855 -1 1856 1857 1858 1859 -1 1860 1861 1862 1863 -1 1864 1865 1866 1867 -1 1868 1869 1870 1871 -1 1872 1873 1874 1875 -1 1876 1877 1878 1879 -1 1880 1881 1882 1883 -1 1884 1885 1886 1887 -1 1888 1889 1890 1891 -1 1892 1893 1894 1895 -1 1896 1897 1898 1899 -1 1900 1901 1902 1903 -1 1904 1905 1906 1907 -1 1908 1909 1910 1911 -1 1912 1913 1914 1915 -1 1916 1917 1918 1919 -1 1920 1921 1922 1923 -1 1924 1925 1926 1927 -1 1928 1929 1930 1931 -1 1932 1933 1934 1935 -1 1936 1937 1938 1939 -1 1940 1941 1942 1943 -1 1944 1945 1946 1947 -1 1948 1949 1950 1951 -1 1952 1953 1954 1955 -1 1956 1957 1958 1959 -1 1960 1961 1962 1963 -1 1964 1965 1966 1967 -1 1968 1969 1970 1971 -1 1972 1973 1974 1975 -1 1976 1977 1978 1979 -1 1980 1981 1982 1983 -1 1984 1985 1986 1987 -1 1988 1989 1990 1991 -1 1992 1993 1994 1995 -1 1996 1997 1998 1999 -1 2000 2001 2002 2003 -1 2004 2005 2006 2007 -1 2008 2009 2010 2011 -1 2012 2013 2014 2015 -1 2016 2017 2018 2019 -1 2020 2021 2022 2023 -1 2024 2025 2026 2027 -1 2028 2029 2030 2031 -1 2032 2033 2034 2035 -1 2036 2037 2038 2039 -1 2040 2041 2042 2043 -1 2044 2045 2046 2047 -1 2048 2049 2050 2051 -1 2052 2053 2054 2055 -1 2056 2057 2058 2059 -1 2060 2061 2062 2063 -1 2064 2065 2066 2067 -1 2068 2069 2070 2071 -1 2072 2073 2074 2075 -1 2076 2077 2078 2079 -1 2080 2081 2082 2083 -1 2084 2085 2086 2087 -1 2088 2089 2090 2091 -1 2092 2093 2094 2095 -1 2096 2097 2098 2099 -1 2100 2101 2102 2103 -1 2104 2105 2106 2107 -1 2108 2109 2110 2111 -1 2112 2113 2114 2115 -1 2116 2117 2118 2119 -1 2120 2121 2122 2123 -1 2124 2125 2126 2127 -1 2128 2129 2130 2131 -1 2132 2133 2134 2135 -1 2136 2137 2138 2139 -1 2140 2141 2142 2143 -1 2144 2145 2146 2147 -1 2148 2149 2150 2151 -1 2152 2153 2154 2155 -1 2156 2157 2158 2159 -1 2160 2161 2162 2163 -1 2164 2165 2166 2167 -1 2168 2169 2170 2171 -1 2172 2173 2174 2175 -1 2176 2177 2178 2179 -1 2180 2181 2182 2183 -1 2184 2185 2186 2187 -1 2188 2189 2190 2191 -1 2192 2193 2194 2195 -1 2196 2197 2198 2199 -1 2200 2201 2202 2203 -1 2204 2205 2206 2207 -1 2208 2209 2210 2211 -1 2212 2213 2214 2215 -1 2216 2217 2218 2219 -1 2220 2221 2222 2223 -1 2224 2225 2226 2227 -1 2228 2229 2230 2231 -1 2232 2233 2234 2235 -1 2236 2237 2238 2239 -1 2240 2241 2242 2243 -1 2244 2245 2246 2247 -1 2248 2249 2250 2251 -1 2252 2253 2254 2255 -1 2256 2257 2258 2259 -1 2260 2261 2262 2263 -1 2264 2265 2266 2267 -1 2268 2269 2270 2271 -1 2272 2273 2274 2275 -1 2276 2277 2278 2279 -1 2280 2281 2282 2283 -1 2284 2285 2286 2287 -1 2288 2289 2290 2291 -1 2292 2293 2294 2295 -1 2296 2297 2298 2299 -1 2300 2301 2302 2303 -1 2304 2305 2306 2307 -1 2308 2309 2310 2311 -1 2312 2313 2314 2315 -1 2316 2317 2318 2319 -1 2320 2321 2322 2323 -1 2324 2325 2326 2327 -1 2328 2329 2330 2331 -1 2332 2333 2334 2335 -1 2336 2337 2338 2339 -1 2340 2341 2342 2343 -1 2344 2345 2346 2347 -1 2348 2349 2350 2351 -1 2352 2353 2354 2355 -1 2356 2357 2358 2359 -1 2360 2361 2362 2363 -1 2364 2365 2366 2367 -1 2368 2369 2370 2371 -1 2372 2373 2374 2375 -1 2376 2377 2378 2379 -1 2380 2381 2382 2383 -1 2384 2385 2386 2387 -1 2388 2389 2390 2391 -1 2392 2393 2394 2395 -1 2396 2397 2398 2399 -1 2400 2401 2402 2403 -1 2404 2405 2406 2407 -1 2408 2409 2410 2411 -1 2412 2413 2414 2415 -1 2416 2417 2418 2419 -1 2420 2421 2422 2423 -1 2424 2425 2426 2427 -1 2428 2429 2430 2431 -1 2432 2433 2434 2435 -1 2436 2437 2438 2439 -1 2440 2441 2442 2443 -1 2444 2445 2446 2447 -1 2448 2449 2450 2451 -1 2452 2453 2454 2455 -1 2456 2457 2458 2459 -1 2460 2461 2462 2463 -1 2464 2465 2466 2467 -1 2468 2469 2470 2471 -1 2472 2473 2474 2475 -1 2476 2477 2478 2479 -1 2480 2481 2482 2483 -1 2484 2485 2486 2487 -1 2488 2489 2490 2491 -1 2492 2493 2494 2495 -1 2496 2497 2498 2499 -1 2500 2501 2502 2503 -1 2504 2505 2506 2507 -1 2508 2509 2510 2511 -1 2512 2513 2514 2515 -1 2516 2517 2518 2519 -1 2520 2521 2522 2523 -1 2524 2525 2526 2527 -1 2528 2529 2530 2531 -1 2532 2533 2534 2535 -1 2536 2537 2538 2539 -1 2540 2541 2542 2543 -1 2544 2545 2546 2547 -1 2548 2549 2550 2551 -1 2552 2553 2554 2555 -1 2556 2557 2558 2559 -1 2560 2561 2562 2563 -1 2564 2565 2566 2567 -1 2568 2569 2570 2571 -1 2572 2573 2574 2575 -1 2576 2577 2578 2579 -1 2580 2581 2582 2583 -1 2584 2585 2586 2587 -1 2588 2589 2590 2591 -1 2592 2593 2594 2595 -1 2596 2597 2598 2599 -1 2600 2601 2602 2603 -1 2604 2605 2606 2607 -1 2608 2609 2610 2611 -1 2612 2613 2614 2615 -1 2616 2617 2618 2619 -1 2620 2621 2622 2623 -1 2624 2625 2626 2627 -1 2628 2629 2630 2631 -1 2632 2633 2634 2635 -1 2636 2637 2638 2639 -1 2640 2641 2642 2643 -1 2644 2645 2646 2647 -1 2648 2649 2650 2651 -1 2652 2653 2654 2655 -1 2656 2657 2658 2659 -1 2660 2661 2662 2663 -1 2664 2665 2666 2667 -1 2668 2669 2670 2671 -1 2672 2673 2674 2675 -1 2676 2677 2678 2679 -1 2680 2681 2682 2683 -1 2684 2685 2686 2687 -1 2688 2689 2690 2691 -1 2692 2693 2694 2695 -1 2696 2697 2698 2699 -1 2700 2701 2702 2703 -1 2704 2705 2706 2707 -1 2708 2709 2710 2711 -1 2712 2713 2714 2715 -1 2716 2717 2718 2719 -1 2720 2721 2722 2723 -1 2724 2725 2726 2727 -1 2728 2729 2730 2731 -1 2732 2733 2734 2735 -1 2736 2737 2738 2739 -1 2740 2741 2742 2743 -1 2744 2745 2746 2747 -1 2748 2749 2750 2751 -1 2752 2753 2754 2755 -1 2756 2757 2758 2759 -1 2760 2761 2762 2763 -1 2764 2765 2766 2767 -1 2768 2769 2770 2771 -1 2772 2773 2774 2775 -1 2776 2777 2778 2779 -1 2780 2781 2782 2783 -1 2784 2785 2786 2787 -1 2788 2789 2790 2791 -1 2792 2793 2794 2795 -1 2796 2797 2798 2799 -1 2800 2801 2802 2803 -1 2804 2805 2806 2807 -1 2808 2809 2810 2811 -1 2812 2813 2814 2815 -1 2816 2817 2818 2819 -1 2820 2821 2822 2823 -1 2824 2825 2826 2827 -1 2828 2829 2830 2831 -1 2832 2833 2834 2835 -1 2836 2837 2838 2839 -1 2840 2841 2842 2843 -1 2844 2845 2846 2847 -1 2848 2849 2850 2851 -1 2852 2853 2854 2855 -1 2856 2857 2858 2859 -1 2860 2861 2862 2863 -1 2864 2865 2866 2867 -1 2868 2869 2870 2871 -1 2872 2873 2874 2875 -1 2876 2877 2878 2879 -1 2880 2881 2882 2883 -1 2884 2885 2886 2887 -1 2888 2889 2890 2891 -1 2892 2893 2894 2895 -1 2896 2897 2898 2899 -1 2900 2901 2902 2903 -1 2904 2905 2906 2907 -1 2908 2909 2910 2911 -1 2912 2913 2914 2915 -1 2916 2917 2918 2919 -1 2920 2921 2922 2923 -1 2924 2925 2926 2927 -1 2928 2929 2930 2931 -1 2932 2933 2934 2935 -1 2936 2937 2938 2939 -1 2940 2941 2942 2943 -1 2944 2945 2946 2947 -1 2948 2949 2950 2951 -1 2952 2953 2954 2955 -1 2956 2957 2958 2959 -1 2960 2961 2962 2963 -1 2964 2965 2966 2967 -1 2968 2969 2970 2971 -1 2972 2973 2974 2975 -1 2976 2977 2978 2979 -1 2980 2981 2982 2983 -1 2984 2985 2986 2987 -1 2988 2989 2990 2991 -1 2992 2993 2994 2995 -1 2996 2997 2998 2999 -1 3000 3001 3002 3003 -1 3004 3005 3006 3007 -1 3008 3009 3010 3011 -1 3012 3013 3014 3015 -1 3016 3017 3018 3019 -1 3020 3021 3022 3023 -1 3024 3025 3026 3027 -1 3028 3029 3030 3031 -1 3032 3033 3034 3035 -1 3036 3037 3038 3039 -1 3040 3041 3042 3043 -1 3044 3045 3046 3047 -1 3048 3049 3050 3051 -1 3052 3053 3054 3055 -1 3056 3057 3058 3059 -1 3060 3061 3062 3063 -1 3064 3065 3066 3067 -1 3068 3069 3070 3071 -1 3072 3073 3074 3075 -1 3076 3077 3078 3079 -1 3080 3081 3082 3083 -1 3084 3085 3086 3087 -1 3088 3089 3090 3091 -1 3092 3093 3094 3095 -1 3096 3097 3098 3099 -1 3100 3101 3102 3103 -1 3104 3105 3106 3107 -1 3108 3109 3110 3111 -1 3112 3113 3114 3115 -1 3116 3117 3118 3119 -1 3120 3121 3122 3123 -1 3124 3125 3126 3127 -1 3128 3129 3130 3131 -1 3132 3133 3134 3135 -1 3136 3137 3138 3139 -1 3140 3141 3142 3143 -1 3144 3145 3146 3147 -1 3148 3149 3150 3151 -1 3152 3153 3154 3155 -1 3156 3157 3158 3159 -1 3160 3161 3162 3163 -1 3164 3165 3166 3167 -1 3168 3169 3170 3171 -1 3172 3173 3174 3175 -1 3176 3177 3178 3179 -1 3180 3181 3182 3183 -1 3184 3185 3186 3187 -1 3188 3189 3190 3191 -1 3192 3193 3194 3195 -1 3196 3197 3198 3199 -1 3200 3201 3202 3203 -1 3204 3205 3206 3207 -1 3208 3209 3210 3211 -1 3212 3213 3214 3215 -1 3216 3217 3218 3219 -1 3220 3221 3222 3223 -1 3224 3225 3226 3227 -1 3228 3229 3230 3231 -1 3232 3233 3234 3235 -1 3236 3237 3238 3239 -1 3240 3241 3242 3243 -1 3244 3245 3246 3247 -1 3248 3249 3250 3251 -1 3252 3253 3254 3255 -1 3256 3257 3258 3259 -1 3260 3261 3262 3263 -1 3264 3265 3266 3267 -1 3268 3269 3270 3271 -1 3272 3273 3274 3275 -1 3276 3277 3278 3279 -1 3280 3281 3282 3283 -1 3284 3285 3286 3287 -1 3288 3289 3290 3291 -1 3292 3293 3294 3295 -1 3296 3297 3298 3299 -1 3300 3301 3302 3303 -1 3304 3305 3306 3307 -1 3308 3309 3310 3311 -1 3312 3313 3314 3315 -1 3316 3317 3318 3319 -1 3320 3321 3322 3323 -1 3324 3325 3326 3327 -1 3328 3329 3330 3331 -1 3332 3333 3334 3335 -1 3336 3337 3338 3339 -1 3340 3341 3342 3343 -1 3344 3345 3346 3347 -1 3348 3349 3350 3351 -1 3352 3353 3354 3355 -1 3356 3357 3358 3359 -1 3360 3361 3362 3363 -1 3364 3365 3366 3367 -1 3368 3369 3370 3371 -1 3372 3373 3374 3375 -1 3376 3377 3378 3379 -1 3380 3381 3382 3383 -1 3384 3385 3386 3387 -1 3388 3389 3390 3391 -1 3392 3393 3394 3395 -1 3396 3397 3398 3399 -1 3400 3401 3402 3403 -1 3404 3405 3406 3407 -1 3408 3409 3410 3411 -1 3412 3413 3414 3415 -1 3416 3417 3418 3419 -1 3420 3421 3422 3423 -1 3424 3425 3426 3427 -1 3428 3429 3430 3431 -1 3432 3433 3434 3435 -1 3436 3437 3438 3439 -1 3440 3441 3442 3443 -1 3444 3445 3446 3447 -1 3448 3449 3450 3451 -1 3452 3453 3454 3455 -1 3456 3457 3458 3459 -1 3460 3461 3462 3463 -1 3464 3465 3466 3467 -1 3468 3469 3470 3471 -1 3472 3473 3474 3475 -1 3476 3477 3478 3479 -1 3480 3481 3482 3483 -1 3484 3485 3486 3487 -1 3488 3489 3490 3491 -1 3492 3493 3494 3495 -1 3496 3497 3498 3499 -1 3500 3501 3502 3503 -1 3504 3505 3506 3507 -1 3508 3509 3510 3511 -1 3512 3513 3514 3515 -1 3516 3517 3518 3519 -1 3520 3521 3522 3523 -1 3524 3525 3526 3527 -1 3528 3529 3530 3531 -1 3532 3533 3534 3535 -1 3536 3537 3538 3539 -1 3540 3541 3542 3543 -1 3544 3545 3546 3547 -1 3548 3549 3550 3551 -1 3552 3553 3554 3555 -1 3556 3557 3558 3559 -1 3560 3561 3562 3563 -1 3564 3565 3566 3567 -1 3568 3569 3570 3571 -1 3572 3573 3574 3575 -1 3576 3577 3578 3579 -1 3580 3581 3582 3583 -1 3584 3585 3586 3587 -1 3588 3589 3590 3591 -1 3592 3593 3594 3595 -1 3596 3597 3598 3599 -1 3600 3601 3602 3603 -1 3604 3605 3606 3607 -1 3608 3609 3610 3611 -1 3612 3613 3614 3615 -1 3616 3617 3618 3619 -1 3620 3621 3622 3623 -1 3624 3625 3626 3627 -1 3628 3629 3630 3631 -1 3632 3633 3634 3635 -1 3636 3637 3638 3639 -1 3640 3641 3642 3643 -1 3644 3645 3646 3647 -1 3648 3649 3650 3651 -1 3652 3653 3654 3655 -1 3656 3657 3658 3659 -1 3660 3661 3662 3663 -1 3664 3665 3666 3667 -1 3668 3669 3670 3671 -1 3672 3673 3674 3675 -1 3676 3677 3678 3679 -1 3680 3681 3682 3683 -1 3684 3685 3686 3687 -1 3688 3689 3690 3691 -1 3692 3693 3694 3695 -1 3696 3697 3698 3699 -1 3700 3701 3702 3703 -1 3704 3705 3706 3707 -1 3708 3709 3710 3711 -1 3712 3713 3714 3715 -1 3716 3717 3718 3719 -1 3720 3721 3722 3723 -1 3724 3725 3726 3727 -1 3728 3729 3730 3731 -1 3732 3733 3734 3735 -1 3736 3737 3738 3739 -1 3740 3741 3742 3743 -1 3744 3745 3746 3747 -1 3748 3749 3750 3751 -1 3752 3753 3754 3755 -1 3756 3757 3758 3759 -1 3760 3761 3762 3763 -1 3764 3765 3766 3767 -1 3768 3769 3770 3771 -1 3772 3773 3774 3775 -1 3776 3777 3778 3779 -1 3780 3781 3782 3783 -1 3784 3785 3786 3787 -1 3788 3789 3790 3791 -1 3792 3793 3794 3795 -1 3796 3797 3798 3799 -1 3800 3801 3802 3803 -1 3804 3805 3806 3807 -1 3808 3809 3810 3811 -1 3812 3813 3814 3815 -1 3816 3817 3818 3819 -1 3820 3821 3822 3823 -1 3824 3825 3826 3827 -1 3828 3829 3830 3831 -1 3832 3833 3834 3835 -1 3836 3837 3838 3839 -1 3840 3841 3842 3843 -1 3844 3845 3846 3847 -1 3848 3849 3850 3851 -1 3852 3853 3854 3855 -1 3856 3857 3858 3859 -1 3860 3861 3862 3863 -1 3864 3865 3866 3867 -1 3868 3869 3870 3871 -1 3872 3873 3874 3875 -1 3876 3877 3878 3879 -1 3880 3881 3882 3883 -1 3884 3885 3886 3887 -1 3888 3889 3890 3891 -1 3892 3893 3894 3895 -1 3896 3897 3898 3899 -1 3900 3901 3902 3903 -1 3904 3905 3906 3907 -1 3908 3909 3910 3911 -1 3912 3913 3914 3915 -1 3916 3917 3918 3919 -1 3920 3921 3922 3923 -1 3924 3925 3926 3927 -1 3928 3929 3930 3931 -1 3932 3933 3934 3935 -1 3936 3937 3938 3939 -1 3940 3941 3942 3943 -1 3944 3945 3946 3947 -1 3948 3949 3950 3951 -1 3952 3953 3954 3955 -1 3956 3957 3958 3959 -1 3960 3961 3962 3963 -1 3964 3965 3966 3967 -1 3968 3969 3970 3971 -1 3972 3973 3974 3975 -1 3976 3977 3978 3979 -1 3980 3981 3982 3983 -1 3984 3985 3986 3987 -1 3988 3989 3990 3991 -1 3992 3993 3994 3995 -1 3996 3997 3998 3999 -1 4000 4001 4002 4003 -1 4004 4005 4006 4007 -1 4008 4009 4010 4011 -1 4012 4013 4014 4015 -1 4016 4017 4018 4019 -1 4020 4021 4022 4023 -1 4024 4025 4026 4027 -1 4028 4029 4030 4031 -1 4032 4033 4034 4035 -1 4036 4037 4038 4039 -1 4040 4041 4042 4043 -1 4044 4045 4046 4047 -1 4048 4049 4050 4051 -1 4052 4053 4054 4055 -1 4056 4057 4058 4059 -1 4060 4061 4062 4063 -1 4064 4065 4066 4067 -1 4068 4069 4070 4071 -1 4072 4073 4074 4075 -1 4076 4077 4078 4079 -1 4080 4081 4082 4083 -1 4084 4085 4086 4087 -1 4088 4089 4090 4091 -1 4092 4093 4094 4095 -1 4096 4097 4098 4099 -1 4100 4101 4102 4103 -1 4104 4105 4106 4107 -1 4108 4109 4110 4111 -1 4112 4113 4114 4115 -1 4116 4117 4118 4119 -1 4120 4121 4122 4123 -1 4124 4125 4126 4127 -1 4128 4129 4130 4131 -1 4132 4133 4134 4135 -1 4136 4137 4138 4139 -1 4140 4141 4142 4143 -1 4144 4145 4146 4147 -1 4148 4149 4150 4151 -1 4152 4153 4154 4155 -1 4156 4157 4158 4159 -1 4160 4161 4162 4163 -1 4164 4165 4166 4167 -1 4168 4169 4170 4171 -1 4172 4173 4174 4175 -1 4176 4177 4178 4179 -1 4180 4181 4182 4183 -1 4184 4185 4186 4187 -1 4188 4189 4190 4191 -1 4192 4193 4194 4195 -1 4196 4197 4198 4199 -1 4200 4201 4202 4203 -1 4204 4205 4206 4207 -1 4208 4209 4210 4211 -1 4212 4213 4214 4215 -1 4216 4217 4218 4219 -1 4220 4221 4222 4223 -1 4224 4225 4226 4227 -1 4228 4229 4230 4231 -1 4232 4233 4234 4235 -1 4236 4237 4238 4239 -1 4240 4241 4242 4243 -1 4244 4245 4246 4247 -1 4248 4249 4250 4251 -1 4252 4253 4254 4255 -1 4256 4257 4258 4259 -1 4260 4261 4262 4263 -1 4264 4265 4266 4267 -1 4268 4269 4270 4271 -1 4272 4273 4274 4275 -1 4276 4277 4278 4279 -1 4280 4281 4282 4283 -1 4284 4285 4286 4287 -1 4288 4289 4290 4291 -1 4292 4293 4294 4295 -1 4296 4297 4298 4299 -1 4300 4301 4302 4303 -1 4304 4305 4306 4307 -1 4308 4309 4310 4311 -1 4312 4313 4314 4315 -1 4316 4317 4318 4319 -1 4320 4321 4322 4323 -1 4324 4325 4326 4327 -1 4328 4329 4330 4331 -1 4332 4333 4334 4335 -1 4336 4337 4338 4339 -1 4340 4341 4342 4343 -1 4344 4345 4346 4347 -1 4348 4349 4350 4351 -1 4352 4353 4354 4355 -1 4356 4357 4358 4359 -1 4360 4361 4362 4363 -1 4364 4365 4366 4367 -1 4368 4369 4370 4371 -1 4372 4373 4374 4375 -1 4376 4377 4378 4379 -1 4380 4381 4382 4383 -1 4384 4385 4386 4387 -1 4388 4389 4390 4391 -1 4392 4393 4394 4395 -1 4396 4397 4398 4399 -1 4400 4401 4402 4403 -1 4404 4405 4406 4407 -1 4408 4409 4410 4411 -1 4412 4413 4414 4415 -1 4416 4417 4418 4419 -1 4420 4421 4422 4423 -1 4424 4425 4426 4427 -1 4428 4429 4430 4431 -1 4432 4433 4434 4435 -1 4436 4437 4438 4439 -1 4440 4441 4442 4443 -1 4444 4445 4446 4447 -1 4448 4449 4450 4451 -1 4452 4453 4454 4455 -1 4456 4457 4458 4459 -1 4460 4461 4462 4463 -1 4464 4465 4466 4467 -1 4468 4469 4470 4471 -1 4472 4473 4474 4475 -1 4476 4477 4478 4479 -1 4480 4481 4482 4483 -1 4484 4485 4486 4487 -1 4488 4489 4490 4491 -1 4492 4493 4494 4495 -1 4496 4497 4498 4499 -1 4500 4501 4502 4503 -1 4504 4505 4506 4507 -1 4508 4509 4510 4511 -1 4512 4513 4514 4515 -1 4516 4517 4518 4519 -1 4520 4521 4522 4523 -1 4524 4525 4526 4527 -1 4528 4529 4530 4531 -1 4532 4533 4534 4535 -1 4536 4537 4538 4539 -1 4540 4541 4542 4543 -1 4544 4545 4546 4547 -1 4548 4549 4550 4551 -1 4552 4553 4554 4555 -1 4556 4557 4558 4559 -1 4560 4561 4562 4563 -1 4564 4565 4566 4567 -1 4568 4569 4570 4571 -1 4572 4573 4574 4575 -1 4576 4577 4578 4579 -1 4580 4581 4582 4583 -1 4584 4585 4586 4587 -1 4588 4589 4590 4591 -1 4592 4593 4594 4595 -1 4596 4597 4598 4599 -1 4600 4601 4602 4603 -1 4604 4605 4606 4607 -1 4608 4609 4610 4611 -1 4612 4613 4614 4615 -1 4616 4617 4618 4619 -1 4620 4621 4622 4623 -1 4624 4625 4626 4627 -1 4628 4629 4630 4631 -1 4632 4633 4634 4635 -1 4636 4637 4638 4639 -1 4640 4641 4642 4643 -1 4644 4645 4646 4647 -1 4648 4649 4650 4651 -1 4652 4653 4654 4655 -1 4656 4657 4658 4659 -1 4660 4661 4662 4663 -1 4664 4665 4666 4667 -1 4668 4669 4670 4671 -1 4672 4673 4674 4675 -1 4676 4677 4678 4679 -1 4680 4681 4682 4683 -1 4684 4685 4686 4687 -1 4688 4689 4690 4691 -1 4692 4693 4694 4695 -1 4696 4697 4698 4699 -1 4700 4701 4702 4703 -1 4704 4705 4706 4707 -1 4708 4709 4710 4711 -1 4712 4713 4714 4715 4716 4717 4718 4719 4720 4721 4722 4723 4724 4725 4726 4727 4728 4729 4730 4731 4732 4733 4734 4735 4736 4737 4738 4739 4740 4741 4742 4743 4744 4745 4746 4747 4748 4749 4750 4751 4752 4753 4754 4755 4756 4757 4758 4759 4760 4761 4762 4763 4764 4765 4766 4767 4768 4769 4770 4771 4772 4773 4774 -1 4775 4776 4777 4778 -1 4779 4780 4781 4782 -1 4783 4784 4785 4786 -1 4787 4788 4789 4790 -1 4791 4792 4793 4794 -1 4795 4796 4797 4798 4799 4800 4801 4802 4803 4804 4805 4806 4807 4808 4809 4810 4811 4812 4813 4814 4815 4816 4817 4818 4819 4820 4821 4822 4823 4824 4825 4826 4827 4828 4829 4830 4831 4832 4833 4834 4835 4836 4837 4838 4839 4840 4841 4842 4843 4844 4845 4846 4847 4848 4849 4850 4851 4852 4853 4854 4855 4856 4857 -1 4858 4859 4860 4861 -1 4862 4863 4864 4865 -1 4866 4867 4868 4869 -1 4870 4871 4872 4873 -1 4874 4875 4876 4877 -1 4878 4879 4880 4881 -1 4882 4883 4884 4885 -1 4886 4887 4888 4889 -1 4890 4891 4892 4893 -1 4894 4895 4896 4897 -1 4898 4899 4900 4901 -1 4902 4903 4904 4905 -1 4906 4907 4908 4909 -1 4910 4911 4912 4913 -1 4914 4915 4916 4917 -1 4918 4919 4920 4921 -1 4922 4923 4924 4925 -1 4926 4927 4928 4929 -1 4930 4931 4932 4933 -1 4934 4935 4936 4937 -1 4938 4939 4940 4941 -1 4942 4943 4944 4945 -1 4946 4947 4948 4949 -1 4950 4951 4952 4953 -1 4954 4955 4956 4957 -1 4958 4959 4960 4961 -1 4962 4963 4964 4965 -1 4966 4967 4968 4969 -1 4970 4971 4972 4973 -1 4974 4975 4976 4977 -1 4978 4979 4980 4981 -1 4982 4983 4984 4985 -1 4986 4987 4988 4989 -1 4990 4991 4992 4993 -1 4994 4995 4996 4997 -1 4998 4999 5000 5001 -1 5002 5003 5004 5005 -1 5006 5007 5008 5009 -1 5010 5011 5012 5013 -1 5014 5015 5016 5017 -1 5018 5019 5020 5021 -1 5022 5023 5024 5025 -1 5026 5027 5028 5029 -1 5030 5031 5032 5033 -1 5034 5035 5036 5037 -1 5038 5039 5040 5041 -1 5042 5043 5044 5045 -1 5046 5047 5048 5049 -1 5050 5051 5052 5053 -1 5054 5055 5056 5057 -1 5058 5059 5060 5061 -1 5062 5063 5064 5065 -1 5066 5067 5068 5069 -1 5070 5071 5072 5073 -1 5074 5075 5076 5077 -1 5078 5079 5080 5081 -1 5082 5083 5084 5085 -1 5086 5087 5088 5089 -1 5090 5091 5092 5093 -1 5094 5095 5096 5097 -1 5098 5099 5100 5101 -1 5102 5103 5104 5105 -1 5106 5107 5108 5109 -1 5110 5111 5112 5113 -1 5114 5115 5116 5117 -1 5118 5119 5120 5121 -1 5122 5123 5124 5125 -1 5126 5127 5128 5129 -1 5130 5131 5132 5133 -1 5134 5135 5136 5137 -1 5138 5139 5140 5141 -1 5142 5143 5144 5145 -1 5146 5147 5148 5149 -1 5150 5151 5152 5153 -1 5154 5155 5156 5157 -1 5158 5159 5160 5161 -1 5162 5163 5164 5165 -1 5166 5167 5168 5169 -1 5170 5171 5172 5173 -1 5174 5175 5176 5177 -1 5178 5179 5180 5181 -1 5182 5183 5184 5185 -1 5186 5187 5188 5189 -1 5190 5191 5192 5193 -1 5194 5195 5196 5197 -1 5198 5199 5200 5201 -1 5202 5203 5204 5205 -1 5206 5207 5208 5209 -1 5210 5211 5212 5213 -1 5214 5215 5216 5217 -1 5218 5219 5220 5221 -1 5222 5223 5224 5225 -1 5226 5227 5228 5229 -1 5230 5231 5232 5233 -1 5234 5235 5236 5237 -1 5238 5239 5240 5241 -1 5242 5243 5244 5245 -1 5246 5247 5248 5249 -1 5250 5251 5252 5253 -1 5254 5255 5256 5257 -1 5258 5259 5260 5261 -1 5262 5263 5264 5265 -1 5266 5267 5268 5269 -1 5270 5271 5272 5273 -1 5274 5275 5276 5277 -1 5278 5279 5280 5281 -1 5282 5283 5284 5285 -1 5286 5287 5288 5289 -1 5290 5291 5292 5293 -1 5294 5295 5296 5297 -1 5298 5299 5300 5301 -1 5302 5303 5304 5305 -1 5306 5307 5308 5309 -1 5310 5311 5312 5313 -1 5314 5315 5316 5317 -1 5318 5319 5320 5321 -1 5322 5323 5324 5325 -1 5326 5327 5328 5329 -1 5330 5331 5332 5333 -1 5334 5335 5336 5337 -1 5338 5339 5340 5341 -1 5342 5343 5344 5345 -1 5346 5347 5348 5349 -1 5350 5351 5352 5353 -1 5354 5355 5356 5357 -1 5358 5359 5360 5361 -1 5362 5363 5364 5365 -1 5366 5367 5368 5369 -1 5370 5371 5372 5373 -1 5374 5375 5376 5377 -1 5378 5379 5380 5381 -1 5382 5383 5384 5385 -1 5386 5387 5388 5389 -1 5390 5391 5392 5393 -1 5394 5395 5396 5397 -1 5398 5399 5400 5401 -1 5402 5403 5404 5405 -1 5406 5407 5408 5409 -1 5410 5411 5412 5413 -1 5414 5415 5416 5417 -1 5418 5419 5420 5421 -1 5422 5423 5424 5425 -1 5426 5427 5428 5429 -1 5430 5431 5432 5433 -1 5434 5435 5436 5437 -1 5438 5439 5440 5441 -1 5442 5443 5444 5445 -1 5446 5447 5448 5449 -1 5450 5451 5452 5453 -1 5454 5455 5456 5457 -1 5458 5459 5460 5461 -1 5462 5463 5464 5465 -1 5466 5467 5468 5469 -1 5470 5471 5472 5473 -1 5474 5475 5476 5477 -1 5478 5479 5480 5481 -1 5482 5483 5484 5485 -1 5486 5487 5488 5489 -1 5490 5491 5492 5493 -1 5494 5495 5496 5497 -1 5498 5499 5500 5501 -1 5502 5503 5504 5505 -1 5506 5507 5508 5509 -1 5510 5511 5512 5513 -1 5514 5515 5516 5517 -1 5518 5519 5520 5521 -1 5522 5523 5524 5525 -1 5526 5527 5528 5529 -1 5530 5531 5532 5533 -1 5534 5535 5536 5537 -1 5538 5539 5540 5541 -1 5542 5543 5544 5545 -1 5546 5547 5548 5549 -1 5550 5551 5552 5553 -1 5554 5555 5556 5557 -1 5558 5559 5560 5561 -1 5562 5563 5564 5565 -1 5566 5567 5568 5569 -1 5570 5571 5572 5573 -1 5574 5575 5576 5577 -1 5578 5579 5580 5581 -1 5582 5583 5584 5585 -1 5586 5587 5588 5589 -1 5590 5591 5592 5593 -1 5594 5595 5596 5597 -1 5598 5599 5600 5601 -1 5602 5603 5604 5605 -1 5606 5607 5608 5609 -1 5610 5611 5612 5613 -1 5614 5615 5616 5617 -1 5618 5619 5620 5621 -1 5622 5623 5624 5625 -1 5626 5627 5628 5629 -1 5630 5631 5632 5633 -1 5634 5635 5636 5637 -1 5638 5639 5640 5641 -1 5642 5643 5644 5645 -1 5646 5647 5648 5649 -1 5650 5651 5652 5653 -1 5654 5655 5656 5657 -1 5658 5659 5660 5661 -1 5662 5663 5664 5665 -1 5666 5667 5668 5669 -1 5670 5671 5672 5673 -1 5674 5675 5676 5677 -1 5678 5679 5680 5681 -1 5682 5683 5684 5685 -1 5686 5687 5688 5689 -1 5690 5691 5692 5693 -1 5694 5695 5696 5697 -1 5698 5699 5700 5701 -1 5702 5703 5704 5705 -1 5706 5707 5708 5709 -1 5710 5711 5712 5713 -1 5714 5715 5716 5717 -1 5718 5719 5720 5721 -1 5722 5723 5724 5725 -1 5726 5727 5728 5729 -1 5730 5731 5732 5733 -1 5734 5735 5736 5737 -1 5738 5739 5740 5741 -1 5742 5743 5744 5745 -1 5746 5747 5748 5749 -1 5750 5751 5752 5753 -1 5754 5755 5756 5757 -1 5758 5759 5760 5761 -1 5762 5763 5764 5765 -1 5766 5767 5768 5769 -1 5770 5771 5772 5773 -1 5774 5775 5776 5777 -1 5778 5779 5780 5781 -1 5782 5783 5784 5785 -1 5786 5787 5788 5789 -1 5790 5791 5792 5793 -1 5794 5795 5796 5797 -1 5798 5799 5800 5801 -1 5802 5803 5804 5805 -1 5806 5807 5808 5809 -1 5810 5811 5812 5813 -1 5814 5815 5816 5817 -1 5818 5819 5820 5821 -1 5822 5823 5824 5825 -1 5826 5827 5828 5829 -1 5830 5831 5832 5833 -1 5834 5835 5836 5837 -1 5838 5839 5840 5841 -1 5842 5843 5844 5845 -1 5846 5847 5848 5849 -1 5850 5851 5852 5853 -1 5854 5855 5856 5857 -1 5858 5859 5860 5861 -1 5862 5863 5864 5865 -1 5866 5867 5868 5869 -1 5870 5871 5872 5873 -1 5874 5875 5876 5877 -1 5878 5879 5880 5881 -1 5882 5883 5884 5885 -1 5886 5887 5888 5889 -1 5890 5891 5892 5893 -1 5894 5895 5896 5897 -1 5898 5899 5900 5901 -1 5902 5903 5904 5905 -1 5906 5907 5908 5909 -1 5910 5911 5912 5913 -1 5914 5915 5916 5917 -1 5918 5919 5920 5921 -1 5922 5923 5924 5925 -1 5926 5927 5928 5929 -1 5930 5931 5932 5933 -1 5934 5935 5936 5937 -1 5938 5939 5940 5941 -1 5942 5943 5944 5945 -1 5946 5947 5948 5949 -1 5950 5951 5952 5953 -1 5954 5955 5956 5957 -1 5958 5959 5960 5961 -1 5962 5963 5964 5965 -1 5966 5967 5968 5969 -1 5970 5971 5972 5973 -1 5974 5975 5976 5977 -1 5978 5979 5980 5981 -1 5982 5983 5984 5985 -1 5986 5987 5988 5989 -1 5990 5991 5992 5993 -1 5994 5995 5996 5997 -1 5998 5999 6000 6001 -1 6002 6003 6004 6005 -1 6006 6007 6008 6009 -1 6010 6011 6012 6013 -1 6014 6015 6016 6017 -1 6018 6019 6020 6021 -1 6022 6023 6024 6025 -1 6026 6027 6028 6029 -1 6030 6031 6032 6033 -1 6034 6035 6036 6037 -1 6038 6039 6040 6041 -1 6042 6043 6044 6045 -1 6046 6047 6048 6049 -1 6050 6051 6052 6053 -1 6054 6055 6056 6057 -1 6058 6059 6060 6061 -1 6062 6063 6064 6065 -1 6066 6067 6068 6069 -1 6070 6071 6072 6073 -1 6074 6075 6076 6077 -1 6078 6079 6080 6081 -1 6082 6083 6084 6085 -1 6086 6087 6088 6089 -1 6090 6091 6092 6093 -1 6094 6095 6096 6097 -1 6098 6099 6100 6101 -1 6102 6103 6104 6105 -1 6106 6107 6108 6109 -1 6110 6111 6112 6113 -1 6114 6115 6116 6117 -1 6118 6119 6120 6121 -1 6122 6123 6124 6125 -1 6126 6127 6128 6129 -1 6130 6131 6132 6133 -1 6134 6135 6136 6137 -1 6138 6139 6140 6141 -1 6142 6143 6144 6145 -1 6146 6147 6148 6149 -1 6150 6151 6152 6153 -1 6154 6155 6156 6157 -1 6158 6159 6160 6161 -1 6162 6163 6164 6165 -1 6166 6167 6168 6169 -1 6170 6171 6172 6173 -1 6174 6175 6176 6177 -1 6178 6179 6180 6181 -1 6182 6183 6184 6185 -1 6186 6187 6188 6189 -1 6190 6191 6192 6193 -1 6194 6195 6196 6197 -1 6198 6199 6200 6201 -1 6202 6203 6204 6205 -1 6206 6207 6208 6209 -1 6210 6211 6212 6213 -1 6214 6215 6216 6217 -1 6218 6219 6220 6221 -1 6222 6223 6224 6225 -1 6226 6227 6228 6229 -1 6230 6231 6232 6233 -1 6234 6235 6236 6237 -1 6238 6239 6240 6241 -1 6242 6243 6244 6245 -1 6246 6247 6248 6249 -1 6250 6251 6252 6253 -1 6254 6255 6256 6257 -1 6258 6259 6260 6261 -1 6262 6263 6264 6265 -1 6266 6267 6268 6269 -1 6270 6271 6272 6273 -1 6274 6275 6276 6277 -1 6278 6279 6280 6281 -1 6282 6283 6284 6285 -1 6286 6287 6288 6289 -1 6290 6291 6292 6293 -1 6294 6295 6296 6297 -1 6298 6299 6300 6301 -1 6302 6303 6304 6305 -1 6306 6307 6308 6309 -1 6310 6311 6312 6313 -1 6314 6315 6316 6317 -1 6318 6319 6320 6321 -1 6322 6323 6324 6325 -1 6326 6327 6328 6329 -1 6330 6331 6332 6333 -1 6334 6335 6336 6337 -1 6338 6339 6340 6341 -1 6342 6343 6344 6345 -1 6346 6347 6348 6349 -1 6350 6351 6352 6353 -1 6354 6355 6356 6357 -1 6358 6359 6360 6361 -1 6362 6363 6364 6365 -1 6366 6367 6368 6369 -1 6370 6371 6372 6373 -1 6374 6375 6376 6377 -1 6378 6379 6380 6381 -1 6382 6383 6384 6385 -1 6386 6387 6388 6389 -1 6390 6391 6392 6393 -1 6394 6395 6396 6397 -1 6398 6399 6400 6401 -1 6402 6403 6404 6405 -1 6406 6407 6408 6409 -1 6410 6411 6412 6413 -1 6414 6415 6416 6417 -1 6418 6419 6420 6421 -1 6422 6423 6424 6425 -1 6426 6427 6428 6429 -1 6430 6431 6432 6433 -1 6434 6435 6436 6437 -1 6438 6439 6440 6441 -1 6442 6443 6444 6445 -1 6446 6447 6448 6449 -1 6450 6451 6452 6453 -1 6454 6455 6456 6457 -1 6458 6459 6460 6461 -1 6462 6463 6464 6465 -1 6466 6467 6468 6469 -1 6470 6471 6472 6473 -1 6474 6475 6476 6477 -1 6478 6479 6480 6481 -1 6482 6483 6484 6485 -1 6486 6487 6488 6489 -1 6490 6491 6492 6493 -1 6494 6495 6496 6497 -1 6498 6499 6500 6501 -1 6502 6503 6504 6505 -1 6506 6507 6508 6509 -1 6510 6511 6512 6513 -1 6514 6515 6516 6517 -1 6518 6519 6520 6521 -1 6522 6523 6524 6525 -1 6526 6527 6528 6529 -1 6530 6531 6532 6533 -1 6534 6535 6536 6537 -1 6538 6539 6540 6541 -1 6542 6543 6544 6545 -1 6546 6547 6548 6549 -1 6550 6551 6552 6553 -1 6554 6555 6556 6557 -1 6558 6559 6560 6561 -1 6562 6563 6564 6565 -1 6566 6567 6568 6569 -1 6570 6571 6572 6573 -1 6574 6575 6576 6577 -1 6578 6579 6580 6581 -1 6582 6583 6584 6585 -1 6586 6587 6588 6589 -1 6590 6591 6592 6593 -1 6594 6595 6596 6597 -1 6598 6599 6600 6601 -1 6602 6603 6604 6605 -1 6606 6607 6608 6609 -1 6610 6611 6612 6613 -1 6614 6615 6616 6617 -1 6618 6619 6620 6621 -1 6622 6623 6624 6625 -1 6626 6627 6628 6629 -1 6630 6631 6632 6633 -1 6634 6635 6636 6637 -1 6638 6639 6640 6641 -1 6642 6643 6644 6645 -1 6646 6647 6648 6649 -1 6650 6651 6652 6653 -1 6654 6655 6656 6657 -1 6658 6659 6660 6661 -1 6662 6663 6664 6665 -1 6666 6667 6668 6669 -1 6670 6671 6672 6673 -1 6674 6675 6676 6677 -1 6678 6679 6680 6681 -1 6682 6683 6684 6685 -1 6686 6687 6688 6689 -1 6690 6691 6692 6693 -1 6694 6695 6696 6697 -1 6698 6699 6700 6701 -1 6702 6703 6704 6705 -1 6706 6707 6708 6709 -1 6710 6711 6712 6713 -1 6714 6715 6716 6717 -1 6718 6719 6720 6721 -1 6722 6723 6724 6725 -1 6726 6727 6728 6729 -1 6730 6731 6732 6733 -1 6734 6735 6736 6737 -1 6738 6739 6740 6741 -1 6742 6743 6744 6745 -1 6746 6747 6748 6749 -1 6750 6751 6752 6753 -1 6754 6755 6756 6757 -1 6758 6759 6760 6761 -1 6762 6763 6764 6765 -1 6766 6767 6768 6769 -1 6770 6771 6772 6773 -1 6774 6775 6776 6777 -1 6778 6779 6780 6781 -1 6782 6783 6784 6785 -1 6786 6787 6788 6789 -1 6790 6791 6792 6793 -1 6794 6795 6796 6797 -1 6798 6799 6800 6801 -1 6802 6803 6804 6805 -1 6806 6807 6808 6809 -1 6810 6811 6812 6813 -1 6814 6815 6816 6817 -1 6818 6819 6820 6821 -1 6822 6823 6824 6825 -1 6826 6827 6828 6829 -1 6830 6831 6832 6833 -1 6834 6835 6836 6837 -1 6838 6839 6840 6841 -1 6842 6843 6844 6845 -1 6846 6847 6848 6849 -1 6850 6851 6852 6853 -1 6854 6855 6856 6857 -1 6858 6859 6860 6861 -1 6862 6863 6864 6865 -1 6866 6867 6868 6869 -1 6870 6871 6872 6873 -1 6874 6875 6876 6877 -1 6878 6879 6880 6881 -1 6882 6883 6884 6885 -1 6886 6887 6888 6889 -1 6890 6891 6892 6893 -1 6894 6895 6896 6897 -1 6898 6899 6900 6901 -1 6902 6903 6904 6905 -1 6906 6907 6908 6909 -1 6910 6911 6912 6913 -1 6914 6915 6916 6917 -1 6918 6919 6920 6921 -1 6922 6923 6924 6925 -1 6926 6927 6928 6929 -1 6930 6931 6932 6933 -1 6934 6935 6936 6937 -1 6938 6939 6940 6941 -1 6942 6943 6944 6945 -1 6946 6947 6948 6949 -1 6950 6951 6952 6953 -1 6954 6955 6956 6957 -1 6958 6959 6960 6961 -1 6962 6963 6964 6965 -1 6966 6967 6968 6969 -1 6970 6971 6972 6973 -1 6974 6975 6976 6977 -1 6978 6979 6980 6981 -1 6982 6983 6984 6985 -1 6986 6987 6988 6989 -1 6990 6991 6992 6993 -1 6994 6995 6996 6997 -1 6998 6999 7000 7001 -1 7002 7003 7004 7005 -1 7006 7007 7008 7009 -1 7010 7011 7012 7013 -1 7014 7015 7016 7017 -1 7018 7019 7020 7021 -1 7022 7023 7024 7025 -1 7026 7027 7028 7029 -1 7030 7031 7032 7033 -1 7034 7035 7036 7037 -1 7038 7039 7040 7041 -1 7042 7043 7044 7045 -1 7046 7047 7048 7049 -1 7050 7051 7052 7053 -1 7054 7055 7056 7057 -1 7058 7059 7060 7061 -1 7062 7063 7064 7065 -1 7066 7067 7068 7069 -1 7070 7071 7072 7073 -1 7074 7075 7076 7077 -1 7078 7079 7080 7081 -1 7082 7083 7084 7085 -1 7086 7087 7088 7089 -1 7090 7091 7092 7093 -1 7094 7095 7096 7097 -1 7098 7099 7100 7101 -1 7102 7103 7104 7105 -1 7106 7107 7108 7109 -1 7110 7111 7112 7113 -1 7114 7115 7116 7117 -1 7118 7119 7120 7121 -1 7122 7123 7124 7125 -1 7126 7127 7128 7129 -1 7130 7131 7132 7133 -1 7134 7135 7136 7137 -1 7138 7139 7140 7141 -1 7142 7143 7144 7145 -1 7146 7147 7148 7149 -1 7150 7151 7152 7153 -1 7154 7155 7156 7157 -1 7158 7159 7160 7161 -1 7162 7163 7164 7165 -1 7166 7167 7168 7169 -1 7170 7171 7172 7173 -1 7174 7175 7176 7177 -1 7178 7179 7180 7181 -1 7182 7183 7184 7185 -1 7186 7187 7188 7189 -1 7190 7191 7192 7193 -1 7194 7195 7196 7197 -1 7198 7199 7200 7201 -1 7202 7203 7204 7205 -1 7206 7207 7208 7209 -1 7210 7211 7212 7213 -1 7214 7215 7216 7217 -1 7218 7219 7220 7221 -1 7222 7223 7224 7225 -1 7226 7227 7228 7229 -1 7230 7231 7232 7233 -1 7234 7235 7236 7237 -1 7238 7239 7240 7241 -1 7242 7243 7244 7245 -1 7246 7247 7248 7249 -1 7250 7251 7252 7253 -1 7254 7255 7256 7257 -1 7258 7259 7260 7261 -1 7262 7263 7264 7265 -1 7266 7267 7268 7269 -1 7270 7271 7272 7273 -1 7274 7275 7276 7277 -1 7278 7279 7280 7281 -1 7282 7283 7284 7285 -1 7286 7287 7288 7289 -1 7290 7291 7292 7293 -1 7294 7295 7296 7297 -1 7298 7299 7300 7301 -1 7302 7303 7304 7305 -1 7306 7307 7308 7309 -1 7310 7311 7312 7313 -1 7314 7315 7316 7317 -1 7318 7319 7320 7321 -1 7322 7323 7324 7325 -1 7326 7327 7328 7329 -1 7330 7331 7332 7333 -1 7334 7335 7336 7337 -1 7338 7339 7340 7341 -1 7342 7343 7344 7345 -1 7346 7347 7348 7349 -1 7350 7351 7352 7353 -1 7354 7355 7356 7357 -1 7358 7359 7360 7361 -1 7362 7363 7364 7365 -1 7366 7367 7368 7369 -1 7370 7371 7372 7373 -1 7374 7375 7376 7377 -1 7378 7379 7380 7381 -1 7382 7383 7384 7385 -1 7386 7387 7388 7389 -1 7390 7391 7392 7393 -1 7394 7395 7396 7397 -1 7398 7399 7400 7401 -1 7402 7403 7404 7405 -1 7406 7407 7408 7409 -1 7410 7411 7412 7413 -1 7414 7415 7416 7417 -1 7418 7419 7420 7421 -1 7422 7423 7424 7425 -1 7426 7427 7428 7429 -1 7430 7431 7432 7433 -1 7434 7435 7436 7437 -1 7438 7439 7440 7441 -1 7442 7443 7444 7445 -1 7446 7447 7448 7449 -1 7450 7451 7452 7453 -1 7454 7455 7456 7457 -1 7458 7459 7460 7461 -1 7462 7463 7464 7465 -1 7466 7467 7468 7469 -1 7470 7471 7472 7473 -1 7474 7475 7476 7477 -1 7478 7479 7480 7481 -1 7482 7483 7484 7485 -1 7486 7487 7488 7489 -1 7490 7491 7492 7493 -1 7494 7495 7496 7497 -1 7498 7499 7500 7501 -1 7502 7503 7504 7505 -1 7506 7507 7508 7509 -1 7510 7511 7512 7513 -1 7514 7515 7516 7517 -1 7518 7519 7520 7521 -1 7522 7523 7524 7525 -1 7526 7527 7528 7529 -1 7530 7531 7532 7533 -1 7534 7535 7536 7537 -1 7538 7539 7540 7541 -1 7542 7543 7544 7545 -1 7546 7547 7548 7549 -1 7550 7551 7552 7553 -1 7554 7555 7556 7557 -1 7558 7559 7560 7561 -1 7562 7563 7564 7565 -1 7566 7567 7568 7569 -1 7570 7571 7572 7573 -1 7574 7575 7576 7577 -1 7578 7579 7580 7581 -1 7582 7583 7584 7585 -1 7586 7587 7588 7589 -1 7590 7591 7592 7593 -1 7594 7595 7596 7597 -1 7598 7599 7600 7601 -1 7602 7603 7604 7605 -1 7606 7607 7608 7609 -1 7610 7611 7612 7613 -1 7614 7615 7616 7617 -1 7618 7619 7620 7621 -1 7622 7623 7624 7625 -1 7626 7627 7628 7629 -1 7630 7631 7632 7633 -1 7634 7635 7636 7637 -1 7638 7639 7640 7641 -1 7642 7643 7644 7645 -1 7646 7647 7648 7649 -1 7650 7651 7652 7653 -1 7654 7655 7656 7657 -1 7658 7659 7660 7661 -1 7662 7663 7664 7665 -1 7666 7667 7668 7669 -1 7670 7671 7672 7673 -1 7674 7675 7676 7677 -1 7678 7679 7680 7681 -1 7682 7683 7684 7685 -1 7686 7687 7688 7689 -1 7690 7691 7692 7693 -1 7694 7695 7696 7697 -1 7698 7699 7700 7701 -1 7702 7703 7704 7705 -1 7706 7707 7708 7709 -1 7710 7711 7712 7713 -1 7714 7715 7716 7717 -1 7718 7719 7720 7721 -1 7722 7723 7724 7725 -1 7726 7727 7728 7729 -1 7730 7731 7732 7733 -1 7734 7735 7736 7737 -1 7738 7739 7740 7741 -1 7742 7743 7744 7745 -1 7746 7747 7748 7749 -1 7750 7751 7752 7753 -1 7754 7755 7756 7757 -1 7758 7759 7760 7761 -1 7762 7763 7764 7765 -1 7766 7767 7768 7769 -1 7770 7771 7772 7773 -1 7774 7775 7776 7777 -1 7778 7779 7780 7781 -1 7782 7783 7784 7785 -1 7786 7787 7788 7789 -1 7790 7791 7792 7793 -1 7794 7795 7796 7797 -1 7798 7799 7800 7801 -1 7802 7803 7804 7805 -1 7806 7807 7808 7809 -1 7810 7811 7812 7813 -1 7814 7815 7816 7817 -1 7818 7819 7820 7821 -1 7822 7823 7824 7825 -1 7826 7827 7828 7829 -1 7830 7831 7832 7833 -1 7834 7835 7836 7837 -1 7838 7839 7840 7841 -1 7842 7843 7844 7845 -1 7846 7847 7848 7849 -1 7850 7851 7852 7853 -1 7854 7855 7856 7857 -1 7858 7859 7860 7861 -1 7862 7863 7864 7865 -1 7866 7867 7868 7869 -1 7870 7871 7872 7873 -1 7874 7875 7876 7877 -1 7878 7879 7880 7881 -1 7882 7883 7884 7885 -1 7886 7887 7888 7889 -1 7890 7891 7892 7893 -1 7894 7895 7896 7897 -1 7898 7899 7900 7901 -1 7902 7903 7904 7905 -1 7906 7907 7908 7909 -1 7910 7911 7912 7913 -1 7914 7915 7916 7917 -1 7918 7919 7920 7921 -1 7922 7923 7924 7925 -1 7926 7927 7928 7929 -1 7930 7931 7932 7933 -1 7934 7935 7936 7937 -1 7938 7939 7940 7941 -1 7942 7943 7944 7945 -1 7946 7947 7948 7949 -1 7950 7951 7952 7953 -1 7954 7955 7956 7957 -1 7958 7959 7960 7961 -1 7962 7963 7964 7965 -1 7966 7967 7968 7969 -1 7970 7971 7972 7973 -1 7974 7975 7976 7977 -1 7978 7979 7980 7981 -1 7982 7983 7984 7985 -1 7986 7987 7988 7989 -1 7990 7991 7992 7993 -1 7994 7995 7996 7997 -1 7998 7999 8000 8001 -1 8002 8003 8004 8005 -1 8006 8007 8008 8009 -1 8010 8011 8012 8013 -1 8014 8015 8016 8017 -1 8018 8019 8020 8021 -1 8022 8023 8024 8025 -1 8026 8027 8028 8029 -1 8030 8031 8032 8033 -1 8034 8035 8036 8037 -1 8038 8039 8040 8041 -1 8042 8043 8044 8045 -1 8046 8047 8048 8049 -1 8050 8051 8052 8053 -1 8054 8055 8056 8057 -1 8058 8059 8060 8061 -1 8062 8063 8064 8065 -1 8066 8067 8068 8069 -1 8070 8071 8072 8073 -1 8074 8075 8076 8077 -1 8078 8079 8080 8081 -1 8082 8083 8084 8085 -1 8086 8087 8088 8089 -1 8090 8091 8092 8093 -1 8094 8095 8096 8097 -1 8098 8099 8100 8101 -1 8102 8103 8104 8105 -1 8106 8107 8108 8109 -1 8110 8111 8112 8113 -1 8114 8115 8116 8117 -1 8118 8119 8120 8121 -1 8122 8123 8124 8125 -1 8126 8127 8128 8129 -1 8130 8131 8132 8133 -1 8134 8135 8136 8137 -1 8138 8139 8140 8141 -1 8142 8143 8144 8145 -1 8146 8147 8148 8149 -1 8150 8151 8152 8153 -1 8154 8155 8156 8157 -1 8158 8159 8160 8161 -1 8162 8163 8164 8165 -1 8166 8167 8168 8169 -1 8170 8171 8172 8173 -1 8174 8175 8176 8177 -1 8178 8179 8180 8181 -1 8182 8183 8184 8185 -1 8186 8187 8188 8189 -1 8190 8191 8192 8193 -1 8194 8195 8196 8197 -1 8198 8199 8200 8201 -1 8202 8203 8204 8205 -1 8206 8207 8208 8209 -1 8210 8211 8212 8213 -1 8214 8215 8216 8217 -1 8218 8219 8220 8221 -1 8222 8223 8224 8225 -1 8226 8227 8228 8229 -1 8230 8231 8232 8233 -1 8234 8235 8236 8237 -1 8238 8239 8240 8241 -1 8242 8243 8244 8245 -1 8246 8247 8248 8249 -1 8250 8251 8252 8253 -1 8254 8255 8256 8257 -1 8258 8259 8260 8261 -1 8262 8263 8264 8265 -1 8266 8267 8268 8269 -1 8270 8271 8272 8273 -1 8274 8275 8276 8277 -1 8278 8279 8280 8281 -1 8282 8283 8284 8285 -1 8286 8287 8288 8289 -1 8290 8291 8292 8293 -1 8294 8295 8296 8297 -1 8298 8299 8300 8301 -1 8302 8303 8304 8305 -1 8306 8307 8308 8309 -1 8310 8311 8312 8313 -1 8314 8315 8316 8317 -1 8318 8319 8320 8321 -1 8322 8323 8324 8325 -1 8326 8327 8328 8329 -1 8330 8331 8332 8333 -1 8334 8335 8336 8337 -1 8338 8339 8340 8341 -1 8342 8343 8344 8345 -1 8346 8347 8348 8349 -1 8350 8351 8352 8353 -1 8354 8355 8356 8357 -1 8358 8359 8360 8361 -1 8362 8363 8364 8365 -1 8366 8367 8368 8369 -1 8370 8371 8372 8373 -1 8374 8375 8376 8377 -1 8378 8379 8380 8381 -1 8382 8383 8384 8385 -1 8386 8387 8388 8389 -1 8390 8391 8392 8393 -1 8394 8395 8396 8397 -1 8398 8399 8400 8401 -1 8402 8403 8404 8405 -1 8406 8407 8408 8409 -1 8410 8411 8412 8413 -1 8414 8415 8416 8417 -1 8418 8419 8420 8421 -1 8422 8423 8424 8425 -1 8426 8427 8428 8429 -1 8430 8431 8432 8433 -1 8434 8435 8436 8437 -1 8438 8439 8440 8441 -1 8442 8443 8444 8445 -1 8446 8447 8448 8449 -1 8450 8451 8452 8453 -1 8454 8455 8456 8457 -1 8458 8459 8460 8461 -1 8462 8463 8464 8465 -1 8466 8467 8468 8469 -1 8470 8471 8472 8473 -1 8474 8475 8476 8477 -1 8478 8479 8480 8481 -1 8482 8483 8484 8485 -1 8486 8487 8488 8489 -1 8490 8491 8492 8493 -1 8494 8495 8496 8497 -1 8498 8499 8500 8501 -1 8502 8503 8504 8505 -1 8506 8507 8508 8509 -1 8510 8511 8512 8513 -1 8514 8515 8516 8517 -1 8518 8519 8520 8521 -1 8522 8523 8524 8525 -1 8526 8527 8528 8529 -1 8530 8531 8532 8533 -1 8534 8535 8536 8537 -1 8538 8539 8540 8541 -1 8542 8543 8544 8545 -1 8546 8547 8548 8549 -1 8550 8551 8552 8553 -1 8554 8555 8556 8557 -1 8558 8559 8560 8561 -1 8562 8563 8564 8565 -1 8566 8567 8568 8569 -1 8570 8571 8572 8573 -1 8574 8575 8576 8577 -1 8578 8579 8580 8581 -1 8582 8583 8584 8585 -1 8586 8587 8588 8589 -1 8590 8591 8592 8593 -1 8594 8595 8596 8597 -1 8598 8599 8600 8601 -1 8602 8603 8604 8605 -1 8606 8607 8608 8609 -1 8610 8611 8612 8613 -1 8614 8615 8616 8617 -1 8618 8619 8620 8621 -1 8622 8623 8624 8625 -1 8626 8627 8628 8629 -1 8630 8631 8632 8633 -1 8634 8635 8636 8637 -1 8638 8639 8640 8641 -1 8642 8643 8644 8645 -1 8646 8647 8648 8649 -1 8650 8651 8652 8653 -1 8654 8655 8656 8657 -1 8658 8659 8660 8661 -1 8662 8663 8664 8665 -1 8666 8667 8668 8669 -1 8670 8671 8672 8673 -1 8674 8675 8676 8677 -1 8678 8679 8680 8681 -1 8682 8683 8684 8685 -1 8686 8687 8688 8689 -1 8690 8691 8692 8693 -1 8694 8695 8696 8697 -1 8698 8699 8700 8701 -1 8702 8703 8704 8705 -1 8706 8707 8708 8709 -1 8710 8711 8712 8713 -1 8714 8715 8716 8717 -1 8718 8719 8720 8721 -1 8722 8723 8724 8725 -1 8726 8727 8728 8729 -1 8730 8731 8732 8733 -1 8734 8735 8736 8737 -1 8738 8739 8740 8741 -1 8742 8743 8744 8745 -1 8746 8747 8748 8749 -1 8750 8751 8752 8753 -1 8754 8755 8756 8757 -1 8758 8759 8760 8761 -1 8762 8763 8764 8765 -1 8766 8767 8768 8769 -1 8770 8771 8772 8773 -1 8774 8775 8776 8777 -1 8778 8779 8780 8781 -1 8782 8783 8784 8785 -1 8786 8787 8788 8789 -1 8790 8791 8792 8793 -1 8794 8795 8796 8797 -1 8798 8799 8800 8801 -1 8802 8803 8804 8805 -1 8806 8807 8808 8809 -1 8810 8811 8812 8813 -1 8814 8815 8816 8817 -1 8818 8819 8820 8821 -1 8822 8823 8824 8825 -1 8826 8827 8828 8829 -1 8830 8831 8832 8833 -1 8834 8835 8836 8837 -1 8838 8839 8840 8841 -1 8842 8843 8844 8845 -1 8846 8847 8848 8849 -1 8850 8851 8852 8853 -1 8854 8855 8856 8857 -1 8858 8859 8860 8861 -1 8862 8863 8864 8865 -1 8866 8867 8868 8869 -1 8870 8871 8872 8873 -1 8874 8875 8876 8877 -1 8878 8879 8880 8881 -1 8882 8883 8884 8885 -1 8886 8887 8888 8889 -1 8890 8891 8892 8893 -1 8894 8895 8896 8897 -1 8898 8899 8900 8901 -1 8902 8903 8904 8905 -1 8906 8907 8908 8909 -1 8910 8911 8912 8913 -1 8914 8915 8916 8917 -1 8918 8919 8920 8921 -1 8922 8923 8924 8925 -1 8926 8927 8928 8929 -1 8930 8931 8932 8933 -1 8934 8935 8936 8937 -1 8938 8939 8940 8941 -1 8942 8943 8944 8945 -1 8946 8947 8948 8949 -1 8950 8951 8952 8953 -1 8954 8955 8956 8957 -1 8958 8959 8960 8961 -1 8962 8963 8964 8965 -1 8966 8967 8968 8969 -1 8970 8971 8972 8973 -1 8974 8975 8976 8977 -1 8978 8979 8980 8981 -1 8982 8983 8984 8985 -1 8986 8987 8988 8989 -1 8990 8991 8992 8993 -1 8994 8995 8996 8997 -1 8998 8999 9000 9001 -1 9002 9003 9004 9005 -1 9006 9007 9008 9009 -1 9010 9011 9012 9013 -1 9014 9015 9016 9017 -1 9018 9019 9020 9021 -1 9022 9023 9024 9025 -1 9026 9027 9028 9029 -1 9030 9031 9032 9033 -1 9034 9035 9036 9037 -1 9038 9039 9040 9041 -1 9042 9043 9044 9045 -1 9046 9047 9048 9049 -1 9050 9051 9052 9053 -1 9054 9055 9056 9057 -1 9058 9059 9060 9061 -1 9062 9063 9064 9065 -1 9066 9067 9068 9069 -1 9070 9071 9072 9073 -1 9074 9075 9076 9077 -1 9078 9079 9080 9081 -1 9082 9083 9084 9085 -1 9086 9087 9088 9089 -1 9090 9091 9092 9093 -1 9094 9095 9096 9097 -1 9098 9099 9100 9101 -1 9102 9103 9104 9105 -1 9106 9107 9108 9109 -1 9110 9111 9112 9113 -1 9114 9115 9116 9117 -1 9118 9119 9120 9121 -1 9122 9123 9124 9125 -1 9126 9127 9128 9129 -1 9130 9131 9132 9133 -1 9134 9135 9136 9137 -1 9138 9139 9140 9141 -1 9142 9143 9144 9145 -1 9146 9147 9148 9149 -1 9150 9151 9152 9153 -1 9154 9155 9156 9157 -1 9158 9159 9160 9161 -1 9162 9163 9164 9165 -1 9166 9167 9168 9169 -1 9170 9171 9172 9173 -1 9174 9175 9176 9177 -1 9178 9179 9180 9181 -1 9182 9183 9184 9185 -1 9186 9187 9188 9189 -1 9190 9191 9192 9193 -1 9194 9195 9196 9197 -1 9198 9199 9200 9201 -1 9202 9203 9204 9205 -1 9206 9207 9208 9209 -1 9210 9211 9212 9213 -1 9214 9215 9216 9217 -1 9218 9219 9220 9221 -1 9222 9223 9224 9225 -1 9226 9227 9228 9229 -1 9230 9231 9232 9233 -1 9234 9235 9236 9237 -1 9238 9239 9240 9241 -1 9242 9243 9244 9245 -1 9246 9247 9248 9249 -1 9250 9251 9252 9253 -1 9254 9255 9256 9257 -1 9258 9259 9260 9261 -1 9262 9263 9264 9265 -1 9266 9267 9268 9269 -1 9270 9271 9272 9273 -1 9274 9275 9276 9277 -1 9278 9279 9280 9281 -1 9282 9283 9284 9285 -1 9286 9287 9288 9289 -1 9290 9291 9292 9293 -1 9294 9295 9296 9297 -1 9298 9299 9300 9301 -1 9302 9303 9304 9305 -1 9306 9307 9308 9309 -1 9310 9311 9312 9313 -1 9314 9315 9316 9317 -1 9318 9319 9320 9321 -1 9322 9323 9324 9325 -1 9326 9327 9328 9329 -1 9330 9331 9332 9333 -1 9334 9335 9336 9337 -1 9338 9339 9340 9341 -1 9342 9343 9344 9345 -1 9346 9347 9348 9349 -1 9350 9351 9352 9353 -1 9354 9355 9356 9357 -1 9358 9359 9360 9361 -1 9362 9363 9364 9365 -1 9366 9367 9368 9369 -1 9370 9371 9372 9373 -1 9374 9375 9376 9377 -1 9378 9379 9380 9381 -1 9382 9383 9384 9385 -1 9386 9387 9388 9389 -1 9390 9391 9392 9393 -1 9394 9395 9396 9397 -1 9398 9399 9400 9401 -1 9402 9403 9404 9405 -1 9406 9407 9408 9409 -1 9410 9411 9412 9413 -1 9414 9415 9416 9417 -1 9418 9419 9420 9421 -1 9422 9423 9424 9425 -1 9426 9427 9428 9429 -1 9430 9431 9432 9433 -1 9434 9435 9436 9437 -1 9438 9439 9440 9441 -1 9442 9443 9444 9445 -1 9446 9447 9448 9449 -1 9450 9451 9452 9453 -1 9454 9455 9456 9457 -1 9458 9459 9460 9461 -1 9462 9463 9464 9465 -1 9466 9467 9468 9469 -1 9470 9471 9472 9473 -1 9474 9475 9476 9477 -1 9478 9479 9480 9481 -1 9482 9483 9484 9485 -1 9486 9487 9488 9489 -1 9490 9491 9492 9493 -1 9494 9495 9496 9497 -1 9498 9499 9500 9501 -1 9502 9503 9504 9505 -1 9506 9507 9508 9509 -1 9510 9511 9512 9513 -1 9514 9515 9516 9517 -1 9518 9519 9520 9521 -1 9522 9523 9524 9525 -1 9526 9527 9528 9529 -1 9530 9531 9532 9533 -1 9534 9535 9536 9537 -1 9538 9539 9540 9541 -1 9542 9543 9544 9545 -1 9546 9547 9548 9549 -1 9550 9551 9552 9553 -1 9554 9555 9556 9557 -1 9558 9559 9560 9561 -1 9562 9563 9564 9565 -1 9566 9567 9568 9569 -1 9570 9571 9572 9573 -1 9574 9575 9576 9577 -1 9578 9579 9580 9581 -1 9582 9583 9584 9585 -1 9586 9587 9588 9589 -1 9590 9591 9592 9593 -1 9594 9595 9596 9597 -1 9598 9599 9600 9601 -1 9602 9603 9604 9605 -1 9606 9607 9608 9609 -1 9610 9611 9612 9613 -1 9614 9615 9616 9617 -1 9618 9619 9620 9621 -1 9622 9623 9624 9625 -1 9626 9627 9628 9629 -1 9630 9631 9632 9633 -1 9634 9635 9636 9637 -1 "
						                coordIndex="584 577 3 513 -1 701 694 5 514 -1 719 712 7 515 -1 737 730 9 516 -1 755 748 11 517 -1 773 766 13 518 -1 791 784 15 519 -1 809 802 17 520 -1 827 820 19 521 -1 845 838 21 522 -1 863 856 23 523 -1 881 874 25 524 -1 899 892 27 525 -1 917 910 29 526 -1 935 928 31 527 -1 953 946 33 528 -1 971 964 35 529 -1 989 982 37 530 -1 1007 1000 39 531 -1 1025 1018 41 532 -1 1043 1036 43 533 -1 1061 1054 45 534 -1 1079 1072 47 535 -1 1097 1090 49 536 -1 1115 1108 51 537 -1 1133 1126 53 538 -1 1151 1144 55 539 -1 674 667 57 540 -1 656 649 59 541 -1 638 631 61 542 -1 3 577 95 585 1 595 97 603 63 613 99 621 61 631 101 639 59 649 103 657 57 667 105 675 55 1144 107 1134 53 1126 109 1116 51 1108 111 1098 49 1090 113 1080 47 1072 115 1062 45 1054 117 1044 43 1036 119 1026 41 1018 121 1008 39 1000 123 990 37 982 125 972 35 964 127 954 33 946 81 936 31 928 79 918 29 910 77 900 27 892 75 882 25 874 83 864 23 856 65 846 21 838 67 828 19 820 69 810 17 802 71 792 15 784 73 774 13 766 85 756 11 748 87 738 9 730 89 720 7 712 91 702 5 694 93 684 -1 620 613 63 543 -1 602 595 1 512 -1 0 586 94 576 2 685 92 693 4 703 90 711 6 721 88 729 8 739 86 747 10 757 84 765 12 775 72 783 14 793 70 801 16 811 68 819 18 829 66 837 20 847 64 855 22 865 82 873 24 883 74 891 26 901 76 909 28 919 78 927 30 937 80 945 32 955 126 963 34 973 124 981 36 991 122 999 38 1009 120 1017 40 1027 118 1035 42 1045 116 1053 44 1063 114 1071 46 1081 112 1089 48 1099 110 1107 50 1117 108 1125 52 1135 106 1143 54 676 104 666 56 658 102 648 58 640 100 630 60 622 98 612 62 604 96 594 -1 854 846 65 544 -1 836 828 67 545 -1 818 810 69 546 -1 800 792 71 547 -1 782 774 73 548 -1 890 882 75 549 -1 908 900 77 550 -1 926 918 79 551 -1 944 936 81 552 -1 872 864 83 553 -1 764 756 85 554 -1 746 738 87 555 -1 728 720 89 556 -1 710 702 91 557 -1 692 684 93 558 -1 593 585 95 559 -1 611 603 97 560 -1 629 621 99 561 -1 647 639 101 562 -1 665 657 103 563 -1 683 675 105 564 -1 1142 1134 107 565 -1 1124 1116 109 566 -1 1106 1098 111 567 -1 1088 1080 113 568 -1 1070 1062 115 569 -1 1052 1044 117 570 -1 1034 1026 119 571 -1 1016 1008 121 572 -1 998 990 123 573 -1 980 972 125 574 -1 962 954 127 575 -1 958 956 191 318 -1 976 974 190 317 -1 994 992 189 316 -1 1012 1010 188 315 -1 1030 1028 187 314 -1 1048 1046 186 313 -1 1066 1064 185 312 -1 1084 1082 184 311 -1 1102 1100 183 310 -1 1120 1118 182 309 -1 1138 1136 181 308 -1 679 677 180 307 -1 661 659 179 306 -1 643 641 178 305 -1 625 623 177 304 -1 607 605 176 303 -1 589 587 175 302 -1 688 686 174 301 -1 706 704 173 300 -1 724 722 172 299 -1 742 740 171 298 -1 760 758 170 297 -1 868 866 169 296 -1 940 938 168 295 -1 922 920 167 294 -1 904 902 166 293 -1 886 884 165 292 -1 778 776 164 291 -1 796 794 163 290 -1 814 812 162 289 -1 832 830 161 288 -1 850 848 160 287 -1 598 596 128 319 -1 616 614 159 286 -1 634 632 158 285 -1 652 650 157 284 -1 670 668 156 283 -1 1147 1145 155 282 -1 1129 1127 154 281 -1 1111 1109 153 280 -1 1093 1091 152 279 -1 1075 1073 151 278 -1 1057 1055 150 277 -1 1039 1037 149 276 -1 1021 1019 148 275 -1 1003 1001 147 274 -1 985 983 146 273 -1 967 965 145 272 -1 949 947 144 271 -1 931 929 143 270 -1 913 911 142 269 -1 895 893 141 268 -1 877 875 140 267 -1 859 857 139 266 -1 841 839 138 265 -1 823 821 137 264 -1 805 803 136 263 -1 787 785 135 262 -1 769 767 134 261 -1 751 749 133 260 -1 733 731 132 259 -1 715 713 131 258 -1 697 695 130 257 -1 580 578 129 256 -1 956 957 255 191 -1 974 975 254 190 -1 992 993 253 189 -1 1010 1011 252 188 -1 1028 1029 251 187 -1 1046 1047 250 186 -1 1064 1065 249 185 -1 1082 1083 248 184 -1 1100 1101 247 183 -1 1118 1119 246 182 -1 1136 1137 245 181 -1 677 678 244 180 -1 659 660 243 179 -1 641 642 242 178 -1 623 624 241 177 -1 605 606 240 176 -1 587 588 239 175 -1 686 687 238 174 -1 704 705 237 173 -1 722 723 236 172 -1 740 741 235 171 -1 758 759 234 170 -1 866 867 233 169 -1 938 939 232 168 -1 920 921 231 167 -1 902 903 230 166 -1 884 885 229 165 -1 776 777 228 164 -1 794 795 227 163 -1 812 813 226 162 -1 830 831 225 161 -1 848 849 224 160 -1 596 597 192 128 -1 614 615 223 159 -1 632 633 222 158 -1 650 651 221 157 -1 668 669 220 156 -1 1145 1146 219 155 -1 1127 1128 218 154 -1 1109 1110 217 153 -1 1091 1092 216 152 -1 1073 1074 215 151 -1 1055 1056 214 150 -1 1037 1038 213 149 -1 1019 1020 212 148 -1 1001 1002 211 147 -1 983 984 210 146 -1 965 966 209 145 -1 947 948 208 144 -1 929 930 207 143 -1 911 912 206 142 -1 893 894 205 141 -1 875 876 204 140 -1 857 858 203 139 -1 839 840 202 138 -1 821 822 201 137 -1 803 804 200 136 -1 785 786 199 135 -1 767 768 198 134 -1 749 750 197 133 -1 731 732 196 132 -1 713 714 195 131 -1 695 696 194 130 -1 578 579 193 129 -1 582 580 256 384 -1 699 697 257 385 -1 717 715 258 386 -1 735 733 259 387 -1 753 751 260 388 -1 771 769 261 389 -1 789 787 262 390 -1 807 805 263 391 -1 825 823 264 392 -1 843 841 265 393 -1 861 859 266 394 -1 879 877 267 395 -1 897 895 268 396 -1 915 913 269 397 -1 933 931 270 398 -1 951 949 271 399 -1 969 967 272 400 -1 987 985 273 401 -1 1005 1003 274 402 -1 1023 1021 275 403 -1 1041 1039 276 404 -1 1059 1057 277 405 -1 1077 1075 278 406 -1 1095 1093 279 407 -1 1113 1111 280 408 -1 1131 1129 281 409 -1 1149 1147 282 410 -1 672 670 283 411 -1 654 652 284 412 -1 636 634 285 413 -1 618 616 286 414 -1 600 598 319 447 -1 852 850 287 415 -1 834 832 288 416 -1 816 814 289 417 -1 798 796 290 418 -1 780 778 291 419 -1 888 886 292 420 -1 906 904 293 421 -1 924 922 294 422 -1 942 940 295 423 -1 870 868 296 424 -1 762 760 297 425 -1 744 742 298 426 -1 726 724 299 427 -1 708 706 300 428 -1 690 688 301 429 -1 591 589 302 430 -1 609 607 303 431 -1 627 625 304 432 -1 645 643 305 433 -1 663 661 306 434 -1 681 679 307 435 -1 1140 1138 308 436 -1 1122 1120 309 437 -1 1104 1102 310 438 -1 1086 1084 311 439 -1 1068 1066 312 440 -1 1050 1048 313 441 -1 1032 1030 314 442 -1 1014 1012 315 443 -1 996 994 316 444 -1 978 976 317 445 -1 960 958 318 446 -1 957 959 383 255 -1 975 977 382 254 -1 993 995 381 253 -1 1011 1013 380 252 -1 1029 1031 379 251 -1 1047 1049 378 250 -1 1065 1067 377 249 -1 1083 1085 376 248 -1 1101 1103 375 247 -1 1119 1121 374 246 -1 1137 1139 373 245 -1 678 680 372 244 -1 660 662 371 243 -1 642 644 370 242 -1 624 626 369 241 -1 606 608 368 240 -1 588 590 367 239 -1 687 689 366 238 -1 705 707 365 237 -1 723 725 364 236 -1 741 743 363 235 -1 759 761 362 234 -1 867 869 361 233 -1 939 941 360 232 -1 921 923 359 231 -1 903 905 358 230 -1 885 887 357 229 -1 777 779 356 228 -1 795 797 355 227 -1 813 815 354 226 -1 831 833 353 225 -1 849 851 352 224 -1 597 599 320 192 -1 615 617 351 223 -1 633 635 350 222 -1 651 653 349 221 -1 669 671 348 220 -1 1146 1148 347 219 -1 1128 1130 346 218 -1 1110 1112 345 217 -1 1092 1094 344 216 -1 1074 1076 343 215 -1 1056 1058 342 214 -1 1038 1040 341 213 -1 1020 1022 340 212 -1 1002 1004 339 211 -1 984 986 338 210 -1 966 968 337 209 -1 948 950 336 208 -1 930 932 335 207 -1 912 914 334 206 -1 894 896 333 205 -1 876 878 332 204 -1 858 860 331 203 -1 840 842 330 202 -1 822 824 329 201 -1 804 806 328 200 -1 786 788 327 199 -1 768 770 326 198 -1 750 752 325 197 -1 732 734 324 196 -1 714 716 323 195 -1 696 698 322 194 -1 579 581 321 193 -1 961 960 446 510 -1 979 978 445 509 -1 997 996 444 508 -1 1015 1014 443 507 -1 1033 1032 442 506 -1 1051 1050 441 505 -1 1069 1068 440 504 -1 1087 1086 439 503 -1 1105 1104 438 502 -1 1123 1122 437 501 -1 1141 1140 436 500 -1 682 681 435 499 -1 664 663 434 498 -1 646 645 433 497 -1 628 627 432 496 -1 610 609 431 495 -1 592 591 430 494 -1 691 690 429 493 -1 709 708 428 492 -1 727 726 427 491 -1 745 744 426 490 -1 763 762 425 489 -1 871 870 424 488 -1 943 942 423 487 -1 925 924 422 486 -1 907 906 421 485 -1 889 888 420 484 -1 781 780 419 483 -1 799 798 418 482 -1 817 816 417 481 -1 835 834 416 480 -1 853 852 415 479 -1 601 600 447 511 -1 619 618 414 478 -1 637 636 413 477 -1 655 654 412 476 -1 673 672 411 475 -1 1150 1149 410 474 -1 1132 1131 409 473 -1 1114 1113 408 472 -1 1096 1095 407 471 -1 1078 1077 406 470 -1 1060 1059 405 469 -1 1042 1041 404 468 -1 1024 1023 403 467 -1 1006 1005 402 466 -1 988 987 401 465 -1 970 969 400 464 -1 952 951 399 463 -1 934 933 398 462 -1 916 915 397 461 -1 898 897 396 460 -1 880 879 395 459 -1 862 861 394 458 -1 844 843 393 457 -1 826 825 392 456 -1 808 807 391 455 -1 790 789 390 454 -1 772 771 389 453 -1 754 753 388 452 -1 736 735 387 451 -1 718 717 386 450 -1 700 699 385 449 -1 583 582 384 448 -1 576 583 448 2 -1 693 700 449 4 -1 711 718 450 6 -1 729 736 451 8 -1 747 754 452 10 -1 765 772 453 12 -1 783 790 454 14 -1 801 808 455 16 -1 819 826 456 18 -1 837 844 457 20 -1 855 862 458 22 -1 873 880 459 24 -1 891 898 460 26 -1 909 916 461 28 -1 927 934 462 30 -1 945 952 463 32 -1 963 970 464 34 -1 981 988 465 36 -1 999 1006 466 38 -1 1017 1024 467 40 -1 1035 1042 468 42 -1 1053 1060 469 44 -1 1071 1078 470 46 -1 1089 1096 471 48 -1 1107 1114 472 50 -1 1125 1132 473 52 -1 1143 1150 474 54 -1 666 673 475 56 -1 648 655 476 58 -1 630 637 477 60 -1 612 619 478 62 -1 594 601 511 0 -1 847 853 479 64 -1 829 835 480 66 -1 811 817 481 68 -1 793 799 482 70 -1 775 781 483 72 -1 883 889 484 74 -1 901 907 485 76 -1 919 925 486 78 -1 937 943 487 80 -1 865 871 488 82 -1 757 763 489 84 -1 739 745 490 86 -1 721 727 491 88 -1 703 709 492 90 -1 685 691 493 92 -1 586 592 494 94 -1 604 610 495 96 -1 622 628 496 98 -1 640 646 497 100 -1 658 664 498 102 -1 676 682 499 104 -1 1135 1141 500 106 -1 1117 1123 501 108 -1 1099 1105 502 110 -1 1081 1087 503 112 -1 1063 1069 504 114 -1 1045 1051 505 116 -1 1027 1033 506 118 -1 1009 1015 507 120 -1 991 997 508 122 -1 973 979 509 124 -1 955 961 510 126 -1 959 962 575 383 -1 977 980 574 382 -1 995 998 573 381 -1 1013 1016 572 380 -1 1031 1034 571 379 -1 1049 1052 570 378 -1 1067 1070 569 377 -1 1085 1088 568 376 -1 1103 1106 567 375 -1 1121 1124 566 374 -1 1139 1142 565 373 -1 680 683 564 372 -1 662 665 563 371 -1 644 647 562 370 -1 626 629 561 369 -1 608 611 560 368 -1 590 593 559 367 -1 689 692 558 366 -1 707 710 557 365 -1 725 728 556 364 -1 743 746 555 363 -1 761 764 554 362 -1 869 872 553 361 -1 941 944 552 360 -1 923 926 551 359 -1 905 908 550 358 -1 887 890 549 357 -1 779 782 548 356 -1 797 800 547 355 -1 815 818 546 354 -1 833 836 545 353 -1 851 854 544 352 -1 599 602 512 320 -1 617 620 543 351 -1 635 638 542 350 -1 653 656 541 349 -1 671 674 540 348 -1 1148 1151 539 347 -1 1130 1133 538 346 -1 1112 1115 537 345 -1 1094 1097 536 344 -1 1076 1079 535 343 -1 1058 1061 534 342 -1 1040 1043 533 341 -1 1022 1025 532 340 -1 1004 1007 531 339 -1 986 989 530 338 -1 968 971 529 337 -1 950 953 528 336 -1 932 935 527 335 -1 914 917 526 334 -1 896 899 525 333 -1 878 881 524 332 -1 860 863 523 331 -1 842 845 522 330 -1 824 827 521 329 -1 806 809 520 328 -1 788 791 519 327 -1 770 773 518 326 -1 752 755 517 325 -1 734 737 516 324 -1 716 719 515 323 -1 698 701 514 322 -1 581 584 513 321 -1 367 559 584 581 -1 94 494 583 576 -1 494 430 582 583 -1 239 367 581 579 -1 430 302 580 582 -1 175 239 579 578 -1 302 175 578 580 -1 559 95 577 584 -1 320 512 593 590 -1 0 511 592 586 -1 511 447 591 592 -1 192 320 590 588 -1 447 319 589 591 -1 128 192 588 587 -1 319 128 587 589 -1 512 1 585 593 -1 368 560 602 599 -1 96 495 601 594 -1 495 431 600 601 -1 240 368 599 597 -1 431 303 598 600 -1 176 240 597 596 -1 303 176 596 598 -1 560 97 595 602 -1 351 543 611 608 -1 62 478 610 604 -1 478 414 609 610 -1 223 351 608 606 -1 414 286 607 609 -1 159 223 606 605 -1 286 159 605 607 -1 543 63 603 611 -1 369 561 620 617 -1 98 496 619 612 -1 496 432 618 619 -1 241 369 617 615 -1 432 304 616 618 -1 177 241 615 614 -1 304 177 614 616 -1 561 99 613 620 -1 350 542 629 626 -1 60 477 628 622 -1 477 413 627 628 -1 222 350 626 624 -1 413 285 625 627 -1 158 222 624 623 -1 285 158 623 625 -1 542 61 621 629 -1 370 562 638 635 -1 100 497 637 630 -1 497 433 636 637 -1 242 370 635 633 -1 433 305 634 636 -1 178 242 633 632 -1 305 178 632 634 -1 562 101 631 638 -1 349 541 647 644 -1 58 476 646 640 -1 476 412 645 646 -1 221 349 644 642 -1 412 284 643 645 -1 157 221 642 641 -1 284 157 641 643 -1 541 59 639 647 -1 371 563 656 653 -1 102 498 655 648 -1 498 434 654 655 -1 243 371 653 651 -1 434 306 652 654 -1 179 243 651 650 -1 306 179 650 652 -1 563 103 649 656 -1 348 540 665 662 -1 56 475 664 658 -1 475 411 663 664 -1 220 348 662 660 -1 411 283 661 663 -1 156 220 660 659 -1 283 156 659 661 -1 540 57 657 665 -1 372 564 674 671 -1 104 499 673 666 -1 499 435 672 673 -1 244 372 671 669 -1 435 307 670 672 -1 180 244 669 668 -1 307 180 668 670 -1 564 105 667 674 -1 347 539 683 680 -1 54 474 682 676 -1 474 410 681 682 -1 219 347 680 678 -1 410 282 679 681 -1 155 219 678 677 -1 282 155 677 679 -1 539 55 675 683 -1 321 513 692 689 -1 2 448 691 685 -1 448 384 690 691 -1 193 321 689 687 -1 384 256 688 690 -1 129 193 687 686 -1 256 129 686 688 -1 513 3 684 692 -1 366 558 701 698 -1 92 493 700 693 -1 493 429 699 700 -1 238 366 698 696 -1 429 301 697 699 -1 174 238 696 695 -1 301 174 695 697 -1 558 93 694 701 -1 322 514 710 707 -1 4 449 709 703 -1 449 385 708 709 -1 194 322 707 705 -1 385 257 706 708 -1 130 194 705 704 -1 257 130 704 706 -1 514 5 702 710 -1 365 557 719 716 -1 90 492 718 711 -1 492 428 717 718 -1 237 365 716 714 -1 428 300 715 717 -1 173 237 714 713 -1 300 173 713 715 -1 557 91 712 719 -1 323 515 728 725 -1 6 450 727 721 -1 450 386 726 727 -1 195 323 725 723 -1 386 258 724 726 -1 131 195 723 722 -1 258 131 722 724 -1 515 7 720 728 -1 364 556 737 734 -1 88 491 736 729 -1 491 427 735 736 -1 236 364 734 732 -1 427 299 733 735 -1 172 236 732 731 -1 299 172 731 733 -1 556 89 730 737 -1 324 516 746 743 -1 8 451 745 739 -1 451 387 744 745 -1 196 324 743 741 -1 387 259 742 744 -1 132 196 741 740 -1 259 132 740 742 -1 516 9 738 746 -1 363 555 755 752 -1 86 490 754 747 -1 490 426 753 754 -1 235 363 752 750 -1 426 298 751 753 -1 171 235 750 749 -1 298 171 749 751 -1 555 87 748 755 -1 325 517 764 761 -1 10 452 763 757 -1 452 388 762 763 -1 197 325 761 759 -1 388 260 760 762 -1 133 197 759 758 -1 260 133 758 760 -1 517 11 756 764 -1 362 554 773 770 -1 84 489 772 765 -1 489 425 771 772 -1 234 362 770 768 -1 425 297 769 771 -1 170 234 768 767 -1 297 170 767 769 -1 554 85 766 773 -1 326 518 782 779 -1 12 453 781 775 -1 453 389 780 781 -1 198 326 779 777 -1 389 261 778 780 -1 134 198 777 776 -1 261 134 776 778 -1 518 13 774 782 -1 356 548 791 788 -1 72 483 790 783 -1 483 419 789 790 -1 228 356 788 786 -1 419 291 787 789 -1 164 228 786 785 -1 291 164 785 787 -1 548 73 784 791 -1 327 519 800 797 -1 14 454 799 793 -1 454 390 798 799 -1 199 327 797 795 -1 390 262 796 798 -1 135 199 795 794 -1 262 135 794 796 -1 519 15 792 800 -1 355 547 809 806 -1 70 482 808 801 -1 482 418 807 808 -1 227 355 806 804 -1 418 290 805 807 -1 163 227 804 803 -1 290 163 803 805 -1 547 71 802 809 -1 328 520 818 815 -1 16 455 817 811 -1 455 391 816 817 -1 200 328 815 813 -1 391 263 814 816 -1 136 200 813 812 -1 263 136 812 814 -1 520 17 810 818 -1 354 546 827 824 -1 68 481 826 819 -1 481 417 825 826 -1 226 354 824 822 -1 417 289 823 825 -1 162 226 822 821 -1 289 162 821 823 -1 546 69 820 827 -1 329 521 836 833 -1 18 456 835 829 -1 456 392 834 835 -1 201 329 833 831 -1 392 264 832 834 -1 137 201 831 830 -1 264 137 830 832 -1 521 19 828 836 -1 353 545 845 842 -1 66 480 844 837 -1 480 416 843 844 -1 225 353 842 840 -1 416 288 841 843 -1 161 225 840 839 -1 288 161 839 841 -1 545 67 838 845 -1 330 522 854 851 -1 20 457 853 847 -1 457 393 852 853 -1 202 330 851 849 -1 393 265 850 852 -1 138 202 849 848 -1 265 138 848 850 -1 522 21 846 854 -1 352 544 863 860 -1 64 479 862 855 -1 479 415 861 862 -1 224 352 860 858 -1 415 287 859 861 -1 160 224 858 857 -1 287 160 857 859 -1 544 65 856 863 -1 331 523 872 869 -1 22 458 871 865 -1 458 394 870 871 -1 203 331 869 867 -1 394 266 868 870 -1 139 203 867 866 -1 266 139 866 868 -1 523 23 864 872 -1 361 553 881 878 -1 82 488 880 873 -1 488 424 879 880 -1 233 361 878 876 -1 424 296 877 879 -1 169 233 876 875 -1 296 169 875 877 -1 553 83 874 881 -1 332 524 890 887 -1 24 459 889 883 -1 459 395 888 889 -1 204 332 887 885 -1 395 267 886 888 -1 140 204 885 884 -1 267 140 884 886 -1 524 25 882 890 -1 357 549 899 896 -1 74 484 898 891 -1 484 420 897 898 -1 229 357 896 894 -1 420 292 895 897 -1 165 229 894 893 -1 292 165 893 895 -1 549 75 892 899 -1 333 525 908 905 -1 26 460 907 901 -1 460 396 906 907 -1 205 333 905 903 -1 396 268 904 906 -1 141 205 903 902 -1 268 141 902 904 -1 525 27 900 908 -1 358 550 917 914 -1 76 485 916 909 -1 485 421 915 916 -1 230 358 914 912 -1 421 293 913 915 -1 166 230 912 911 -1 293 166 911 913 -1 550 77 910 917 -1 334 526 926 923 -1 28 461 925 919 -1 461 397 924 925 -1 206 334 923 921 -1 397 269 922 924 -1 142 206 921 920 -1 269 142 920 922 -1 526 29 918 926 -1 359 551 935 932 -1 78 486 934 927 -1 486 422 933 934 -1 231 359 932 930 -1 422 294 931 933 -1 167 231 930 929 -1 294 167 929 931 -1 551 79 928 935 -1 335 527 944 941 -1 30 462 943 937 -1 462 398 942 943 -1 207 335 941 939 -1 398 270 940 942 -1 143 207 939 938 -1 270 143 938 940 -1 527 31 936 944 -1 360 552 953 950 -1 80 487 952 945 -1 487 423 951 952 -1 232 360 950 948 -1 423 295 949 951 -1 168 232 948 947 -1 295 168 947 949 -1 552 81 946 953 -1 336 528 962 959 -1 32 463 961 955 -1 463 399 960 961 -1 208 336 959 957 -1 399 271 958 960 -1 144 208 957 956 -1 271 144 956 958 -1 528 33 954 962 -1 383 575 971 968 -1 126 510 970 963 -1 510 446 969 970 -1 255 383 968 966 -1 446 318 967 969 -1 191 255 966 965 -1 318 191 965 967 -1 575 127 964 971 -1 337 529 980 977 -1 34 464 979 973 -1 464 400 978 979 -1 209 337 977 975 -1 400 272 976 978 -1 145 209 975 974 -1 272 145 974 976 -1 529 35 972 980 -1 382 574 989 986 -1 124 509 988 981 -1 509 445 987 988 -1 254 382 986 984 -1 445 317 985 987 -1 190 254 984 983 -1 317 190 983 985 -1 574 125 982 989 -1 338 530 998 995 -1 36 465 997 991 -1 465 401 996 997 -1 210 338 995 993 -1 401 273 994 996 -1 146 210 993 992 -1 273 146 992 994 -1 530 37 990 998 -1 381 573 1007 1004 -1 122 508 1006 999 -1 508 444 1005 1006 -1 253 381 1004 1002 -1 444 316 1003 1005 -1 189 253 1002 1001 -1 316 189 1001 1003 -1 573 123 1000 1007 -1 339 531 1016 1013 -1 38 466 1015 1009 -1 466 402 1014 1015 -1 211 339 1013 1011 -1 402 274 1012 1014 -1 147 211 1011 1010 -1 274 147 1010 1012 -1 531 39 1008 1016 -1 380 572 1025 1022 -1 120 507 1024 1017 -1 507 443 1023 1024 -1 252 380 1022 1020 -1 443 315 1021 1023 -1 188 252 1020 1019 -1 315 188 1019 1021 -1 572 121 1018 1025 -1 340 532 1034 1031 -1 40 467 1033 1027 -1 467 403 1032 1033 -1 212 340 1031 1029 -1 403 275 1030 1032 -1 148 212 1029 1028 -1 275 148 1028 1030 -1 532 41 1026 1034 -1 379 571 1043 1040 -1 118 506 1042 1035 -1 506 442 1041 1042 -1 251 379 1040 1038 -1 442 314 1039 1041 -1 187 251 1038 1037 -1 314 187 1037 1039 -1 571 119 1036 1043 -1 341 533 1052 1049 -1 42 468 1051 1045 -1 468 404 1050 1051 -1 213 341 1049 1047 -1 404 276 1048 1050 -1 149 213 1047 1046 -1 276 149 1046 1048 -1 533 43 1044 1052 -1 378 570 1061 1058 -1 116 505 1060 1053 -1 505 441 1059 1060 -1 250 378 1058 1056 -1 441 313 1057 1059 -1 186 250 1056 1055 -1 313 186 1055 1057 -1 570 117 1054 1061 -1 342 534 1070 1067 -1 44 469 1069 1063 -1 469 405 1068 1069 -1 214 342 1067 1065 -1 405 277 1066 1068 -1 150 214 1065 1064 -1 277 150 1064 1066 -1 534 45 1062 1070 -1 377 569 1079 1076 -1 114 504 1078 1071 -1 504 440 1077 1078 -1 249 377 1076 1074 -1 440 312 1075 1077 -1 185 249 1074 1073 -1 312 185 1073 1075 -1 569 115 1072 1079 -1 343 535 1088 1085 -1 46 470 1087 1081 -1 470 406 1086 1087 -1 215 343 1085 1083 -1 406 278 1084 1086 -1 151 215 1083 1082 -1 278 151 1082 1084 -1 535 47 1080 1088 -1 376 568 1097 1094 -1 112 503 1096 1089 -1 503 439 1095 1096 -1 248 376 1094 1092 -1 439 311 1093 1095 -1 184 248 1092 1091 -1 311 184 1091 1093 -1 568 113 1090 1097 -1 344 536 1106 1103 -1 48 471 1105 1099 -1 471 407 1104 1105 -1 216 344 1103 1101 -1 407 279 1102 1104 -1 152 216 1101 1100 -1 279 152 1100 1102 -1 536 49 1098 1106 -1 375 567 1115 1112 -1 110 502 1114 1107 -1 502 438 1113 1114 -1 247 375 1112 1110 -1 438 310 1111 1113 -1 183 247 1110 1109 -1 310 183 1109 1111 -1 567 111 1108 1115 -1 345 537 1124 1121 -1 50 472 1123 1117 -1 472 408 1122 1123 -1 217 345 1121 1119 -1 408 280 1120 1122 -1 153 217 1119 1118 -1 280 153 1118 1120 -1 537 51 1116 1124 -1 374 566 1133 1130 -1 108 501 1132 1125 -1 501 437 1131 1132 -1 246 374 1130 1128 -1 437 309 1129 1131 -1 182 246 1128 1127 -1 309 182 1127 1129 -1 566 109 1126 1133 -1 346 538 1142 1139 -1 52 473 1141 1135 -1 473 409 1140 1141 -1 218 346 1139 1137 -1 409 281 1138 1140 -1 154 218 1137 1136 -1 281 154 1136 1138 -1 538 53 1134 1142 -1 373 565 1151 1148 -1 106 500 1150 1143 -1 500 436 1149 1150 -1 245 373 1148 1146 -1 436 308 1147 1149 -1 181 245 1146 1145 -1 308 181 1145 1147 -1 565 107 1144 1151 -1 1190 1240 1290 1291 -1 1323 1325 1230 1170 -1 1283 1282 1157 1223 -1 1239 1189 1295 1293 -1 1320 1322 1231 1172 -1 1223 1157 1159 1224 -1 1192 1241 1287 1288 -1 1317 1319 1232 1174 -1 1340 1339 1161 1225 -1 1241 1193 1289 1287 -1 1314 1316 1233 1176 -1 1337 1336 1163 1226 -1 1194 1242 1284 1285 -1 1311 1313 1234 1178 -1 1334 1333 1165 1227 -1 1242 1195 1286 1284 -1 1308 1310 1235 1180 -1 1331 1330 1167 1228 -1 1222 1155 1282 1283 -1 1305 1307 1236 1182 -1 1328 1327 1169 1229 -1 1154 1222 1283 1281 -1 1302 1304 1237 1184 -1 1325 1324 1171 1230 -1 1216 1256 1278 1279 -1 1300 1299 1238 1186 -1 1322 1321 1173 1231 -1 1256 1217 1280 1278 -1 1297 1296 1239 1188 -1 1319 1318 1175 1232 -1 1214 1255 1275 1276 -1 1294 1293 1240 1190 -1 1316 1315 1177 1233 -1 1255 1215 1277 1275 -1 1291 1290 1241 1192 -1 1313 1312 1179 1234 -1 1212 1254 1272 1273 -1 1288 1287 1242 1194 -1 1310 1309 1181 1235 -1 1254 1213 1274 1272 -1 1285 1284 1243 1196 -1 1307 1306 1183 1236 -1 1210 1252 1269 1270 -1 1267 1266 1244 1198 -1 1304 1303 1185 1237 -1 1252 1211 1271 1269 -1 1264 1263 1246 1200 -1 1299 1301 1187 1238 -1 1196 1243 1266 1267 -1 1261 1260 1247 1202 -1 1296 1298 1189 1239 -1 1243 1197 1268 1266 -1 1258 1257 1248 1204 -1 1293 1295 1191 1240 -1 1198 1244 1263 1264 -1 1220 1245 1250 1206 -1 1290 1292 1193 1241 -1 1244 1199 1265 1263 -1 1218 1249 1251 1208 -1 1287 1289 1195 1242 -1 1200 1246 1260 1261 -1 1153 1253 1252 1210 -1 1284 1286 1197 1243 -1 1246 1201 1262 1260 -1 1204 1248 1245 1220 -1 1266 1268 1199 1244 -1 1202 1247 1257 1258 -1 1270 1269 1254 1212 -1 1263 1265 1201 1246 -1 1247 1203 1259 1257 -1 1206 1250 1249 1218 -1 1260 1262 1203 1247 -1 1281 1283 1223 1156 -1 1273 1272 1255 1214 -1 1257 1259 1205 1248 -1 1156 1223 1224 1158 -1 1208 1251 1253 1153 -1 1245 1221 1207 1250 -1 1338 1340 1225 1160 -1 1276 1275 1256 1216 -1 1249 1219 1209 1251 -1 1335 1337 1226 1162 -1 1279 1278 1222 1154 -1 1253 1152 1211 1252 -1 1332 1334 1227 1164 -1 1248 1205 1221 1245 -1 1269 1271 1213 1254 -1 1329 1331 1228 1166 -1 1250 1207 1219 1249 -1 1272 1274 1215 1255 -1 1157 1282 1155 1280 1217 1277 1215 1274 1213 1271 1211 1152 1209 1219 1207 1221 1205 1259 1203 1262 1201 1265 1199 1268 1197 1286 1195 1289 1193 1292 1191 1295 1189 1298 1187 1301 1185 1303 1183 1306 1181 1309 1179 1312 1177 1315 1175 1318 1173 1321 1171 1324 1169 1327 1167 1330 1165 1333 1163 1336 1161 1339 1159 -1 1251 1209 1152 1253 -1 1275 1277 1217 1256 -1 1240 1191 1292 1290 -1 1326 1328 1229 1168 -1 1278 1280 1155 1222 -1 1154 1281 1156 1158 1338 1160 1335 1162 1332 1164 1329 1166 1326 1168 1323 1170 1320 1172 1317 1174 1314 1176 1311 1178 1308 1180 1305 1182 1302 1184 1300 1186 1297 1188 1294 1190 1291 1192 1288 1194 1285 1196 1267 1198 1264 1200 1261 1202 1258 1204 1220 1206 1218 1208 1153 1210 1270 1212 1273 1214 1276 1216 1279 -1 1188 1239 1293 1294 -1 1238 1187 1298 1296 -1 1186 1238 1296 1297 -1 1237 1185 1301 1299 -1 1184 1237 1299 1300 -1 1236 1183 1303 1304 -1 1182 1236 1304 1302 -1 1235 1181 1306 1307 -1 1180 1235 1307 1305 -1 1234 1179 1309 1310 -1 1178 1234 1310 1308 -1 1233 1177 1312 1313 -1 1176 1233 1313 1311 -1 1232 1175 1315 1316 -1 1174 1232 1316 1314 -1 1231 1173 1318 1319 -1 1172 1231 1319 1317 -1 1230 1171 1321 1322 -1 1170 1230 1322 1320 -1 1229 1169 1324 1325 -1 1168 1229 1325 1323 -1 1166 1228 1328 1326 -1 1228 1167 1327 1328 -1 1164 1227 1331 1329 -1 1227 1165 1330 1331 -1 1162 1226 1334 1332 -1 1226 1163 1333 1334 -1 1160 1225 1337 1335 -1 1225 1161 1336 1337 -1 1158 1224 1340 1338 -1 1224 1159 1339 1340 -1 1341 1353 1354 1342 -1 1342 1354 1355 1343 -1 1343 1355 1356 1344 -1 1344 1356 1357 1345 -1 1345 1357 1358 1346 -1 1346 1358 1359 1347 -1 1347 1359 1360 1348 -1 1348 1360 1361 1349 -1 1349 1361 1362 1350 -1 1350 1362 1363 1351 -1 1351 1363 1364 1352 -1 1352 1364 1353 1341 -1 1353 1365 1366 1354 -1 1354 1366 1367 1355 -1 1355 1367 1368 1356 -1 1356 1368 1369 1357 -1 1357 1369 1370 1358 -1 1358 1370 1371 1359 -1 1359 1371 1372 1360 -1 1360 1372 1373 1361 -1 1361 1373 1374 1362 -1 1362 1374 1375 1363 -1 1363 1375 1376 1364 -1 1364 1376 1365 1353 -1 1365 1377 1378 1366 -1 1366 1378 1379 1367 -1 1367 1379 1380 1368 -1 1368 1380 1381 1369 -1 1369 1381 1382 1370 -1 1370 1382 1383 1371 -1 1371 1383 1384 1372 -1 1372 1384 1385 1373 -1 1373 1385 1386 1374 -1 1374 1386 1387 1375 -1 1375 1387 1388 1376 -1 1376 1388 1377 1365 -1 1377 1389 1390 1378 -1 1378 1390 1391 1379 -1 1379 1391 1392 1380 -1 1380 1392 1393 1381 -1 1381 1393 1394 1382 -1 1382 1394 1395 1383 -1 1383 1395 1396 1384 -1 1384 1396 1397 1385 -1 1385 1397 1398 1386 -1 1386 1398 1399 1387 -1 1387 1399 1400 1388 -1 1388 1400 1389 1377 -1 1389 1401 1402 1390 -1 1390 1402 1403 1391 -1 1391 1403 1404 1392 -1 1392 1404 1405 1393 -1 1393 1405 1406 1394 -1 1394 1406 1407 1395 -1 1395 1407 1408 1396 -1 1396 1408 1409 1397 -1 1397 1409 1410 1398 -1 1398 1410 1411 1399 -1 1399 1411 1412 1400 -1 1400 1412 1401 1389 -1 1401 1413 1414 1402 -1 1402 1414 1415 1403 -1 1403 1415 1416 1404 -1 1404 1416 1417 1405 -1 1405 1417 1418 1406 -1 1406 1418 1419 1407 -1 1407 1419 1420 1408 -1 1408 1420 1421 1409 -1 1409 1421 1422 1410 -1 1410 1422 1423 1411 -1 1411 1423 1424 1412 -1 1412 1424 1413 1401 -1 1413 1425 1426 1414 -1 1414 1426 1427 1415 -1 1415 1427 1428 1416 -1 1416 1428 1429 1417 -1 1417 1429 1430 1418 -1 1418 1430 1431 1419 -1 1419 1431 1432 1420 -1 1420 1432 1433 1421 -1 1421 1433 1434 1422 -1 1422 1434 1435 1423 -1 1423 1435 1436 1424 -1 1424 1436 1425 1413 -1 1425 1437 1438 1426 -1 1426 1438 1439 1427 -1 1427 1439 1440 1428 -1 1428 1440 1441 1429 -1 1429 1441 1442 1430 -1 1430 1442 1443 1431 -1 1431 1443 1444 1432 -1 1432 1444 1445 1433 -1 1433 1445 1446 1434 -1 1434 1446 1447 1435 -1 1435 1447 1448 1436 -1 1436 1448 1437 1425 -1 1437 1449 1450 1438 -1 1438 1450 1451 1439 -1 1439 1451 1452 1440 -1 1440 1452 1453 1441 -1 1441 1453 1454 1442 -1 1442 1454 1455 1443 -1 1443 1455 1456 1444 -1 1444 1456 1457 1445 -1 1445 1457 1458 1446 -1 1446 1458 1459 1447 -1 1447 1459 1460 1448 -1 1448 1460 1449 1437 -1 1449 1461 1462 1450 -1 1450 1462 1463 1451 -1 1451 1463 1464 1452 -1 1452 1464 1465 1453 -1 1453 1465 1466 1454 -1 1454 1466 1467 1455 -1 1455 1467 1468 1456 -1 1456 1468 1469 1457 -1 1457 1469 1470 1458 -1 1458 1470 1471 1459 -1 1459 1471 1472 1460 -1 1460 1472 1461 1449 -1 1461 1473 1474 1462 -1 1462 1474 1475 1463 -1 1463 1475 1476 1464 -1 1464 1476 1477 1465 -1 1465 1477 1478 1466 -1 1466 1478 1479 1467 -1 1467 1479 1480 1468 -1 1468 1480 1481 1469 -1 1469 1481 1482 1470 -1 1470 1482 1483 1471 -1 1471 1483 1484 1472 -1 1472 1484 1473 1461 -1 1473 1485 1486 1474 -1 1474 1486 1487 1475 -1 1475 1487 1488 1476 -1 1476 1488 1489 1477 -1 1477 1489 1490 1478 -1 1478 1490 1491 1479 -1 1479 1491 1492 1480 -1 1480 1492 1493 1481 -1 1481 1493 1494 1482 -1 1482 1494 1495 1483 -1 1483 1495 1496 1484 -1 1484 1496 1485 1473 -1 1485 1497 1498 1486 -1 1486 1498 1499 1487 -1 1487 1499 1500 1488 -1 1488 1500 1501 1489 -1 1489 1501 1502 1490 -1 1490 1502 1503 1491 -1 1491 1503 1504 1492 -1 1492 1504 1505 1493 -1 1493 1505 1506 1494 -1 1494 1506 1507 1495 -1 1495 1507 1508 1496 -1 1496 1508 1497 1485 -1 1497 1509 1510 1498 -1 1498 1510 1511 1499 -1 1499 1511 1512 1500 -1 1500 1512 1513 1501 -1 1501 1513 1514 1502 -1 1502 1514 1515 1503 -1 1503 1515 1516 1504 -1 1504 1516 1517 1505 -1 1505 1517 1518 1506 -1 1506 1518 1519 1507 -1 1507 1519 1520 1508 -1 1508 1520 1509 1497 -1 1509 1521 1522 1510 -1 1510 1522 1523 1511 -1 1511 1523 1524 1512 -1 1512 1524 1525 1513 -1 1513 1525 1526 1514 -1 1514 1526 1527 1515 -1 1515 1527 1528 1516 -1 1516 1528 1529 1517 -1 1517 1529 1530 1518 -1 1518 1530 1531 1519 -1 1519 1531 1532 1520 -1 1520 1532 1521 1509 -1 1521 1533 1534 1522 -1 1522 1534 1535 1523 -1 1523 1535 1536 1524 -1 1524 1536 1537 1525 -1 1525 1537 1538 1526 -1 1526 1538 1539 1527 -1 1527 1539 1540 1528 -1 1528 1540 1541 1529 -1 1529 1541 1542 1530 -1 1530 1542 1543 1531 -1 1531 1543 1544 1532 -1 1532 1544 1533 1521 -1 1533 1545 1546 1534 -1 1534 1546 1547 1535 -1 1535 1547 1548 1536 -1 1536 1548 1549 1537 -1 1537 1549 1550 1538 -1 1538 1550 1551 1539 -1 1539 1551 1552 1540 -1 1540 1552 1553 1541 -1 1541 1553 1554 1542 -1 1542 1554 1555 1543 -1 1543 1555 1556 1544 -1 1544 1556 1545 1533 -1 1545 1557 1558 1546 -1 1546 1558 1559 1547 -1 1547 1559 1560 1548 -1 1548 1560 1561 1549 -1 1549 1561 1562 1550 -1 1550 1562 1563 1551 -1 1551 1563 1564 1552 -1 1552 1564 1565 1553 -1 1553 1565 1566 1554 -1 1554 1566 1567 1555 -1 1555 1567 1568 1556 -1 1556 1568 1557 1545 -1 1557 1569 1570 1558 -1 1558 1570 1571 1559 -1 1559 1571 1572 1560 -1 1560 1572 1573 1561 -1 1561 1573 1574 1562 -1 1562 1574 1575 1563 -1 1563 1575 1576 1564 -1 1564 1576 1577 1565 -1 1565 1577 1578 1566 -1 1566 1578 1579 1567 -1 1567 1579 1580 1568 -1 1568 1580 1569 1557 -1 1569 1581 1582 1570 -1 1570 1582 1583 1571 -1 1571 1583 1584 1572 -1 1572 1584 1585 1573 -1 1573 1585 1586 1574 -1 1574 1586 1587 1575 -1 1575 1587 1588 1576 -1 1576 1588 1589 1577 -1 1577 1589 1590 1578 -1 1578 1590 1591 1579 -1 1579 1591 1592 1580 -1 1580 1592 1581 1569 -1 1581 1593 1594 1582 -1 1582 1594 1595 1583 -1 1583 1595 1596 1584 -1 1584 1596 1597 1585 -1 1585 1597 1598 1586 -1 1586 1598 1599 1587 -1 1587 1599 1600 1588 -1 1588 1600 1601 1589 -1 1589 1601 1602 1590 -1 1590 1602 1603 1591 -1 1591 1603 1604 1592 -1 1592 1604 1593 1581 -1 1593 1605 1606 1594 -1 1594 1606 1607 1595 -1 1595 1607 1608 1596 -1 1596 1608 1609 1597 -1 1597 1609 1610 1598 -1 1598 1610 1611 1599 -1 1599 1611 1612 1600 -1 1600 1612 1613 1601 -1 1601 1613 1614 1602 -1 1602 1614 1615 1603 -1 1603 1615 1616 1604 -1 1604 1616 1605 1593 -1 1605 1617 1618 1606 -1 1606 1618 1619 1607 -1 1607 1619 1620 1608 -1 1608 1620 1621 1609 -1 1609 1621 1622 1610 -1 1610 1622 1623 1611 -1 1611 1623 1624 1612 -1 1612 1624 1625 1613 -1 1613 1625 1626 1614 -1 1614 1626 1627 1615 -1 1615 1627 1628 1616 -1 1616 1628 1617 1605 -1 1617 1629 1630 1618 -1 1618 1630 1631 1619 -1 1619 1631 1632 1620 -1 1620 1632 1633 1621 -1 1621 1633 1634 1622 -1 1622 1634 1635 1623 -1 1623 1635 1636 1624 -1 1624 1636 1637 1625 -1 1625 1637 1638 1626 -1 1626 1638 1639 1627 -1 1627 1639 1640 1628 -1 1628 1640 1629 1617 -1 1629 1641 1642 1630 -1 1630 1642 1643 1631 -1 1631 1643 1644 1632 -1 1632 1644 1645 1633 -1 1633 1645 1646 1634 -1 1634 1646 1647 1635 -1 1635 1647 1648 1636 -1 1636 1648 1649 1637 -1 1637 1649 1650 1638 -1 1638 1650 1651 1639 -1 1639 1651 1652 1640 -1 1640 1652 1641 1629 -1 1641 1653 1654 1642 -1 1642 1654 1655 1643 -1 1643 1655 1656 1644 -1 1644 1656 1657 1645 -1 1645 1657 1658 1646 -1 1646 1658 1659 1647 -1 1647 1659 1660 1648 -1 1648 1660 1661 1649 -1 1649 1661 1662 1650 -1 1650 1662 1663 1651 -1 1651 1663 1664 1652 -1 1652 1664 1653 1641 -1 1653 1665 1666 1654 -1 1654 1666 1667 1655 -1 1655 1667 1668 1656 -1 1656 1668 1669 1657 -1 1657 1669 1670 1658 -1 1658 1670 1671 1659 -1 1659 1671 1672 1660 -1 1660 1672 1673 1661 -1 1661 1673 1674 1662 -1 1662 1674 1675 1663 -1 1663 1675 1676 1664 -1 1664 1676 1665 1653 -1 1665 1677 1678 1666 -1 1666 1678 1679 1667 -1 1667 1679 1680 1668 -1 1668 1680 1681 1669 -1 1669 1681 1682 1670 -1 1670 1682 1683 1671 -1 1671 1683 1684 1672 -1 1672 1684 1685 1673 -1 1673 1685 1686 1674 -1 1674 1686 1687 1675 -1 1675 1687 1688 1676 -1 1676 1688 1677 1665 -1 1677 1689 1690 1678 -1 1678 1690 1691 1679 -1 1679 1691 1692 1680 -1 1680 1692 1693 1681 -1 1681 1693 1694 1682 -1 1682 1694 1695 1683 -1 1683 1695 1696 1684 -1 1684 1696 1697 1685 -1 1685 1697 1698 1686 -1 1686 1698 1699 1687 -1 1687 1699 1700 1688 -1 1688 1700 1689 1677 -1 1689 1701 1702 1690 -1 1690 1702 1703 1691 -1 1691 1703 1704 1692 -1 1692 1704 1705 1693 -1 1693 1705 1706 1694 -1 1694 1706 1707 1695 -1 1695 1707 1708 1696 -1 1696 1708 1709 1697 -1 1697 1709 1710 1698 -1 1698 1710 1711 1699 -1 1699 1711 1712 1700 -1 1700 1712 1701 1689 -1 1701 1713 1714 1702 -1 1702 1714 1715 1703 -1 1703 1715 1716 1704 -1 1704 1716 1717 1705 -1 1705 1717 1718 1706 -1 1706 1718 1719 1707 -1 1707 1719 1720 1708 -1 1708 1720 1721 1709 -1 1709 1721 1722 1710 -1 1710 1722 1723 1711 -1 1711 1723 1724 1712 -1 1712 1724 1713 1701 -1 1713 1725 1726 1714 -1 1714 1726 1727 1715 -1 1715 1727 1728 1716 -1 1716 1728 1729 1717 -1 1717 1729 1730 1718 -1 1718 1730 1731 1719 -1 1719 1731 1732 1720 -1 1720 1732 1733 1721 -1 1721 1733 1734 1722 -1 1722 1734 1735 1723 -1 1723 1735 1736 1724 -1 1724 1736 1725 1713 -1 1725 1737 1738 1726 -1 1726 1738 1739 1727 -1 1727 1739 1740 1728 -1 1728 1740 1741 1729 -1 1729 1741 1742 1730 -1 1730 1742 1743 1731 -1 1731 1743 1744 1732 -1 1732 1744 1745 1733 -1 1733 1745 1746 1734 -1 1734 1746 1747 1735 -1 1735 1747 1748 1736 -1 1736 1748 1737 1725 -1 1737 1749 1750 1738 -1 1738 1750 1751 1739 -1 1739 1751 1752 1740 -1 1740 1752 1753 1741 -1 1741 1753 1754 1742 -1 1742 1754 1755 1743 -1 1743 1755 1756 1744 -1 1744 1756 1757 1745 -1 1745 1757 1758 1746 -1 1746 1758 1759 1747 -1 1747 1759 1760 1748 -1 1748 1760 1749 1737 -1 1749 1761 1762 1750 -1 1750 1762 1763 1751 -1 1751 1763 1764 1752 -1 1752 1764 1765 1753 -1 1753 1765 1766 1754 -1 1754 1766 1767 1755 -1 1755 1767 1768 1756 -1 1756 1768 1769 1757 -1 1757 1769 1770 1758 -1 1758 1770 1771 1759 -1 1759 1771 1772 1760 -1 1760 1772 1761 1749 -1 1761 1773 1774 1762 -1 1762 1774 1775 1763 -1 1763 1775 1776 1764 -1 1764 1776 1777 1765 -1 1765 1777 1778 1766 -1 1766 1778 1779 1767 -1 1767 1779 1780 1768 -1 1768 1780 1781 1769 -1 1769 1781 1782 1770 -1 1770 1782 1783 1771 -1 1771 1783 1784 1772 -1 1772 1784 1773 1761 -1 1773 1785 1786 1774 -1 1774 1786 1787 1775 -1 1775 1787 1788 1776 -1 1776 1788 1789 1777 -1 1777 1789 1790 1778 -1 1778 1790 1791 1779 -1 1779 1791 1792 1780 -1 1780 1792 1793 1781 -1 1781 1793 1794 1782 -1 1782 1794 1795 1783 -1 1783 1795 1796 1784 -1 1784 1796 1785 1773 -1 1785 1797 1798 1786 -1 1786 1798 1799 1787 -1 1787 1799 1800 1788 -1 1788 1800 1801 1789 -1 1789 1801 1802 1790 -1 1790 1802 1803 1791 -1 1791 1803 1804 1792 -1 1792 1804 1805 1793 -1 1793 1805 1806 1794 -1 1794 1806 1807 1795 -1 1795 1807 1808 1796 -1 1796 1808 1797 1785 -1 1797 1809 1810 1798 -1 1798 1810 1811 1799 -1 1799 1811 1812 1800 -1 1800 1812 1813 1801 -1 1801 1813 1814 1802 -1 1802 1814 1815 1803 -1 1803 1815 1816 1804 -1 1804 1816 1817 1805 -1 1805 1817 1818 1806 -1 1806 1818 1819 1807 -1 1807 1819 1820 1808 -1 1808 1820 1809 1797 -1 1809 1821 1822 1810 -1 1810 1822 1823 1811 -1 1811 1823 1824 1812 -1 1812 1824 1825 1813 -1 1813 1825 1826 1814 -1 1814 1826 1827 1815 -1 1815 1827 1828 1816 -1 1816 1828 1829 1817 -1 1817 1829 1830 1818 -1 1818 1830 1831 1819 -1 1819 1831 1832 1820 -1 1820 1832 1821 1809 -1 1821 1833 1834 1822 -1 1822 1834 1835 1823 -1 1823 1835 1836 1824 -1 1824 1836 1837 1825 -1 1825 1837 1838 1826 -1 1826 1838 1839 1827 -1 1827 1839 1840 1828 -1 1828 1840 1841 1829 -1 1829 1841 1842 1830 -1 1830 1842 1843 1831 -1 1831 1843 1844 1832 -1 1832 1844 1833 1821 -1 1833 1845 1846 1834 -1 1834 1846 1847 1835 -1 1835 1847 1848 1836 -1 1836 1848 1849 1837 -1 1837 1849 1850 1838 -1 1838 1850 1851 1839 -1 1839 1851 1852 1840 -1 1840 1852 1853 1841 -1 1841 1853 1854 1842 -1 1842 1854 1855 1843 -1 1843 1855 1856 1844 -1 1844 1856 1845 1833 -1 1845 1857 1858 1846 -1 1846 1858 1859 1847 -1 1847 1859 1860 1848 -1 1848 1860 1861 1849 -1 1849 1861 1862 1850 -1 1850 1862 1863 1851 -1 1851 1863 1864 1852 -1 1852 1864 1865 1853 -1 1853 1865 1866 1854 -1 1854 1866 1867 1855 -1 1855 1867 1868 1856 -1 1856 1868 1857 1845 -1 1857 1869 1870 1858 -1 1858 1870 1871 1859 -1 1859 1871 1872 1860 -1 1860 1872 1873 1861 -1 1861 1873 1874 1862 -1 1862 1874 1875 1863 -1 1863 1875 1876 1864 -1 1864 1876 1877 1865 -1 1865 1877 1878 1866 -1 1866 1878 1879 1867 -1 1867 1879 1880 1868 -1 1868 1880 1869 1857 -1 1869 1881 1882 1870 -1 1870 1882 1883 1871 -1 1871 1883 1884 1872 -1 1872 1884 1885 1873 -1 1873 1885 1886 1874 -1 1874 1886 1887 1875 -1 1875 1887 1888 1876 -1 1876 1888 1889 1877 -1 1877 1889 1890 1878 -1 1878 1890 1891 1879 -1 1879 1891 1892 1880 -1 1880 1892 1881 1869 -1 1881 1893 1894 1882 -1 1882 1894 1895 1883 -1 1883 1895 1896 1884 -1 1884 1896 1897 1885 -1 1885 1897 1898 1886 -1 1886 1898 1899 1887 -1 1887 1899 1900 1888 -1 1888 1900 1901 1889 -1 1889 1901 1902 1890 -1 1890 1902 1903 1891 -1 1891 1903 1904 1892 -1 1892 1904 1893 1881 -1 1893 1905 1906 1894 -1 1894 1906 1907 1895 -1 1895 1907 1908 1896 -1 1896 1908 1909 1897 -1 1897 1909 1910 1898 -1 1898 1910 1911 1899 -1 1899 1911 1912 1900 -1 1900 1912 1913 1901 -1 1901 1913 1914 1902 -1 1902 1914 1915 1903 -1 1903 1915 1916 1904 -1 1904 1916 1905 1893 -1 1905 1341 1342 1906 -1 1906 1342 1343 1907 -1 1907 1343 1344 1908 -1 1908 1344 1345 1909 -1 1909 1345 1346 1910 -1 1910 1346 1347 1911 -1 1911 1347 1348 1912 -1 1912 1348 1349 1913 -1 1913 1349 1350 1914 -1 1914 1350 1351 1915 -1 1915 1351 1352 1916 -1 1916 1352 1341 1905 -1 1917 1918 1920 1919 -1 1919 1920 1924 1923 -1 1923 1924 1922 1921 -1 1921 1922 1918 1917 -1 1919 1923 1921 1917 -1 1924 1920 1918 1922 -1 1925 1926 1928 1927 -1 1927 1928 1932 1931 -1 1931 1932 1930 1929 -1 1929 1930 1926 1925 -1 1927 1931 1929 1925 -1 1932 1928 1926 1930 -1 1933 1945 1946 1934 -1 1934 1946 1947 1935 -1 1935 1947 1948 1936 -1 1936 1948 1949 1937 -1 1937 1949 1950 1938 -1 1938 1950 1951 1939 -1 1939 1951 1952 1940 -1 1940 1952 1953 1941 -1 1941 1953 1954 1942 -1 1942 1954 1955 1943 -1 1943 1955 1956 1944 -1 1944 1956 1945 1933 -1 1945 1957 1958 1946 -1 1946 1958 1959 1947 -1 1947 1959 1960 1948 -1 1948 1960 1961 1949 -1 1949 1961 1962 1950 -1 1950 1962 1963 1951 -1 1951 1963 1964 1952 -1 1952 1964 1965 1953 -1 1953 1965 1966 1954 -1 1954 1966 1967 1955 -1 1955 1967 1968 1956 -1 1956 1968 1957 1945 -1 1957 1969 1970 1958 -1 1958 1970 1971 1959 -1 1959 1971 1972 1960 -1 1960 1972 1973 1961 -1 1961 1973 1974 1962 -1 1962 1974 1975 1963 -1 1963 1975 1976 1964 -1 1964 1976 1977 1965 -1 1965 1977 1978 1966 -1 1966 1978 1979 1967 -1 1967 1979 1980 1968 -1 1968 1980 1969 1957 -1 1969 1981 1982 1970 -1 1970 1982 1983 1971 -1 1971 1983 1984 1972 -1 1972 1984 1985 1973 -1 1973 1985 1986 1974 -1 1974 1986 1987 1975 -1 1975 1987 1988 1976 -1 1976 1988 1989 1977 -1 1977 1989 1990 1978 -1 1978 1990 1991 1979 -1 1979 1991 1992 1980 -1 1980 1992 1981 1969 -1 1981 1993 1994 1982 -1 1982 1994 1995 1983 -1 1983 1995 1996 1984 -1 1984 1996 1997 1985 -1 1985 1997 1998 1986 -1 1986 1998 1999 1987 -1 1987 1999 2000 1988 -1 1988 2000 2001 1989 -1 1989 2001 2002 1990 -1 1990 2002 2003 1991 -1 1991 2003 2004 1992 -1 1992 2004 1993 1981 -1 1993 2005 2006 1994 -1 1994 2006 2007 1995 -1 1995 2007 2008 1996 -1 1996 2008 2009 1997 -1 1997 2009 2010 1998 -1 1998 2010 2011 1999 -1 1999 2011 2012 2000 -1 2000 2012 2013 2001 -1 2001 2013 2014 2002 -1 2002 2014 2015 2003 -1 2003 2015 2016 2004 -1 2004 2016 2005 1993 -1 2005 2017 2018 2006 -1 2006 2018 2019 2007 -1 2007 2019 2020 2008 -1 2008 2020 2021 2009 -1 2009 2021 2022 2010 -1 2010 2022 2023 2011 -1 2011 2023 2024 2012 -1 2012 2024 2025 2013 -1 2013 2025 2026 2014 -1 2014 2026 2027 2015 -1 2015 2027 2028 2016 -1 2016 2028 2017 2005 -1 2017 2029 2030 2018 -1 2018 2030 2031 2019 -1 2019 2031 2032 2020 -1 2020 2032 2033 2021 -1 2021 2033 2034 2022 -1 2022 2034 2035 2023 -1 2023 2035 2036 2024 -1 2024 2036 2037 2025 -1 2025 2037 2038 2026 -1 2026 2038 2039 2027 -1 2027 2039 2040 2028 -1 2028 2040 2029 2017 -1 2029 2041 2042 2030 -1 2030 2042 2043 2031 -1 2031 2043 2044 2032 -1 2032 2044 2045 2033 -1 2033 2045 2046 2034 -1 2034 2046 2047 2035 -1 2035 2047 2048 2036 -1 2036 2048 2049 2037 -1 2037 2049 2050 2038 -1 2038 2050 2051 2039 -1 2039 2051 2052 2040 -1 2040 2052 2041 2029 -1 2041 2053 2054 2042 -1 2042 2054 2055 2043 -1 2043 2055 2056 2044 -1 2044 2056 2057 2045 -1 2045 2057 2058 2046 -1 2046 2058 2059 2047 -1 2047 2059 2060 2048 -1 2048 2060 2061 2049 -1 2049 2061 2062 2050 -1 2050 2062 2063 2051 -1 2051 2063 2064 2052 -1 2052 2064 2053 2041 -1 2053 2065 2066 2054 -1 2054 2066 2067 2055 -1 2055 2067 2068 2056 -1 2056 2068 2069 2057 -1 2057 2069 2070 2058 -1 2058 2070 2071 2059 -1 2059 2071 2072 2060 -1 2060 2072 2073 2061 -1 2061 2073 2074 2062 -1 2062 2074 2075 2063 -1 2063 2075 2076 2064 -1 2064 2076 2065 2053 -1 2065 2077 2078 2066 -1 2066 2078 2079 2067 -1 2067 2079 2080 2068 -1 2068 2080 2081 2069 -1 2069 2081 2082 2070 -1 2070 2082 2083 2071 -1 2071 2083 2084 2072 -1 2072 2084 2085 2073 -1 2073 2085 2086 2074 -1 2074 2086 2087 2075 -1 2075 2087 2088 2076 -1 2076 2088 2077 2065 -1 2077 2089 2090 2078 -1 2078 2090 2091 2079 -1 2079 2091 2092 2080 -1 2080 2092 2093 2081 -1 2081 2093 2094 2082 -1 2082 2094 2095 2083 -1 2083 2095 2096 2084 -1 2084 2096 2097 2085 -1 2085 2097 2098 2086 -1 2086 2098 2099 2087 -1 2087 2099 2100 2088 -1 2088 2100 2089 2077 -1 2089 2101 2102 2090 -1 2090 2102 2103 2091 -1 2091 2103 2104 2092 -1 2092 2104 2105 2093 -1 2093 2105 2106 2094 -1 2094 2106 2107 2095 -1 2095 2107 2108 2096 -1 2096 2108 2109 2097 -1 2097 2109 2110 2098 -1 2098 2110 2111 2099 -1 2099 2111 2112 2100 -1 2100 2112 2101 2089 -1 2101 2113 2114 2102 -1 2102 2114 2115 2103 -1 2103 2115 2116 2104 -1 2104 2116 2117 2105 -1 2105 2117 2118 2106 -1 2106 2118 2119 2107 -1 2107 2119 2120 2108 -1 2108 2120 2121 2109 -1 2109 2121 2122 2110 -1 2110 2122 2123 2111 -1 2111 2123 2124 2112 -1 2112 2124 2113 2101 -1 2113 2125 2126 2114 -1 2114 2126 2127 2115 -1 2115 2127 2128 2116 -1 2116 2128 2129 2117 -1 2117 2129 2130 2118 -1 2118 2130 2131 2119 -1 2119 2131 2132 2120 -1 2120 2132 2133 2121 -1 2121 2133 2134 2122 -1 2122 2134 2135 2123 -1 2123 2135 2136 2124 -1 2124 2136 2125 2113 -1 2125 2137 2138 2126 -1 2126 2138 2139 2127 -1 2127 2139 2140 2128 -1 2128 2140 2141 2129 -1 2129 2141 2142 2130 -1 2130 2142 2143 2131 -1 2131 2143 2144 2132 -1 2132 2144 2145 2133 -1 2133 2145 2146 2134 -1 2134 2146 2147 2135 -1 2135 2147 2148 2136 -1 2136 2148 2137 2125 -1 2137 2149 2150 2138 -1 2138 2150 2151 2139 -1 2139 2151 2152 2140 -1 2140 2152 2153 2141 -1 2141 2153 2154 2142 -1 2142 2154 2155 2143 -1 2143 2155 2156 2144 -1 2144 2156 2157 2145 -1 2145 2157 2158 2146 -1 2146 2158 2159 2147 -1 2147 2159 2160 2148 -1 2148 2160 2149 2137 -1 2149 2161 2162 2150 -1 2150 2162 2163 2151 -1 2151 2163 2164 2152 -1 2152 2164 2165 2153 -1 2153 2165 2166 2154 -1 2154 2166 2167 2155 -1 2155 2167 2168 2156 -1 2156 2168 2169 2157 -1 2157 2169 2170 2158 -1 2158 2170 2171 2159 -1 2159 2171 2172 2160 -1 2160 2172 2161 2149 -1 2161 2173 2174 2162 -1 2162 2174 2175 2163 -1 2163 2175 2176 2164 -1 2164 2176 2177 2165 -1 2165 2177 2178 2166 -1 2166 2178 2179 2167 -1 2167 2179 2180 2168 -1 2168 2180 2181 2169 -1 2169 2181 2182 2170 -1 2170 2182 2183 2171 -1 2171 2183 2184 2172 -1 2172 2184 2173 2161 -1 2173 2185 2186 2174 -1 2174 2186 2187 2175 -1 2175 2187 2188 2176 -1 2176 2188 2189 2177 -1 2177 2189 2190 2178 -1 2178 2190 2191 2179 -1 2179 2191 2192 2180 -1 2180 2192 2193 2181 -1 2181 2193 2194 2182 -1 2182 2194 2195 2183 -1 2183 2195 2196 2184 -1 2184 2196 2185 2173 -1 2185 2197 2198 2186 -1 2186 2198 2199 2187 -1 2187 2199 2200 2188 -1 2188 2200 2201 2189 -1 2189 2201 2202 2190 -1 2190 2202 2203 2191 -1 2191 2203 2204 2192 -1 2192 2204 2205 2193 -1 2193 2205 2206 2194 -1 2194 2206 2207 2195 -1 2195 2207 2208 2196 -1 2196 2208 2197 2185 -1 2197 2209 2210 2198 -1 2198 2210 2211 2199 -1 2199 2211 2212 2200 -1 2200 2212 2213 2201 -1 2201 2213 2214 2202 -1 2202 2214 2215 2203 -1 2203 2215 2216 2204 -1 2204 2216 2217 2205 -1 2205 2217 2218 2206 -1 2206 2218 2219 2207 -1 2207 2219 2220 2208 -1 2208 2220 2209 2197 -1 2209 2221 2222 2210 -1 2210 2222 2223 2211 -1 2211 2223 2224 2212 -1 2212 2224 2225 2213 -1 2213 2225 2226 2214 -1 2214 2226 2227 2215 -1 2215 2227 2228 2216 -1 2216 2228 2229 2217 -1 2217 2229 2230 2218 -1 2218 2230 2231 2219 -1 2219 2231 2232 2220 -1 2220 2232 2221 2209 -1 2221 2233 2234 2222 -1 2222 2234 2235 2223 -1 2223 2235 2236 2224 -1 2224 2236 2237 2225 -1 2225 2237 2238 2226 -1 2226 2238 2239 2227 -1 2227 2239 2240 2228 -1 2228 2240 2241 2229 -1 2229 2241 2242 2230 -1 2230 2242 2243 2231 -1 2231 2243 2244 2232 -1 2232 2244 2233 2221 -1 2233 2245 2246 2234 -1 2234 2246 2247 2235 -1 2235 2247 2248 2236 -1 2236 2248 2249 2237 -1 2237 2249 2250 2238 -1 2238 2250 2251 2239 -1 2239 2251 2252 2240 -1 2240 2252 2253 2241 -1 2241 2253 2254 2242 -1 2242 2254 2255 2243 -1 2243 2255 2256 2244 -1 2244 2256 2245 2233 -1 2245 2257 2258 2246 -1 2246 2258 2259 2247 -1 2247 2259 2260 2248 -1 2248 2260 2261 2249 -1 2249 2261 2262 2250 -1 2250 2262 2263 2251 -1 2251 2263 2264 2252 -1 2252 2264 2265 2253 -1 2253 2265 2266 2254 -1 2254 2266 2267 2255 -1 2255 2267 2268 2256 -1 2256 2268 2257 2245 -1 2257 2269 2270 2258 -1 2258 2270 2271 2259 -1 2259 2271 2272 2260 -1 2260 2272 2273 2261 -1 2261 2273 2274 2262 -1 2262 2274 2275 2263 -1 2263 2275 2276 2264 -1 2264 2276 2277 2265 -1 2265 2277 2278 2266 -1 2266 2278 2279 2267 -1 2267 2279 2280 2268 -1 2268 2280 2269 2257 -1 2269 2281 2282 2270 -1 2270 2282 2283 2271 -1 2271 2283 2284 2272 -1 2272 2284 2285 2273 -1 2273 2285 2286 2274 -1 2274 2286 2287 2275 -1 2275 2287 2288 2276 -1 2276 2288 2289 2277 -1 2277 2289 2290 2278 -1 2278 2290 2291 2279 -1 2279 2291 2292 2280 -1 2280 2292 2281 2269 -1 2281 2293 2294 2282 -1 2282 2294 2295 2283 -1 2283 2295 2296 2284 -1 2284 2296 2297 2285 -1 2285 2297 2298 2286 -1 2286 2298 2299 2287 -1 2287 2299 2300 2288 -1 2288 2300 2301 2289 -1 2289 2301 2302 2290 -1 2290 2302 2303 2291 -1 2291 2303 2304 2292 -1 2292 2304 2293 2281 -1 2293 2305 2306 2294 -1 2294 2306 2307 2295 -1 2295 2307 2308 2296 -1 2296 2308 2309 2297 -1 2297 2309 2310 2298 -1 2298 2310 2311 2299 -1 2299 2311 2312 2300 -1 2300 2312 2313 2301 -1 2301 2313 2314 2302 -1 2302 2314 2315 2303 -1 2303 2315 2316 2304 -1 2304 2316 2305 2293 -1 2305 2317 2318 2306 -1 2306 2318 2319 2307 -1 2307 2319 2320 2308 -1 2308 2320 2321 2309 -1 2309 2321 2322 2310 -1 2310 2322 2323 2311 -1 2311 2323 2324 2312 -1 2312 2324 2325 2313 -1 2313 2325 2326 2314 -1 2314 2326 2327 2315 -1 2315 2327 2328 2316 -1 2316 2328 2317 2305 -1 2317 2329 2330 2318 -1 2318 2330 2331 2319 -1 2319 2331 2332 2320 -1 2320 2332 2333 2321 -1 2321 2333 2334 2322 -1 2322 2334 2335 2323 -1 2323 2335 2336 2324 -1 2324 2336 2337 2325 -1 2325 2337 2338 2326 -1 2326 2338 2339 2327 -1 2327 2339 2340 2328 -1 2328 2340 2329 2317 -1 2329 2341 2342 2330 -1 2330 2342 2343 2331 -1 2331 2343 2344 2332 -1 2332 2344 2345 2333 -1 2333 2345 2346 2334 -1 2334 2346 2347 2335 -1 2335 2347 2348 2336 -1 2336 2348 2349 2337 -1 2337 2349 2350 2338 -1 2338 2350 2351 2339 -1 2339 2351 2352 2340 -1 2340 2352 2341 2329 -1 2341 2353 2354 2342 -1 2342 2354 2355 2343 -1 2343 2355 2356 2344 -1 2344 2356 2357 2345 -1 2345 2357 2358 2346 -1 2346 2358 2359 2347 -1 2347 2359 2360 2348 -1 2348 2360 2361 2349 -1 2349 2361 2362 2350 -1 2350 2362 2363 2351 -1 2351 2363 2364 2352 -1 2352 2364 2353 2341 -1 2353 2365 2366 2354 -1 2354 2366 2367 2355 -1 2355 2367 2368 2356 -1 2356 2368 2369 2357 -1 2357 2369 2370 2358 -1 2358 2370 2371 2359 -1 2359 2371 2372 2360 -1 2360 2372 2373 2361 -1 2361 2373 2374 2362 -1 2362 2374 2375 2363 -1 2363 2375 2376 2364 -1 2364 2376 2365 2353 -1 2365 2377 2378 2366 -1 2366 2378 2379 2367 -1 2367 2379 2380 2368 -1 2368 2380 2381 2369 -1 2369 2381 2382 2370 -1 2370 2382 2383 2371 -1 2371 2383 2384 2372 -1 2372 2384 2385 2373 -1 2373 2385 2386 2374 -1 2374 2386 2387 2375 -1 2375 2387 2388 2376 -1 2376 2388 2377 2365 -1 2377 2389 2390 2378 -1 2378 2390 2391 2379 -1 2379 2391 2392 2380 -1 2380 2392 2393 2381 -1 2381 2393 2394 2382 -1 2382 2394 2395 2383 -1 2383 2395 2396 2384 -1 2384 2396 2397 2385 -1 2385 2397 2398 2386 -1 2386 2398 2399 2387 -1 2387 2399 2400 2388 -1 2388 2400 2389 2377 -1 2389 2401 2402 2390 -1 2390 2402 2403 2391 -1 2391 2403 2404 2392 -1 2392 2404 2405 2393 -1 2393 2405 2406 2394 -1 2394 2406 2407 2395 -1 2395 2407 2408 2396 -1 2396 2408 2409 2397 -1 2397 2409 2410 2398 -1 2398 2410 2411 2399 -1 2399 2411 2412 2400 -1 2400 2412 2401 2389 -1 2401 2413 2414 2402 -1 2402 2414 2415 2403 -1 2403 2415 2416 2404 -1 2404 2416 2417 2405 -1 2405 2417 2418 2406 -1 2406 2418 2419 2407 -1 2407 2419 2420 2408 -1 2408 2420 2421 2409 -1 2409 2421 2422 2410 -1 2410 2422 2423 2411 -1 2411 2423 2424 2412 -1 2412 2424 2413 2401 -1 2413 2425 2426 2414 -1 2414 2426 2427 2415 -1 2415 2427 2428 2416 -1 2416 2428 2429 2417 -1 2417 2429 2430 2418 -1 2418 2430 2431 2419 -1 2419 2431 2432 2420 -1 2420 2432 2433 2421 -1 2421 2433 2434 2422 -1 2422 2434 2435 2423 -1 2423 2435 2436 2424 -1 2424 2436 2425 2413 -1 2425 2437 2438 2426 -1 2426 2438 2439 2427 -1 2427 2439 2440 2428 -1 2428 2440 2441 2429 -1 2429 2441 2442 2430 -1 2430 2442 2443 2431 -1 2431 2443 2444 2432 -1 2432 2444 2445 2433 -1 2433 2445 2446 2434 -1 2434 2446 2447 2435 -1 2435 2447 2448 2436 -1 2436 2448 2437 2425 -1 2437 2449 2450 2438 -1 2438 2450 2451 2439 -1 2439 2451 2452 2440 -1 2440 2452 2453 2441 -1 2441 2453 2454 2442 -1 2442 2454 2455 2443 -1 2443 2455 2456 2444 -1 2444 2456 2457 2445 -1 2445 2457 2458 2446 -1 2446 2458 2459 2447 -1 2447 2459 2460 2448 -1 2448 2460 2449 2437 -1 2449 2461 2462 2450 -1 2450 2462 2463 2451 -1 2451 2463 2464 2452 -1 2452 2464 2465 2453 -1 2453 2465 2466 2454 -1 2454 2466 2467 2455 -1 2455 2467 2468 2456 -1 2456 2468 2469 2457 -1 2457 2469 2470 2458 -1 2458 2470 2471 2459 -1 2459 2471 2472 2460 -1 2460 2472 2461 2449 -1 2461 2473 2474 2462 -1 2462 2474 2475 2463 -1 2463 2475 2476 2464 -1 2464 2476 2477 2465 -1 2465 2477 2478 2466 -1 2466 2478 2479 2467 -1 2467 2479 2480 2468 -1 2468 2480 2481 2469 -1 2469 2481 2482 2470 -1 2470 2482 2483 2471 -1 2471 2483 2484 2472 -1 2472 2484 2473 2461 -1 2473 2485 2486 2474 -1 2474 2486 2487 2475 -1 2475 2487 2488 2476 -1 2476 2488 2489 2477 -1 2477 2489 2490 2478 -1 2478 2490 2491 2479 -1 2479 2491 2492 2480 -1 2480 2492 2493 2481 -1 2481 2493 2494 2482 -1 2482 2494 2495 2483 -1 2483 2495 2496 2484 -1 2484 2496 2485 2473 -1 2485 2497 2498 2486 -1 2486 2498 2499 2487 -1 2487 2499 2500 2488 -1 2488 2500 2501 2489 -1 2489 2501 2502 2490 -1 2490 2502 2503 2491 -1 2491 2503 2504 2492 -1 2492 2504 2505 2493 -1 2493 2505 2506 2494 -1 2494 2506 2507 2495 -1 2495 2507 2508 2496 -1 2496 2508 2497 2485 -1 2497 1933 1934 2498 -1 2498 1934 1935 2499 -1 2499 1935 1936 2500 -1 2500 1936 1937 2501 -1 2501 1937 1938 2502 -1 2502 1938 1939 2503 -1 2503 1939 1940 2504 -1 2504 1940 1941 2505 -1 2505 1941 1942 2506 -1 2506 1942 1943 2507 -1 2507 1943 1944 2508 -1 2508 1944 1933 2497 -1 "
						                >
							<Coordinate DEF="coords_ME_Cylinder"
							            point="-0.000059 1.195691 -1.000000 0.000000 1.000000 1.000000 0.233155 1.172722 -1.000000 0.195090 0.980785 1.000000 0.457408 1.104695 -1.000000 0.382683 0.923880 1.000000 0.664080 0.994227 -1.000000 0.555570 0.831470 1.000000 0.845229 0.845561 -1.000000 0.707107 0.707107 1.000000 0.993895 0.664412 -1.000000 0.831470 0.555570 1.000000 1.104363 0.457740 -1.000000 0.923880 0.382683 1.000000 1.172390 0.233488 -1.000000 0.980785 0.195090 1.000000 1.195359 0.000273 -1.000000 1.000000 0.000000 1.000000 1.172390 -0.232941 -1.000000 0.980785 -0.195090 1.000000 1.104363 -0.457194 -1.000000 0.923880 -0.382683 1.000000 0.993895 -0.663866 -1.000000 0.831470 -0.555570 1.000000 0.845229 -0.845016 -1.000000 0.707107 -0.707107 1.000000 0.664080 -0.993681 -1.000000 0.555570 -0.831470 1.000000 0.457407 -1.104150 -1.000000 0.382683 -0.923880 1.000000 0.233155 -1.172176 -1.000000 0.195090 -0.980785 1.000000 -0.000060 -1.195145 -1.000000 -0.000000 -1.000000 1.000000 -0.233274 -1.172176 -1.000000 -0.195091 -0.980785 1.000000 -0.457527 -1.104149 -1.000000 -0.382684 -0.923879 1.000000 -0.664199 -0.993681 -1.000000 -0.555571 -0.831469 1.000000 -0.845348 -0.845015 -1.000000 -0.707107 -0.707106 1.000000 -0.994014 -0.663865 -1.000000 -0.831470 -0.555570 1.000000 -1.104482 -0.457193 -1.000000 -0.923880 -0.382683 1.000000 -1.172508 -0.232941 -1.000000 -0.980785 -0.195089 1.000000 -1.195478 0.000274 -1.000000 -1.000000 0.000001 1.000000 -1.172508 0.233489 -1.000000 -0.980785 0.195091 1.000000 -1.104481 0.457741 -1.000000 -0.923879 0.382684 1.000000 -0.994013 0.664413 -1.000000 -0.831469 0.555571 1.000000 -0.845347 0.845562 -1.000000 -0.707106 0.707108 1.000000 -0.664197 0.994228 -1.000000 -0.555569 0.831470 1.000000 -0.457524 1.104696 -1.000000 -0.382682 0.923880 1.000000 -0.233272 1.172722 -1.000000 -0.195089 0.980786 1.000000 1.049129 -0.560530 -1.000000 0.877675 -0.469127 1.000000 1.138376 -0.345068 -1.000000 0.952332 -0.288887 1.000000 1.183874 -0.116334 -1.000000 0.990393 -0.097545 1.000000 1.183874 0.116880 -1.000000 0.990393 0.097545 1.000000 1.138376 0.345614 -1.000000 0.952332 0.288887 1.000000 0.754654 -0.919348 -1.000000 0.631338 -0.769288 1.000000 0.560743 -1.048916 -1.000000 0.469127 -0.877675 1.000000 0.345281 -1.138163 -1.000000 0.288887 -0.952332 1.000000 0.116548 -1.183661 -1.000000 0.097545 -0.990393 1.000000 0.919562 -0.754441 -1.000000 0.769288 -0.631338 1.000000 1.049129 0.561076 -1.000000 0.877675 0.469127 1.000000 0.919562 0.754987 -1.000000 0.769288 0.631338 1.000000 0.754654 0.919894 -1.000000 0.631338 0.769288 1.000000 0.560744 1.049461 -1.000000 0.469127 0.877675 1.000000 0.345281 1.138709 -1.000000 0.288887 0.952332 1.000000 0.116548 1.184206 -1.000000 0.097545 0.990393 1.000000 -0.116666 1.184207 -1.000000 -0.097544 0.990393 1.000000 -0.345398 1.138709 -1.000000 -0.288885 0.952333 1.000000 -0.560861 1.049462 -1.000000 -0.469126 0.877675 1.000000 -0.754772 0.919895 -1.000000 -0.631338 0.769289 1.000000 -0.919680 0.754988 -1.000000 -0.769287 0.631339 1.000000 -1.049247 0.561077 -1.000000 -0.877674 0.469128 1.000000 -1.141813 0.334676 -1.000000 -0.955108 0.279737 1.000000 -1.183993 0.116881 -1.000000 -0.990393 0.097546 1.000000 -1.183993 -0.116333 -1.000000 -0.990393 -0.097544 1.000000 -1.138495 -0.345067 -1.000000 -0.952333 -0.288886 1.000000 -1.049248 -0.560529 -1.000000 -0.877675 -0.469126 1.000000 -0.910936 -0.765096 -1.000000 -0.761973 -0.640252 1.000000 -0.754773 -0.919348 -1.000000 -0.631339 -0.769288 1.000000 -0.560863 -1.048915 -1.000000 -0.469127 -0.877674 1.000000 -0.333094 -1.141896 -1.000000 -0.278593 -0.955455 1.000000 -0.116667 -1.183661 -1.000000 -0.097546 -0.990393 1.000000 -0.010984 1.046243 0.000272 0.198867 1.024492 0.000272 0.381920 0.951087 -0.004813 0.580228 0.852688 0.000272 0.750107 0.718571 0.000272 0.869528 0.587066 0.000272 0.972970 0.409846 0.000272 1.043564 0.205242 0.000272 1.072886 -0.009203 0.000272 1.012545 -0.189399 0.000272 0.951368 -0.384088 -0.002309 0.857572 -0.574797 0.000272 0.727524 -0.747811 0.000272 0.587933 -0.855467 0.000000 0.392377 -0.948147 0.000000 0.208790 -1.031387 0.000000 -0.004673 -1.067162 0.000272 -0.204535 -1.037701 0.000272 -0.405299 -0.987096 0.000272 -0.574110 -0.875187 0.000272 -0.738639 -0.750117 0.000272 -0.851093 -0.577206 0.000272 -0.974502 -0.399396 0.000272 -1.035931 -0.208805 0.000272 -1.038455 0.000199 0.000272 -1.010283 0.149101 0.000272 -0.958772 0.359323 0.000272 -0.867238 0.555455 0.000272 -0.739200 0.729962 0.000272 -0.579577 0.876136 0.000272 -0.394504 0.988361 0.000272 -0.195889 1.037404 0.000272 0.968994 -0.517667 0.000272 1.051423 -0.318665 0.000272 1.093445 -0.107406 0.000272 1.093445 0.107992 0.000272 1.051423 0.319251 0.000272 0.697016 -0.849074 0.000272 0.517918 -0.968742 0.000272 0.318917 -1.051172 0.000272 0.107657 -1.093194 0.000272 0.849325 -0.696764 0.000272 0.968994 0.518253 0.000272 0.849325 0.697350 0.000272 0.697016 0.849659 0.000272 0.517919 0.969328 0.000272 0.318917 1.051757 0.000272 0.107658 1.093779 0.000272 -0.107740 1.093780 0.000272 -0.318998 1.051758 0.000272 -0.518000 0.969329 0.000272 -0.697097 0.849660 0.000272 -0.849407 0.697351 0.000272 -0.969076 0.518254 0.000272 -1.054570 0.309149 0.000272 -1.093528 0.107993 0.000272 -1.093528 -0.107405 0.000272 -1.051506 -0.318664 0.000272 -0.969077 -0.517667 0.000272 -0.841331 -0.706605 0.000272 -0.697099 -0.849073 0.000272 -0.518002 -0.968742 0.000272 -0.307634 -1.054619 0.000272 -0.107741 -1.093194 0.000272 -0.010504 1.001556 0.500000 0.190408 0.980732 0.500000 0.370955 0.910454 0.500000 0.555522 0.816247 0.500000 0.718164 0.687844 0.500000 0.832497 0.561941 0.500000 0.931533 0.392271 0.500000 0.999120 0.196383 0.500000 1.027192 -0.008926 0.500000 0.969421 -0.181446 0.500000 0.910851 -0.372996 0.500000 0.821051 -0.550425 0.500000 0.696543 -0.716069 0.500000 0.562899 -0.819138 0.500000 0.375674 -0.907870 0.500000 0.199908 -0.987564 0.500000 -0.004462 -1.021815 0.500000 -0.195809 -0.993609 0.500000 -0.388020 -0.945160 0.500000 -0.549640 -0.838018 0.500000 -0.707160 -0.718276 0.500000 -0.814822 -0.552732 0.500000 -0.932975 -0.382496 0.500000 -0.991787 -0.200025 0.500000 -0.994203 0.000075 0.500000 -0.967231 0.142634 0.500000 -0.917915 0.343900 0.500000 -0.830280 0.531677 0.500000 -0.707697 0.698749 0.500000 -0.554874 0.838696 0.500000 -0.377685 0.946140 0.500000 -0.187531 0.993094 0.500000 0.927726 -0.495729 0.500000 1.006644 -0.305205 0.500000 1.046875 -0.102946 0.500000 1.046875 0.103276 0.500000 1.006643 0.305535 0.500000 0.667334 -0.813017 0.500000 0.495867 -0.927588 0.500000 0.305343 -1.006506 0.500000 0.103083 -1.046738 0.500000 0.813155 -0.667197 0.500000 0.927726 0.496059 0.500000 0.813155 0.667526 0.500000 0.667334 0.813347 0.500000 0.495867 0.927918 0.500000 0.305343 1.006836 0.500000 0.103084 1.047067 0.500000 -0.103137 1.047068 0.500000 -0.305396 1.006836 0.500000 -0.495920 0.927919 0.500000 -0.667388 0.813348 0.500000 -0.813209 0.667527 0.500000 -0.927780 0.496060 0.500000 -1.009632 0.295863 0.500000 -1.046930 0.103277 0.500000 -1.046930 -0.102945 0.500000 -1.006698 -0.305204 0.500000 -0.927781 -0.495729 0.500000 -0.805477 -0.676619 0.500000 -0.667389 -0.813017 0.500000 -0.495922 -0.927588 0.500000 -0.294516 -1.009807 0.500000 -0.103138 -1.046738 0.500000 0.209836 1.081262 -0.500000 0.403021 1.003794 -0.501993 0.612304 0.899949 -0.500000 0.791585 0.758409 -0.500000 0.917615 0.619626 -0.500000 1.026783 0.432597 -0.500000 1.101284 0.216669 -0.500000 1.132229 -0.009644 -0.500000 1.068548 -0.199814 -0.500000 1.003986 -0.405278 -0.492747 0.904998 -0.606542 -0.500000 0.767752 -0.789132 -0.500000 0.620435 -0.902746 -0.500000 0.414056 -1.000556 -0.500000 0.220308 -1.088403 -0.500000 -0.004970 -1.126158 -0.500000 -0.215893 -1.095066 -0.500000 -0.427769 -1.041661 -0.500000 -0.605923 -0.923558 -0.500000 -0.779558 -0.791566 -0.500000 -0.898235 -0.609085 -0.500000 -1.028475 -0.421433 -0.500000 -1.093304 -0.220294 -0.500000 -1.095968 0.000277 -0.500000 -1.024256 0.151201 -0.500000 -1.011874 0.379277 -0.500000 -0.915275 0.586265 -0.500000 -0.780150 0.770430 -0.500000 -0.611692 0.924695 -0.500000 -0.416376 1.043131 -0.500000 -0.206768 1.094888 -0.500000 1.022586 -0.546251 -0.500000 1.109578 -0.336235 -0.500000 1.153926 -0.113283 -0.500000 1.153926 0.114037 -0.500000 1.109578 0.336988 -0.500000 0.735555 -0.895999 -0.500000 0.546546 -1.022291 -0.500000 0.336530 -1.109283 -0.500000 0.113578 -1.153630 -0.500000 0.896295 -0.735260 -0.500000 1.022586 0.547004 -0.500000 0.896295 0.736013 -0.500000 0.735555 0.896753 -0.500000 0.546546 1.023045 -0.500000 0.336530 1.110036 -0.500000 0.113578 1.154384 -0.500000 -0.113740 1.154384 -0.500000 -0.336691 1.110036 -0.500000 -0.546707 1.023045 -0.500000 -0.735717 0.896754 -0.500000 -0.896456 0.736014 -0.500000 -1.022749 0.547005 -0.500000 -1.112975 0.326327 -0.500000 -1.154088 0.114038 -0.500000 -1.154088 -0.113282 -0.500000 -1.147461 -0.347556 -0.500000 -1.022750 -0.546250 -0.500000 -0.887934 -0.745646 -0.500000 -0.735719 -0.895999 -0.500000 -0.546709 -1.022291 -0.500000 -0.324698 -1.112921 -0.500000 -0.113742 -1.153630 -0.500000 -0.011630 1.104216 -0.500000 -0.009911 0.947338 0.750000 0.180155 0.927638 0.750000 0.350957 0.861153 0.750000 0.525562 0.772032 0.750000 0.679425 0.650559 0.750000 0.787586 0.531452 0.750000 0.881276 0.370941 0.750000 0.945215 0.185627 0.750000 0.971772 -0.008600 0.750000 0.917119 -0.171808 0.750000 0.861711 -0.353019 0.750000 0.776758 -0.520870 0.750000 0.658970 -0.677573 0.750000 0.532540 -0.775078 0.750000 0.355421 -0.859021 0.750000 0.189143 -0.934413 0.750000 -0.004195 -0.966815 0.750000 -0.185214 -0.940132 0.750000 -0.367050 -0.894298 0.750000 -0.519946 -0.792939 0.750000 -0.668963 -0.679661 0.750000 -0.770814 -0.523052 0.750000 -0.882589 -0.362006 0.750000 -0.938226 -0.189384 0.750000 -0.940512 -0.000085 0.750000 -0.914996 0.134779 0.750000 -0.868342 0.325180 0.750000 -0.785438 0.502822 0.750000 -0.669471 0.660876 0.750000 -0.524897 0.793269 0.750000 -0.357273 0.894913 0.750000 -0.177383 0.939332 0.750000 0.877675 -0.469127 0.750000 0.952332 -0.288887 0.750000 0.990393 -0.097545 0.750000 0.990393 0.097545 0.750000 0.952332 0.288887 0.750000 0.631338 -0.769288 0.750000 0.469127 -0.877675 0.750000 0.288887 -0.952332 0.750000 0.097545 -0.990393 0.750000 0.769288 -0.631338 0.750000 0.877675 0.469127 0.750000 0.769288 0.631338 0.750000 0.631338 0.769288 0.750000 0.469127 0.877675 0.750000 0.288887 0.952332 0.750000 0.097545 0.990393 0.750000 -0.097544 0.990393 0.750000 -0.288885 0.952333 0.750000 -0.469126 0.877675 0.750000 -0.631338 0.769289 0.750000 -0.769287 0.631339 0.750000 -0.877674 0.469128 0.750000 -0.955108 0.279737 0.750000 -0.990393 0.097546 0.750000 -0.990393 -0.097544 0.750000 -0.952333 -0.288886 0.750000 -0.877675 -0.469126 0.750000 -0.761973 -0.640252 0.750000 -0.631339 -0.769288 0.750000 -0.469127 -0.877674 0.750000 -0.278593 -0.955455 0.750000 -0.097546 -0.990393 0.750000 0.209997 1.080580 -0.750000 0.403048 1.003166 -0.751993 0.612186 0.899393 -0.750000 0.791344 0.757951 -0.750000 0.917286 0.619264 -0.750000 1.026378 0.432365 -0.750000 1.100828 0.216586 -0.750000 1.131751 -0.009571 -0.750000 1.068114 -0.199609 -0.750000 1.003597 -0.404931 -0.751535 0.904678 -0.606056 -0.750000 0.767527 -0.788519 -0.750000 0.620312 -0.902054 -0.750000 0.414076 -0.999797 -0.750000 0.220462 -1.087583 -0.750000 -0.004660 -1.125312 -0.750000 -0.215438 -1.094242 -0.750000 -0.427167 -1.040873 -0.750000 -0.605198 -0.922852 -0.750000 -0.778712 -0.790951 -0.750000 -0.897308 -0.608596 -0.750000 -1.027457 -0.421075 -0.750000 -1.092242 -0.220075 -0.750000 -1.094903 0.000344 -0.750000 -1.065193 0.157379 -0.750000 -1.010868 0.379082 -0.750000 -0.914335 0.585927 -0.750000 -0.779304 0.769964 -0.750000 -0.610963 0.924122 -0.750000 -0.415782 1.042477 -0.750000 -0.206319 1.094198 -0.750000 1.022185 -0.545806 -0.750000 1.109116 -0.335935 -0.750000 1.153433 -0.113138 -0.750000 1.153433 0.114025 -0.750000 1.109116 0.336822 -0.750000 0.735352 -0.895312 -0.750000 0.546474 -1.021517 -0.750000 0.336603 -1.108448 -0.750000 0.113805 -1.152765 -0.750000 0.895980 -0.734684 -0.750000 1.022185 0.546693 -0.750000 0.895980 0.735571 -0.750000 0.735352 0.896199 -0.750000 0.546474 1.022404 -0.750000 0.336603 1.109335 -0.750000 0.113806 1.153652 -0.750000 -0.113356 1.153652 -0.750000 -0.336152 1.109335 -0.750000 -0.546023 1.022404 -0.750000 -0.734902 0.896200 -0.750000 -0.895530 0.735572 -0.750000 -1.021735 0.546694 -0.750000 -1.111899 0.326168 -0.750000 -1.152984 0.114026 -0.750000 -1.152984 -0.113137 -0.750000 -1.108667 -0.335934 -0.750000 -1.021736 -0.545805 -0.750000 -0.887014 -0.745063 -0.750000 -0.734904 -0.895312 -0.750000 -0.546025 -1.021517 -0.750000 -0.324167 -1.112084 -0.750000 -0.113357 -1.152765 -0.750000 -0.011316 1.103519 -0.750000 0.212485 1.094839 -0.875000 0.408092 1.016400 -0.876993 0.619999 0.911254 -0.875000 0.801528 0.767939 -0.875000 0.929139 0.627415 -0.875000 1.039675 0.438042 -0.875000 1.115111 0.219406 -0.875000 1.146443 -0.009745 -0.875000 1.081963 -0.202299 -0.875000 1.016592 -0.410340 -0.876045 0.916363 -0.614127 -0.875000 0.777396 -0.799006 -0.875000 0.628233 -0.914045 -0.875000 0.419266 -1.013081 -0.875000 0.223088 -1.102030 -0.875000 -0.005014 -1.140258 -0.875000 -0.218582 -1.108777 -0.875000 -0.433115 -1.054701 -0.875000 -0.613503 -0.935117 -0.875000 -0.789314 -0.801470 -0.875000 -0.909480 -0.616701 -0.875000 -1.041353 -0.426697 -0.875000 -1.106995 -0.223036 -0.875000 -1.109691 0.000301 -0.875000 -1.079588 0.159415 -0.875000 -1.024544 0.384053 -0.875000 -0.926733 0.593637 -0.875000 -0.789914 0.780111 -0.875000 -0.619344 0.936310 -0.875000 -0.421579 1.056231 -0.875000 -0.209343 1.108637 -0.875000 1.035426 -0.553079 -0.875000 1.123508 -0.340430 -0.875000 1.168412 -0.114683 -0.875000 1.168412 0.115487 -0.875000 1.123508 0.341234 -0.875000 0.744796 -0.907213 -0.875000 0.553416 -1.035089 -0.875000 0.340767 -1.123171 -0.875000 0.115020 -1.168075 -0.875000 0.907550 -0.744459 -0.875000 1.035426 0.553883 -0.875000 0.907550 0.745262 -0.875000 0.744796 0.908017 -0.875000 0.553417 1.035892 -0.875000 0.340767 1.123974 -0.875000 0.115020 1.168878 -0.875000 -0.115149 1.168879 -0.875000 -0.340895 1.123975 -0.875000 -0.553544 1.035893 -0.875000 -0.744924 0.908018 -0.875000 -0.907679 0.745263 -0.875000 -1.035555 0.553884 -0.875000 -1.126912 0.330439 -0.875000 -1.168541 0.115488 -0.875000 -1.168541 -0.114682 -0.875000 -1.123638 -0.340429 -0.875000 -1.035556 -0.553079 -0.875000 -0.899049 -0.754975 -0.875000 -0.744926 -0.907213 -0.875000 -0.553546 -1.035089 -0.875000 -0.328751 -1.126855 -0.875000 -0.115150 -1.168075 -0.875000 -0.011758 1.118082 -0.875000 -0.009911 0.947338 0.875000 0.180155 0.927638 0.875000 0.350957 0.861153 0.875000 0.525562 0.772032 0.875000 0.679425 0.650559 0.875000 0.787586 0.531452 0.875000 0.881276 0.370941 0.875000 0.945215 0.185627 0.875000 0.971772 -0.008600 0.875000 0.917119 -0.171808 0.875000 0.861711 -0.353019 0.875000 0.776758 -0.520870 0.875000 0.658970 -0.677573 0.875000 0.532540 -0.775078 0.875000 0.355421 -0.859021 0.875000 0.189143 -0.934413 0.875000 -0.004195 -0.966815 0.875000 -0.185214 -0.940132 0.875000 -0.367050 -0.894298 0.875000 -0.519946 -0.792939 0.875000 -0.668963 -0.679661 0.875000 -0.770814 -0.523052 0.875000 -0.882589 -0.362006 0.875000 -0.938226 -0.189384 0.875000 -0.940512 -0.000085 0.875000 -0.914996 0.134779 0.875000 -0.868342 0.325180 0.875000 -0.785438 0.502822 0.875000 -0.669471 0.660876 0.875000 -0.524897 0.793269 0.875000 -0.357273 0.894913 0.875000 -0.177383 0.939332 0.875000 0.877675 -0.469127 0.875000 0.952332 -0.288887 0.875000 0.990393 -0.097545 0.875000 0.990393 0.097545 0.875000 0.952332 0.288887 0.875000 0.631338 -0.769288 0.875000 0.469127 -0.877675 0.875000 0.288887 -0.952332 0.875000 0.097545 -0.990393 0.875000 0.769288 -0.631338 0.875000 0.877675 0.469127 0.875000 0.769288 0.631338 0.875000 0.631338 0.769288 0.875000 0.469127 0.877675 0.875000 0.288887 0.952332 0.875000 0.097545 0.990393 0.875000 -0.097544 0.990393 0.875000 -0.288885 0.952333 0.875000 -0.469126 0.877675 0.875000 -0.631338 0.769289 0.875000 -0.769287 0.631339 0.875000 -0.877674 0.469128 0.875000 -0.955108 0.279737 0.875000 -0.990393 0.097546 0.875000 -0.990393 -0.097544 0.875000 -0.952333 -0.288886 0.875000 -0.877675 -0.469126 0.875000 -0.761973 -0.640252 0.875000 -0.631339 -0.769288 0.875000 -0.469127 -0.877674 0.875000 -0.278593 -0.955455 0.875000 -0.097546 -0.990393 0.875000 0.174852 1.178464 -1.000000 0.146318 0.985589 1.000000 0.161507 1.088476 0.000272 0.154639 1.041990 0.500000 0.170408 1.148787 -0.500000 0.146318 0.985589 0.750000 0.170596 1.148059 -0.750000 0.172563 1.163211 -0.875000 0.146318 0.985589 0.875000 0.048773 0.995196 1.000000 0.058244 1.189949 -1.000000 0.043073 1.043866 0.000272 0.041251 0.999280 0.500000 0.045420 1.101707 -0.500000 0.039050 0.945185 0.750000 0.045694 1.101012 -0.750000 0.046007 1.115541 -0.875000 0.039050 0.945185 0.875000 -0.058362 1.189949 -1.000000 -0.048772 0.995196 1.000000 -0.053891 1.099083 0.000272 -0.051582 1.052145 0.500000 -0.056911 1.159981 -0.500000 -0.048772 0.995196 0.750000 -0.056566 1.159245 -0.750000 -0.057607 1.174546 -0.875000 -0.048772 0.995196 0.875000 -0.146317 0.985589 1.000000 -0.174969 1.178464 -1.000000 -0.142406 1.045618 0.000272 -0.136327 1.000958 0.500000 -0.150326 1.103558 -0.500000 -0.128943 0.946772 0.750000 -0.149916 1.102861 -0.750000 -0.152193 1.117414 -0.875000 -0.128943 0.946772 0.875000 -0.289335 1.155715 -1.000000 -0.241987 0.966559 1.000000 -0.267218 1.067465 0.000272 -0.255822 1.021874 0.500000 -0.282045 1.126613 -0.500000 -0.241987 0.966559 0.750000 -0.281544 1.125900 -0.750000 -0.285564 1.140759 -0.875000 -0.241987 0.966559 0.875000 -0.335784 0.938106 1.000000 -0.401461 1.121703 -1.000000 -0.343652 1.006852 0.000272 -0.328999 0.963843 0.500000 -0.362709 1.062645 -0.500000 -0.311215 0.911661 0.750000 -0.362152 1.061977 -0.750000 -0.367239 1.075989 -0.875000 -0.311215 0.911661 0.875000 -0.509193 1.077079 -1.000000 -0.425904 0.900778 1.000000 -0.470279 0.994836 0.000272 -0.450232 0.952339 0.500000 -0.496345 1.049964 -0.500000 -0.425904 0.900778 0.750000 -0.495696 1.049305 -0.750000 -0.502551 1.063149 -0.875000 -0.425904 0.900778 0.875000 -0.512347 0.854573 1.000000 -0.612529 1.021845 -1.000000 -0.533309 0.904193 0.000272 -0.510577 0.865557 0.500000 -0.562863 0.954304 -0.500000 -0.482991 0.818680 0.750000 -0.562168 0.953711 -0.750000 -0.569903 0.966290 -0.875000 -0.482991 0.818680 0.875000 -0.709484 0.957062 -1.000000 -0.593453 0.800380 1.000000 -0.655270 0.883987 0.000272 -0.627342 0.846213 0.500000 -0.691574 0.932980 -0.500000 -0.593453 0.800380 0.750000 -0.690790 0.932402 -0.750000 -0.700228 0.944699 -0.875000 -0.593453 0.800380 0.875000 -0.669222 0.738198 1.000000 -0.800059 0.882729 -1.000000 -0.699294 0.766506 0.000272 -0.669491 0.733736 0.500000 -0.738035 0.808997 -0.500000 -0.633327 0.693974 0.750000 -0.737219 0.808504 -0.750000 -0.747271 0.819161 -0.875000 -0.633327 0.693974 0.875000 -0.882513 0.800275 -1.000000 -0.738197 0.669224 1.000000 -0.815080 0.739179 0.000272 -0.780344 0.707573 0.500000 -0.860229 0.780157 -0.500000 -0.738197 0.669224 0.750000 -0.859328 0.779684 -0.750000 -0.870997 0.789959 -0.875000 -0.738197 0.669224 0.875000 -0.800378 0.593455 1.000000 -0.956846 0.709700 -1.000000 -0.835229 0.599082 0.000272 -0.799635 0.573445 0.500000 -0.881494 0.632307 -0.500000 -0.756446 0.542335 0.750000 -0.880578 0.631936 -0.750000 -0.892528 0.640255 -0.875000 -0.756446 0.542335 0.875000 0.241989 0.966559 1.000000 0.289218 1.155715 -1.000000 0.250935 1.009767 0.000272 0.240258 0.966634 0.500000 0.264786 1.065722 -0.500000 0.227315 0.914301 0.750000 0.264909 1.065052 -0.750000 0.268124 1.079105 -0.875000 0.227315 0.914301 0.875000 0.401345 1.121702 -1.000000 0.335785 0.938106 1.000000 0.370697 1.036050 0.000272 0.354917 0.991797 0.500000 0.391176 1.093459 -0.500000 0.335785 0.938106 0.750000 0.391211 1.092770 -0.750000 0.396099 1.107190 -0.875000 0.335785 0.938106 0.875000 0.425905 0.900777 1.000000 0.509076 1.077078 -1.000000 0.430115 0.926487 -0.004813 0.417097 0.886902 0.500000 0.453883 0.977833 -0.501993 0.394608 0.838873 0.750000 0.453875 0.977223 -0.751993 0.459592 0.990114 -0.876993 0.394608 0.838873 0.875000 0.612412 1.021844 -1.000000 0.512349 0.854572 1.000000 0.565639 0.943821 0.000272 0.541555 0.903497 0.500000 0.596908 0.996126 -0.500000 0.512349 0.854572 0.750000 0.596801 0.995503 -0.750000 0.604410 1.008636 -0.875000 0.512349 0.854572 0.875000 0.593454 0.800379 1.000000 0.709367 0.957061 -1.000000 0.622698 0.819159 0.000272 0.596183 0.784146 0.500000 0.657124 0.864564 -0.500000 0.564027 0.741664 0.750000 0.656976 0.864033 -0.750000 0.665381 0.875425 -0.875000 0.564027 0.741664 0.875000 0.799942 0.882728 -1.000000 0.669223 0.738197 1.000000 0.738843 0.815332 0.000272 0.707380 0.780482 0.500000 0.779698 0.860526 -0.500000 0.669223 0.738197 0.750000 0.779464 0.859997 -0.750000 0.789492 0.871336 -0.875000 0.669223 0.738197 0.875000 0.738197 0.669223 1.000000 0.882396 0.800274 -1.000000 0.785220 0.677401 0.000272 0.751781 0.648427 0.500000 0.828641 0.714960 -0.500000 0.711227 0.613270 0.750000 0.828374 0.714532 -0.750000 0.839049 0.723945 -0.875000 0.711227 0.613270 0.875000 0.956728 0.709699 -1.000000 0.800379 0.593454 1.000000 0.883652 0.655522 0.000272 0.846020 0.627481 0.500000 0.932521 0.691871 -0.500000 0.800379 0.593454 0.750000 0.932182 0.691459 -0.750000 0.944232 0.700566 -0.875000 0.800379 0.593454 0.875000 0.854572 0.512349 1.000000 1.021512 0.612744 -1.000000 0.896816 0.540341 0.000272 0.858623 0.517206 0.500000 0.946414 0.570315 -0.500000 0.812302 0.489132 0.750000 0.946065 0.569987 -0.750000 0.958299 0.577486 -0.875000 0.812302 0.489132 0.875000 1.076746 0.509408 -1.000000 0.900777 0.425905 1.000000 0.994501 0.470532 0.000272 0.952146 0.450371 0.500000 1.049505 0.496642 -0.500000 0.900777 0.425905 0.750000 1.049085 0.496365 -0.750000 1.062683 0.502890 -0.875000 0.900777 0.425905 0.875000 0.938106 0.335785 1.000000 1.121370 0.401677 -1.000000 0.990618 0.358695 0.000272 0.948429 0.343299 0.500000 1.045408 0.378615 -0.500000 0.897260 0.324612 0.750000 1.044991 0.378420 -0.750000 1.058534 0.383383 -0.875000 0.897260 0.324612 0.875000 1.155383 0.289551 -1.000000 0.966559 0.241989 1.000000 1.067130 0.267471 0.000272 1.021682 0.255961 0.500000 1.126155 0.282342 -0.500000 0.966559 0.241989 0.750000 1.125681 0.282214 -0.750000 1.140293 0.285903 -0.875000 0.966559 0.241989 0.875000 0.985589 0.146318 1.000000 1.178132 0.175184 -1.000000 1.050895 0.151631 0.000272 1.006138 0.145056 0.500000 1.109020 0.160091 -0.500000 0.951854 0.137070 0.750000 1.108559 0.160047 -0.750000 1.122944 0.162119 -0.875000 0.951854 0.137070 0.875000 1.189617 0.058577 -1.000000 0.995196 0.048773 1.000000 1.098749 0.054142 0.000272 1.051953 0.051720 0.500000 1.159523 0.057207 -0.500000 0.995196 0.048773 0.750000 1.159027 0.057234 -0.750000 1.174080 0.057944 -0.875000 0.995196 0.048773 0.875000 0.995196 -0.048772 1.000000 1.189617 -0.058031 -1.000000 1.069617 -0.063214 0.000272 1.024062 -0.060636 0.500000 1.128779 -0.066645 -0.500000 0.968811 -0.057519 0.750000 1.128303 -0.066532 -0.750000 1.142949 -0.067460 -0.875000 0.968811 -0.057519 0.875000 1.178132 -0.174638 -1.000000 0.985589 -0.146318 1.000000 1.088141 -0.161256 0.000272 1.041798 -0.154501 0.500000 1.148329 -0.170113 -0.500000 0.985589 -0.146318 0.750000 1.147840 -0.169928 -0.750000 1.162745 -0.172225 -0.875000 0.985589 -0.146318 0.875000 0.966559 -0.241988 1.000000 1.155383 -0.289005 -1.000000 0.999060 -0.241802 0.000272 0.956511 -0.231616 0.500000 1.054317 -0.255117 -0.500000 0.904906 -0.219270 0.750000 1.053893 -0.254874 -0.750000 1.067554 -0.258296 -0.875000 0.904906 -0.219270 0.875000 1.121370 -0.401131 -1.000000 0.938106 -0.335785 1.000000 1.035716 -0.370445 0.000272 0.991605 -0.354779 0.500000 1.093001 -0.390881 -0.500000 0.938106 -0.335785 0.750000 1.092551 -0.390543 -0.750000 1.106724 -0.395761 -0.875000 0.938106 -0.335785 0.875000 0.900777 -0.425905 1.000000 1.076746 -0.508862 -1.000000 0.927919 -0.432853 -0.002309 0.888401 -0.419684 0.500000 0.940742 -0.438798 -0.492747 0.840473 -0.397186 0.750000 0.978867 -0.456360 -0.751535 0.991535 -0.462449 -0.876045 0.840473 -0.397186 0.875000 1.021512 -0.612198 -1.000000 0.854572 -0.512348 1.000000 0.943486 -0.565388 0.000272 0.903305 -0.541417 0.500000 0.995667 -0.596613 -0.500000 0.854572 -0.512348 0.750000 0.995284 -0.596133 -0.750000 1.008169 -0.604073 -0.875000 0.854572 -0.512348 0.875000 0.800379 -0.593454 1.000000 0.956728 -0.709153 -1.000000 0.825060 -0.618050 0.000272 0.789924 -0.591836 0.500000 0.870687 -0.652190 -0.500000 0.747311 -0.560046 0.750000 0.870390 -0.651672 -0.750000 0.881622 -0.660347 -0.875000 0.747311 -0.560046 0.875000 0.882396 -0.799728 -1.000000 0.738197 -0.669223 1.000000 0.814998 -0.738592 0.000272 0.780290 -0.707242 0.500000 0.860068 -0.779403 -0.500000 0.738197 -0.669223 0.750000 0.859778 -0.778796 -0.750000 0.870869 -0.789155 -0.875000 0.738197 -0.669223 0.875000 0.669223 -0.738197 1.000000 0.799942 -0.882182 -1.000000 0.687198 -0.783890 0.000272 0.657935 -0.750611 0.500000 0.725195 -0.827208 -0.500000 0.622447 -0.710250 0.750000 0.724999 -0.826569 -0.750000 0.734305 -0.837560 -0.875000 0.622447 -0.710250 0.875000 0.709367 -0.956515 -1.000000 0.593454 -0.800379 1.000000 0.655188 -0.883401 0.000272 0.627289 -0.845882 0.500000 0.691413 -0.932226 -0.500000 0.593454 -0.800379 0.750000 0.691240 -0.931514 -0.750000 0.700100 -0.943895 -0.875000 0.593454 -0.800379 0.875000 0.512348 -0.854572 1.000000 0.612412 -1.021298 -1.000000 0.547504 -0.891430 0.000272 0.524192 -0.853570 0.500000 0.577769 -0.940700 -0.500000 0.495923 -0.807652 0.750000 0.577675 -0.939983 -0.750000 0.585031 -0.952475 -0.875000 0.495923 -0.807652 0.875000 0.509075 -1.076533 -1.000000 0.425905 -0.900777 1.000000 0.470198 -0.994250 0.000272 0.450179 -0.952009 0.500000 0.496184 -1.049210 -0.500000 0.425905 -0.900777 0.750000 0.496147 -1.048417 -0.750000 0.502423 -1.062346 -0.875000 0.425905 -0.900777 0.875000 0.335785 -0.938106 1.000000 0.401344 -1.121156 -1.000000 0.341782 -0.967330 0.000000 0.327234 -0.926236 0.500000 0.360660 -1.020801 -0.500000 0.309596 -0.876396 0.750000 0.360717 -1.020028 -0.750000 0.365200 -1.033580 -0.875000 0.309596 -0.876396 0.875000 0.289218 -1.155169 -1.000000 0.241988 -0.966559 1.000000 0.267136 -1.066879 0.000272 0.255769 -1.021544 0.500000 0.281884 -1.125859 -0.500000 0.241988 -0.966559 0.750000 0.281995 -1.125013 -0.750000 0.285436 -1.139956 -0.875000 0.241988 -0.966559 0.875000 0.146317 -0.985589 1.000000 0.174851 -1.177918 -1.000000 0.155424 -1.040331 0.000000 0.148815 -0.996127 0.500000 0.163989 -1.097842 -0.500000 0.140808 -0.942514 0.750000 0.164181 -1.097016 -0.750000 0.166063 -1.111587 -0.875000 0.140808 -0.942514 0.875000 0.058244 -1.189403 -1.000000 0.048772 -0.995196 1.000000 0.053808 -1.098497 0.000272 0.051528 -1.051816 0.500000 0.056748 -1.159228 -0.500000 0.048772 -0.995196 0.750000 0.057015 -1.158359 -0.750000 0.057477 -1.173743 -0.875000 0.048772 -0.995196 0.875000 -0.048773 -0.995196 1.000000 -0.058363 -1.189403 -1.000000 -0.058759 -1.065523 0.000272 -0.056243 -1.020246 0.500000 -0.062048 -1.124428 -0.500000 -0.053181 -0.965331 0.750000 -0.061700 -1.123583 -0.750000 -0.062809 -1.138507 -0.875000 -0.053181 -0.965331 0.875000 -0.174971 -1.177918 -1.000000 -0.146318 -0.985589 1.000000 -0.161590 -1.087890 0.000272 -0.154694 -1.041660 0.500000 -0.170572 -1.148033 -0.500000 -0.146318 -0.985589 0.750000 -0.170148 -1.147172 -0.750000 -0.172692 -1.162408 -0.875000 -0.146318 -0.985589 0.875000 -0.236842 -0.968120 1.000000 -0.283184 -1.157036 -1.000000 -0.251424 -1.026660 0.000272 -0.240700 -0.983039 0.500000 -0.265377 -1.083415 -0.500000 -0.227682 -0.930132 0.750000 -0.264887 -1.082598 -0.750000 -0.268687 -1.096979 -0.875000 -0.227682 -0.930132 0.875000 -0.395310 -1.123023 -1.000000 -0.330638 -0.939667 1.000000 -0.365097 -1.037188 0.000272 -0.349531 -0.993118 0.500000 -0.385342 -1.094525 -0.500000 -0.330638 -0.939667 0.750000 -0.384769 -1.093701 -0.750000 -0.390155 -1.108229 -0.875000 -0.330638 -0.939667 0.875000 -0.425906 -0.900777 1.000000 -0.509195 -1.076532 -1.000000 -0.454538 -0.964658 0.000272 -0.435161 -0.923678 0.500000 -0.479732 -1.017981 -0.500000 -0.411646 -0.873975 0.750000 -0.479094 -1.017209 -0.750000 -0.485730 -1.030724 -0.875000 -0.411646 -0.873975 0.875000 -0.612531 -1.021298 -1.000000 -0.512349 -0.854572 1.000000 -0.565723 -0.943235 0.000272 -0.541610 -0.903167 0.500000 -0.597071 -0.995372 -0.500000 -0.512349 -0.854572 0.750000 -0.596352 -0.994616 -0.750000 -0.604540 -1.007832 -0.875000 -0.512349 -0.854572 0.875000 -0.593455 -0.800379 1.000000 -0.709486 -0.956514 -1.000000 -0.620420 -0.847198 0.000272 -0.593976 -0.811222 0.500000 -0.654795 -0.894020 -0.500000 -0.561889 -0.767590 0.750000 -0.654036 -0.893335 -0.750000 -0.662988 -0.905209 -0.875000 -0.561889 -0.767590 0.875000 -0.800061 -0.882181 -1.000000 -0.669223 -0.738197 1.000000 -0.738927 -0.814746 0.000272 -0.707435 -0.780152 0.500000 -0.779861 -0.859772 -0.500000 -0.669223 -0.738197 0.750000 -0.779016 -0.859110 -0.750000 -0.789622 -0.870532 -0.875000 -0.669223 -0.738197 0.875000 -0.734540 -0.673679 1.000000 -0.878142 -0.805055 -1.000000 -0.773897 -0.717924 0.000272 -0.740916 -0.687455 0.500000 -0.816767 -0.757591 -0.500000 -0.700897 -0.650503 0.750000 -0.815896 -0.757000 -0.750000 -0.826990 -0.767070 -0.875000 -0.700897 -0.650503 0.875000 -0.952475 -0.714481 -1.000000 -0.796722 -0.597911 1.000000 -0.879697 -0.659857 0.000272 -0.842208 -0.631862 0.500000 -0.928423 -0.696310 -0.500000 -0.796722 -0.597911 0.750000 -0.927474 -0.695761 -0.750000 -0.940046 -0.705020 -0.875000 -0.796722 -0.597911 0.875000 -0.854572 -0.512348 1.000000 -1.021631 -0.612197 -1.000000 -0.881945 -0.532754 0.000272 -0.844361 -0.510173 0.500000 -0.930795 -0.562172 -0.500000 -0.798758 -0.482791 0.750000 -0.929845 -0.561716 -0.750000 -0.942448 -0.569200 -0.875000 -0.798758 -0.482791 0.875000 -1.076865 -0.508861 -1.000000 -0.900777 -0.425904 1.000000 -0.994584 -0.469946 0.000272 -0.952201 -0.450041 0.500000 -1.049669 -0.495888 -0.500000 -0.900777 -0.425904 0.750000 -1.048636 -0.495478 -0.750000 -1.062812 -0.502085 -0.875000 -0.900777 -0.425904 0.875000 -0.938106 -0.335784 1.000000 -1.121489 -0.401130 -1.000000 -0.996089 -0.349778 0.000272 -0.953642 -0.334993 0.500000 -1.051257 -0.369070 -0.500000 -0.902140 -0.317066 0.750000 -1.050224 -0.368747 -0.750000 -1.064420 -0.373677 -0.875000 -0.902140 -0.317066 0.875000 -1.155502 -0.289004 -1.000000 -0.966559 -0.241988 1.000000 -1.067213 -0.266884 0.000272 -1.021736 -0.255630 0.500000 -1.126318 -0.281588 -0.500000 -0.966559 -0.241988 0.750000 -1.125232 -0.281326 -0.750000 -1.140422 -0.285098 -0.875000 -0.966559 -0.241988 0.875000 -0.985589 -0.146317 1.000000 -1.178251 -0.174637 -1.000000 -1.052662 -0.157346 0.000272 -1.007805 -0.150759 0.500000 -1.110961 -0.165987 -0.500000 -0.953379 -0.142777 0.750000 -1.109886 -0.165806 -0.750000 -1.124873 -0.168048 -0.875000 -0.953379 -0.142777 0.875000 -1.189735 -0.058030 -1.000000 -0.995196 -0.048772 1.000000 -1.098832 -0.053556 0.000272 -1.052008 -0.051390 0.500000 -1.159686 -0.056452 -0.500000 -0.995196 -0.048772 0.750000 -1.158577 -0.056346 -0.750000 -1.174209 -0.057140 -0.875000 -0.995196 -0.048772 0.875000 -0.995196 0.048774 1.000000 -1.189735 0.058578 -1.000000 -1.041202 0.054239 0.000272 -0.996833 0.051813 0.500000 -1.098866 0.057308 -0.500000 -0.943000 0.048860 0.750000 -1.097800 0.057336 -0.750000 -1.112627 0.058047 -0.875000 -0.943000 0.048860 0.875000 -1.178250 0.175185 -1.000000 -0.985589 0.146319 1.000000 -1.088224 0.161843 0.000272 -1.041852 0.154832 0.500000 -1.148491 0.170868 -0.500000 -0.985589 0.146319 0.750000 -1.147390 0.170816 -0.750000 -1.162874 0.173030 -0.875000 -0.985589 0.146319 0.875000 -0.967947 0.237414 1.000000 -1.157160 0.284082 -1.000000 -0.998662 0.196529 0.000272 -0.956105 0.188041 0.500000 -1.053972 0.207474 -0.500000 -0.904471 0.177735 0.750000 -1.052937 0.207397 -0.750000 -1.067169 0.210096 -0.875000 -0.904471 0.177735 0.875000 -1.123147 0.396208 -1.000000 -0.939494 0.331211 1.000000 -1.037331 0.365981 0.000272 -0.993126 0.350274 0.500000 -1.094781 0.386304 -0.500000 -0.939494 0.331211 0.750000 -1.093717 0.386104 -0.750000 -1.108490 0.391168 -0.875000 -0.939494 0.331211 0.875000 -0.900777 0.425906 1.000000 -1.076864 0.509409 -1.000000 -0.935889 0.408356 0.000272 -0.896006 0.390844 0.500000 -0.987724 0.431024 -0.500000 -0.847615 0.369591 0.750000 -0.986735 0.430793 -0.750000 -1.000091 0.436449 -0.875000 -0.847615 0.369591 0.875000 -1.021630 0.612745 -1.000000 -0.854571 0.512350 1.000000 -0.943569 0.565975 0.000272 -0.903359 0.541748 0.500000 -0.995829 0.597367 -0.500000 -0.854571 0.512350 0.750000 -0.994835 0.597021 -0.750000 -1.008298 0.604878 -0.875000 -0.854571 0.512350 0.875000 -0.857406 0.698630 1.009192 -0.857406 0.698630 0.981762 -0.001221 1.108934 0.981762 -0.001221 1.108934 1.009192 0.215906 1.087549 0.981762 0.215906 1.087549 1.009192 0.424690 1.024215 0.981762 0.424690 1.024215 1.009192 0.617106 0.921366 0.981762 0.617106 0.921366 1.009192 0.785760 0.782956 0.981762 0.785760 0.782956 1.009192 0.924170 0.614302 0.981762 0.924170 0.614302 1.009192 1.027019 0.421886 0.981762 1.027019 0.421886 1.009192 1.090353 0.213102 0.981762 1.090353 0.213102 1.009192 1.111738 -0.004025 0.981762 1.111738 -0.004025 1.009192 1.090353 -0.221153 0.981762 1.090353 -0.221153 1.009192 1.027019 -0.429936 0.981762 1.027019 -0.429936 1.009192 0.924170 -0.622352 0.981762 0.924170 -0.622352 1.009192 0.785760 -0.791006 0.981762 0.785760 -0.791006 1.009192 0.617106 -0.929417 0.981762 0.617106 -0.929417 1.009192 0.424690 -1.032265 0.981762 0.424690 -1.032265 1.009192 0.215906 -1.095599 0.981762 0.215906 -1.095599 1.009192 -0.001221 -1.116984 0.981762 -0.001221 -1.116984 1.009192 -0.218349 -1.095599 0.981762 -0.218349 -1.095599 1.009192 -0.427132 -1.032265 0.981762 -0.427132 -1.032265 1.009192 -0.619548 -0.929416 0.981762 -0.619548 -0.929416 1.009192 -0.788202 -0.791005 0.981762 -0.788202 -0.791005 1.009192 -0.926613 -0.622351 0.981762 -0.926613 -0.622351 1.009192 -1.029461 -0.429935 0.981762 -1.029461 -0.429935 1.009192 -1.092795 -0.221152 0.981762 -1.092795 -0.221152 1.009192 -1.114180 -0.004024 0.981762 -1.114180 -0.004024 1.009192 -1.092795 0.213104 0.981762 -1.092795 0.213104 1.009192 -1.029460 0.421887 0.981762 -1.029460 0.421887 1.009192 -0.926612 0.614303 0.981762 -0.926612 0.614303 1.009192 -0.788201 0.782957 0.981762 -0.788201 0.782957 1.009192 -0.619547 0.921367 0.981762 -0.619547 0.921367 1.009192 -0.427130 1.024215 0.981762 -0.427130 1.024215 1.009192 -0.218347 1.087549 0.981762 -0.218347 1.087549 1.009192 -0.978036 0.518095 0.981762 -0.978036 0.518095 1.009192 -1.061127 0.317495 0.981762 -1.061127 0.317495 1.009192 -0.001221 1.108934 0.995477 0.215906 1.087549 0.995477 0.424690 1.024215 0.995477 0.617106 0.921366 0.995477 0.785760 0.782956 0.995477 0.924170 0.614302 0.995477 1.027019 0.421886 0.995477 1.090353 0.213102 0.995477 1.111738 -0.004025 0.995477 1.090353 -0.221153 0.995477 1.027019 -0.429936 0.995477 0.924170 -0.622352 0.995477 0.785760 -0.791006 0.995477 0.617106 -0.929417 0.995477 0.424690 -1.032265 0.995477 0.215906 -1.095599 0.995477 -0.001221 -1.116984 0.995477 -0.218349 -1.095599 0.995477 -0.427132 -1.032265 0.995477 -0.619548 -0.929416 0.995477 -0.788202 -0.791005 0.995477 -0.926613 -0.622351 0.995477 -1.029461 -0.429935 0.995477 -1.061127 0.317495 0.995477 -1.092795 -0.221152 0.995477 -1.114180 -0.004024 0.995477 -1.092795 0.213104 0.995477 -0.978036 0.518095 0.995477 -1.029460 0.421887 0.995477 -0.926612 0.614303 0.995477 -0.788201 0.782957 0.995477 -0.857406 0.698630 0.995477 -0.619547 0.921367 0.995477 -0.427130 1.024215 0.995477 -0.218347 1.087549 0.995477 -1.103487 0.104540 0.995477 -1.103487 0.104540 0.981762 -1.103487 0.104540 1.009192 -1.103487 -0.112588 0.995477 -1.103487 -0.112588 0.981762 -1.103487 -0.112588 1.009192 -1.061128 -0.325543 0.995477 -1.061128 -0.325543 0.981762 -1.061128 -0.325543 1.009192 -0.978037 -0.526143 0.995477 -0.978037 -0.526143 0.981762 -0.978037 -0.526143 1.009192 -0.703874 0.852162 0.995477 -0.703874 0.852162 0.981762 -0.703874 0.852162 1.009192 -0.523338 0.972791 0.995477 -0.523338 0.972791 0.981762 -0.523338 0.972791 1.009192 -0.322739 1.055882 0.995477 -0.322739 1.055882 0.981762 -0.322739 1.055882 1.009192 -0.109784 1.098241 0.995477 -0.109784 1.098241 0.981762 -0.109784 1.098241 1.009192 0.107343 1.098241 0.981762 0.107343 1.098241 1.009192 0.107343 1.098241 0.995477 -0.857408 -0.706678 0.995477 -0.857408 -0.706678 0.981762 -0.857408 -0.706678 1.009192 -0.703875 -0.860211 0.995477 -0.703875 -0.860211 0.981762 -0.703875 -0.860211 1.009192 -0.523340 -0.980841 0.995477 -0.523340 -0.980841 0.981762 -0.523340 -0.980841 1.009192 -0.322741 -1.063932 0.995477 -0.322741 -1.063932 0.981762 -0.322741 -1.063932 1.009192 -0.109785 -1.106291 0.995477 -0.109785 -1.106291 0.981762 -0.109785 -1.106291 1.009192 0.107342 -1.106291 0.995477 0.107342 -1.106291 0.981762 0.107342 -1.106291 1.009192 0.320298 -1.063932 0.981762 0.320298 -1.063932 1.009192 0.320298 -1.063932 0.995477 0.520898 -0.980841 0.981762 0.520898 -0.980841 1.009192 0.520898 -0.980841 0.995477 0.701433 -0.860211 0.981762 0.701433 -0.860211 1.009192 0.701433 -0.860211 0.995477 0.854965 -0.706679 0.981762 0.854965 -0.706679 1.009192 0.854965 -0.706679 0.995477 0.975595 -0.526144 0.981762 0.975595 -0.526144 1.009192 0.975595 -0.526144 0.995477 1.058686 -0.325544 0.981762 1.058686 -0.325544 1.009192 1.058686 -0.325544 0.995477 1.101045 -0.112589 0.981762 1.101045 -0.112589 1.009192 1.101045 -0.112589 0.995477 1.101045 0.104539 0.981762 1.101045 0.104539 1.009192 1.101045 0.104539 0.995477 1.058686 0.317494 0.981762 1.058686 0.317494 1.009192 1.058686 0.317494 0.995477 0.975595 0.518094 0.981762 0.975595 0.518094 1.009192 0.975595 0.518094 0.995477 0.854965 0.698629 0.981762 0.854965 0.698629 1.009192 0.854965 0.698629 0.995477 0.701433 0.852161 0.981762 0.701433 0.852161 1.009192 0.701433 0.852161 0.995477 0.520898 0.972791 0.981762 0.520898 0.972791 1.009192 0.520898 0.972791 0.995477 1.192892 0.000000 1.026265 1.160928 0.000000 1.034629 1.073603 0.000000 1.040751 0.954314 0.000000 1.042992 0.835024 0.000000 1.040751 0.747699 0.000000 1.034629 0.715735 0.000000 1.026265 0.747699 0.000000 1.017901 0.835024 0.000000 1.011778 0.954314 0.000000 1.009537 1.073603 0.000000 1.011778 1.160928 0.000000 1.017901 1.182687 0.155704 1.026265 1.150997 0.151532 1.034629 1.064418 0.140133 1.040751 0.946149 0.124563 1.042992 0.827881 0.108993 1.040751 0.741302 0.097594 1.034629 0.709612 0.093422 1.026265 0.741302 0.097594 1.017901 0.827881 0.108993 1.011778 0.946149 0.124563 1.009537 1.064418 0.140133 1.011778 1.150997 0.151532 1.017901 1.152245 0.308743 1.026265 1.121371 0.300470 1.034629 1.037021 0.277869 1.040751 0.921796 0.246994 1.042992 0.806572 0.216120 1.040751 0.722221 0.193519 1.034629 0.691347 0.185246 1.026265 0.722221 0.193519 1.017901 0.806572 0.216120 1.011778 0.921796 0.246994 1.009537 1.037021 0.277869 1.011778 1.121371 0.300470 1.017901 1.102088 0.456500 1.026265 1.072558 0.444268 1.034629 0.991880 0.410850 1.040751 0.881671 0.365200 1.042992 0.771462 0.319550 1.040751 0.690784 0.286132 1.034629 0.661253 0.273900 1.026265 0.690784 0.286132 1.017901 0.771462 0.319550 1.011778 0.881671 0.365200 1.009537 0.991880 0.410850 1.011778 1.072558 0.444268 1.017901 1.033075 0.596446 1.026265 1.005394 0.580464 1.034629 0.929767 0.536802 1.040751 0.826460 0.477157 1.042992 0.723152 0.417512 1.040751 0.647526 0.373849 1.034629 0.619845 0.357868 1.026265 0.647526 0.373849 1.017901 0.723152 0.417512 1.011778 0.826460 0.477157 1.009537 0.929767 0.536802 1.011778 1.005394 0.580464 1.017901 0.946385 0.726186 1.026265 0.921027 0.706728 1.034629 0.851746 0.653568 1.040751 0.757108 0.580949 1.042992 0.662469 0.508331 1.040751 0.593189 0.455170 1.034629 0.567831 0.435712 1.026265 0.593189 0.455170 1.017901 0.662469 0.508331 1.011778 0.757108 0.580949 1.009537 0.851746 0.653568 1.011778 0.921027 0.706728 1.017901 0.843502 0.843502 1.026265 0.820900 0.820900 1.034629 0.759152 0.759152 1.040751 0.674802 0.674802 1.042992 0.590451 0.590451 1.040751 0.528703 0.528703 1.034629 0.506101 0.506101 1.026265 0.528703 0.528703 1.017901 0.590451 0.590451 1.011778 0.674802 0.674802 1.009537 0.759152 0.759152 1.011778 0.820900 0.820900 1.017901 0.726187 0.946385 1.026265 0.706729 0.921026 1.034629 0.653568 0.851746 1.040751 0.580949 0.757108 1.042992 0.508331 0.662469 1.040751 0.455170 0.593189 1.034629 0.435712 0.567831 1.026265 0.455170 0.593189 1.017901 0.508331 0.662469 1.011778 0.580949 0.757108 1.009537 0.653568 0.851746 1.011778 0.706729 0.921026 1.017901 0.596446 1.033075 1.026265 0.580464 1.005394 1.034629 0.536801 0.929767 1.040751 0.477157 0.826460 1.042992 0.417512 0.723152 1.040751 0.373849 0.647526 1.034629 0.357868 0.619845 1.026265 0.373849 0.647526 1.017901 0.417512 0.723152 1.011778 0.477157 0.826460 1.009537 0.536801 0.929767 1.011778 0.580464 1.005394 1.017901 0.456500 1.102088 1.026265 0.444268 1.072558 1.034629 0.410850 0.991880 1.040751 0.365200 0.881671 1.042992 0.319550 0.771462 1.040751 0.286132 0.690783 1.034629 0.273900 0.661253 1.026265 0.286132 0.690783 1.017901 0.319550 0.771462 1.011778 0.365200 0.881671 1.009537 0.410850 0.991880 1.011778 0.444268 1.072558 1.017901 0.308743 1.152245 1.026265 0.300470 1.121371 1.034629 0.277869 1.037021 1.040751 0.246995 0.921796 1.042992 0.216120 0.806572 1.040751 0.193519 0.722221 1.034629 0.185246 0.691347 1.026265 0.193519 0.722221 1.017901 0.216120 0.806572 1.011778 0.246995 0.921796 1.009537 0.277869 1.037021 1.011778 0.300470 1.121371 1.017901 0.155703 1.182687 1.026265 0.151531 1.150997 1.034629 0.140133 1.064418 1.040751 0.124563 0.946149 1.042992 0.108992 0.827881 1.040751 0.097594 0.741302 1.034629 0.093422 0.709612 1.026265 0.097594 0.741302 1.017901 0.108992 0.827881 1.011778 0.124563 0.946149 1.009537 0.140133 1.064418 1.011778 0.151531 1.150997 1.017901 0.000000 1.192892 1.026265 0.000000 1.160928 1.034629 0.000000 1.073603 1.040751 0.000000 0.954314 1.042992 0.000000 0.835024 1.040751 0.000000 0.747699 1.034629 0.000000 0.715735 1.026265 0.000000 0.747699 1.017901 0.000000 0.835024 1.011778 0.000000 0.954314 1.009537 0.000000 1.073603 1.011778 0.000000 1.160928 1.017901 -0.155704 1.182687 1.026265 -0.151532 1.150997 1.034629 -0.140133 1.064418 1.040751 -0.124563 0.946149 1.042992 -0.108993 0.827881 1.040751 -0.097594 0.741302 1.034629 -0.093422 0.709612 1.026265 -0.097594 0.741302 1.017901 -0.108993 0.827881 1.011778 -0.124563 0.946149 1.009537 -0.140133 1.064418 1.011778 -0.151532 1.150997 1.017901 -0.308743 1.152245 1.026265 -0.300470 1.121371 1.034629 -0.277869 1.037021 1.040751 -0.246994 0.921796 1.042992 -0.216120 0.806572 1.040751 -0.193519 0.722221 1.034629 -0.185246 0.691347 1.026265 -0.193519 0.722221 1.017901 -0.216120 0.806572 1.011778 -0.246994 0.921796 1.009537 -0.277869 1.037021 1.011778 -0.300470 1.121371 1.017901 -0.456500 1.102088 1.026265 -0.444268 1.072558 1.034629 -0.410850 0.991880 1.040751 -0.365200 0.881671 1.042992 -0.319550 0.771462 1.040751 -0.286132 0.690783 1.034629 -0.273900 0.661253 1.026265 -0.286132 0.690783 1.017901 -0.319550 0.771462 1.011778 -0.365200 0.881671 1.009537 -0.410850 0.991880 1.011778 -0.444268 1.072558 1.017901 -0.596446 1.033075 1.026265 -0.580464 1.005394 1.034629 -0.536801 0.929767 1.040751 -0.477157 0.826460 1.042992 -0.417512 0.723152 1.040751 -0.373849 0.647526 1.034629 -0.357867 0.619845 1.026265 -0.373849 0.647526 1.017901 -0.417512 0.723152 1.011778 -0.477157 0.826460 1.009537 -0.536801 0.929767 1.011778 -0.580464 1.005394 1.017901 -0.726187 0.946385 1.026265 -0.706729 0.921027 1.034629 -0.653568 0.851746 1.040751 -0.580949 0.757108 1.042992 -0.508331 0.662469 1.040751 -0.455170 0.593189 1.034629 -0.435712 0.567831 1.026265 -0.455170 0.593189 1.017901 -0.508331 0.662469 1.011778 -0.580949 0.757108 1.009537 -0.653568 0.851746 1.011778 -0.706729 0.921027 1.017901 -0.843502 0.843502 1.026265 -0.820901 0.820900 1.034629 -0.759152 0.759152 1.040751 -0.674802 0.674801 1.042992 -0.590452 0.590451 1.040751 -0.528703 0.528703 1.034629 -0.506101 0.506101 1.026265 -0.528703 0.528703 1.017901 -0.590452 0.590451 1.011778 -0.674802 0.674801 1.009537 -0.759152 0.759152 1.011778 -0.820901 0.820900 1.017901 -0.946385 0.726187 1.026265 -0.921027 0.706729 1.034629 -0.851746 0.653568 1.040751 -0.757108 0.580949 1.042992 -0.662469 0.508331 1.040751 -0.593189 0.455170 1.034629 -0.567831 0.435712 1.026265 -0.593189 0.455170 1.017901 -0.662469 0.508331 1.011778 -0.757108 0.580949 1.009537 -0.851746 0.653568 1.011778 -0.921027 0.706729 1.017901 -1.033075 0.596446 1.026265 -1.005393 0.580465 1.034629 -0.929767 0.536802 1.040751 -0.826460 0.477157 1.042992 -0.723152 0.417512 1.040751 -0.647526 0.373849 1.034629 -0.619845 0.357868 1.026265 -0.647526 0.373849 1.017901 -0.723152 0.417512 1.011778 -0.826460 0.477157 1.009537 -0.929767 0.536802 1.011778 -1.005393 0.580465 1.017901 -1.102088 0.456500 1.026265 -1.072558 0.444268 1.034629 -0.991880 0.410850 1.040751 -0.881671 0.365200 1.042992 -0.771462 0.319550 1.040751 -0.690783 0.286132 1.034629 -0.661253 0.273900 1.026265 -0.690783 0.286132 1.017901 -0.771462 0.319550 1.011778 -0.881671 0.365200 1.009537 -0.991880 0.410850 1.011778 -1.072558 0.444268 1.017901 -1.152245 0.308743 1.026265 -1.121371 0.300470 1.034629 -1.037021 0.277869 1.040751 -0.921796 0.246994 1.042992 -0.806572 0.216120 1.040751 -0.722221 0.193519 1.034629 -0.691347 0.185246 1.026265 -0.722221 0.193519 1.017901 -0.806572 0.216120 1.011778 -0.921796 0.246994 1.009537 -1.037021 0.277869 1.011778 -1.121371 0.300470 1.017901 -1.182687 0.155704 1.026265 -1.150997 0.151532 1.034629 -1.064418 0.140133 1.040751 -0.946149 0.124563 1.042992 -0.827881 0.108993 1.040751 -0.741302 0.097594 1.034629 -0.709612 0.093422 1.026265 -0.741302 0.097594 1.017901 -0.827881 0.108993 1.011778 -0.946149 0.124563 1.009537 -1.064418 0.140133 1.011778 -1.150997 0.151532 1.017901 -1.192892 0.000000 1.026265 -1.160928 0.000000 1.034629 -1.073603 0.000000 1.040751 -0.954314 0.000000 1.042992 -0.835024 0.000000 1.040751 -0.747699 0.000000 1.034629 -0.715735 0.000000 1.026265 -0.747699 0.000000 1.017901 -0.835024 0.000000 1.011778 -0.954314 0.000000 1.009537 -1.073603 0.000000 1.011778 -1.160928 0.000000 1.017901 -1.182687 -0.155704 1.026265 -1.150997 -0.151532 1.034629 -1.064418 -0.140133 1.040751 -0.946149 -0.124563 1.042992 -0.827881 -0.108993 1.040751 -0.741302 -0.097594 1.034629 -0.709612 -0.093422 1.026265 -0.741302 -0.097594 1.017901 -0.827881 -0.108993 1.011778 -0.946149 -0.124563 1.009537 -1.064418 -0.140133 1.011778 -1.150997 -0.151532 1.017901 -1.152245 -0.308743 1.026265 -1.121371 -0.300470 1.034629 -1.037021 -0.277869 1.040751 -0.921796 -0.246994 1.042992 -0.806572 -0.216120 1.040751 -0.722221 -0.193519 1.034629 -0.691347 -0.185246 1.026265 -0.722221 -0.193519 1.017901 -0.806572 -0.216120 1.011778 -0.921796 -0.246994 1.009537 -1.037021 -0.277869 1.011778 -1.121371 -0.300470 1.017901 -1.102089 -0.456500 1.026265 -1.072558 -0.444268 1.034629 -0.991880 -0.410850 1.040751 -0.881671 -0.365200 1.042992 -0.771462 -0.319550 1.040751 -0.690784 -0.286132 1.034629 -0.661253 -0.273900 1.026265 -0.690784 -0.286132 1.017901 -0.771462 -0.319550 1.011778 -0.881671 -0.365200 1.009537 -0.991880 -0.410850 1.011778 -1.072558 -0.444268 1.017901 -1.033075 -0.596446 1.026265 -1.005394 -0.580464 1.034629 -0.929767 -0.536801 1.040751 -0.826460 -0.477157 1.042992 -0.723152 -0.417512 1.040751 -0.647526 -0.373849 1.034629 -0.619845 -0.357867 1.026265 -0.647526 -0.373849 1.017901 -0.723152 -0.417512 1.011778 -0.826460 -0.477157 1.009537 -0.929767 -0.536801 1.011778 -1.005394 -0.580464 1.017901 -0.946385 -0.726187 1.026265 -0.921027 -0.706729 1.034629 -0.851746 -0.653568 1.040751 -0.757108 -0.580949 1.042992 -0.662469 -0.508331 1.040751 -0.593189 -0.455170 1.034629 -0.567831 -0.435712 1.026265 -0.593189 -0.455170 1.017901 -0.662469 -0.508331 1.011778 -0.757108 -0.580949 1.009537 -0.851746 -0.653568 1.011778 -0.921027 -0.706729 1.017901 -0.843502 -0.843502 1.026265 -0.820901 -0.820900 1.034629 -0.759152 -0.759152 1.040751 -0.674802 -0.674801 1.042992 -0.590452 -0.590451 1.040751 -0.528703 -0.528703 1.034629 -0.506101 -0.506101 1.026265 -0.528703 -0.528703 1.017901 -0.590452 -0.590451 1.011778 -0.674802 -0.674801 1.009537 -0.759152 -0.759152 1.011778 -0.820901 -0.820900 1.017901 -0.726187 -0.946384 1.026265 -0.706729 -0.921026 1.034629 -0.653568 -0.851746 1.040751 -0.580950 -0.757108 1.042992 -0.508331 -0.662469 1.040751 -0.455170 -0.593189 1.034629 -0.435712 -0.567831 1.026265 -0.455170 -0.593189 1.017901 -0.508331 -0.662469 1.011778 -0.580950 -0.757108 1.009537 -0.653568 -0.851746 1.011778 -0.706729 -0.921026 1.017901 -0.596446 -1.033075 1.026265 -0.580464 -1.005394 1.034629 -0.536801 -0.929767 1.040751 -0.477157 -0.826460 1.042992 -0.417512 -0.723152 1.040751 -0.373849 -0.647526 1.034629 -0.357867 -0.619845 1.026265 -0.373849 -0.647526 1.017901 -0.417512 -0.723152 1.011778 -0.477157 -0.826460 1.009537 -0.536801 -0.929767 1.011778 -0.580464 -1.005394 1.017901 -0.456500 -1.102088 1.026265 -0.444268 -1.072558 1.034629 -0.410850 -0.991880 1.040751 -0.365200 -0.881671 1.042992 -0.319550 -0.771462 1.040751 -0.286132 -0.690783 1.034629 -0.273900 -0.661253 1.026265 -0.286132 -0.690783 1.017901 -0.319550 -0.771462 1.011778 -0.365200 -0.881671 1.009537 -0.410850 -0.991880 1.011778 -0.444268 -1.072558 1.017901 -0.308744 -1.152245 1.026265 -0.300471 -1.121371 1.034629 -0.277869 -1.037021 1.040751 -0.246995 -0.921796 1.042992 -0.216120 -0.806572 1.040751 -0.193519 -0.722221 1.034629 -0.185246 -0.691347 1.026265 -0.193519 -0.722221 1.017901 -0.216120 -0.806572 1.011778 -0.246995 -0.921796 1.009537 -0.277869 -1.037021 1.011778 -0.300471 -1.121371 1.017901 -0.155704 -1.182687 1.026265 -0.151532 -1.150997 1.034629 -0.140134 -1.064418 1.040751 -0.124563 -0.946149 1.042992 -0.108993 -0.827881 1.040751 -0.097595 -0.741302 1.034629 -0.093423 -0.709612 1.026265 -0.097595 -0.741302 1.017901 -0.108993 -0.827881 1.011778 -0.124563 -0.946149 1.009537 -0.140134 -1.064418 1.011778 -0.151532 -1.150997 1.017901 0.000000 -1.192892 1.026265 0.000000 -1.160928 1.034629 0.000000 -1.073603 1.040751 0.000000 -0.954314 1.042992 0.000000 -0.835024 1.040751 0.000000 -0.747699 1.034629 0.000000 -0.715735 1.026265 0.000000 -0.747699 1.017901 0.000000 -0.835024 1.011778 0.000000 -0.954314 1.009537 0.000000 -1.073603 1.011778 0.000000 -1.160928 1.017901 0.155703 -1.182687 1.026265 0.151531 -1.150997 1.034629 0.140133 -1.064418 1.040751 0.124563 -0.946149 1.042992 0.108992 -0.827881 1.040751 0.097594 -0.741302 1.034629 0.093422 -0.709612 1.026265 0.097594 -0.741302 1.017901 0.108992 -0.827881 1.011778 0.124563 -0.946149 1.009537 0.140133 -1.064418 1.011778 0.151531 -1.150997 1.017901 0.308743 -1.152245 1.026265 0.300470 -1.121371 1.034629 0.277868 -1.037021 1.040751 0.246994 -0.921796 1.042992 0.216120 -0.806572 1.040751 0.193518 -0.722221 1.034629 0.185246 -0.691347 1.026265 0.193518 -0.722221 1.017901 0.216120 -0.806572 1.011778 0.246994 -0.921796 1.009537 0.277868 -1.037021 1.011778 0.300470 -1.121371 1.017901 0.456500 -1.102088 1.026265 0.444268 -1.072558 1.034629 0.410850 -0.991879 1.040751 0.365200 -0.881671 1.042992 0.319550 -0.771462 1.040751 0.286132 -0.690783 1.034629 0.273900 -0.661253 1.026265 0.286132 -0.690783 1.017901 0.319550 -0.771462 1.011778 0.365200 -0.881671 1.009537 0.410850 -0.991879 1.011778 0.444268 -1.072558 1.017901 0.596446 -1.033075 1.026265 0.580464 -1.005394 1.034629 0.536801 -0.929767 1.040751 0.477157 -0.826460 1.042992 0.417512 -0.723152 1.040751 0.373849 -0.647526 1.034629 0.357868 -0.619845 1.026265 0.373849 -0.647526 1.017901 0.417512 -0.723152 1.011778 0.477157 -0.826460 1.009537 0.536801 -0.929767 1.011778 0.580464 -1.005394 1.017901 0.726186 -0.946385 1.026265 0.706728 -0.921027 1.034629 0.653568 -0.851746 1.040751 0.580949 -0.757108 1.042992 0.508330 -0.662470 1.040751 0.455170 -0.593189 1.034629 0.435712 -0.567831 1.026265 0.455170 -0.593189 1.017901 0.508330 -0.662470 1.011778 0.580949 -0.757108 1.009537 0.653568 -0.851746 1.011778 0.706728 -0.921027 1.017901 0.843502 -0.843502 1.026265 0.820900 -0.820901 1.034629 0.759151 -0.759152 1.040751 0.674801 -0.674802 1.042992 0.590451 -0.590452 1.040751 0.528702 -0.528703 1.034629 0.506101 -0.506101 1.026265 0.528702 -0.528703 1.017901 0.590451 -0.590452 1.011778 0.674801 -0.674802 1.009537 0.759151 -0.759152 1.011778 0.820900 -0.820901 1.017901 0.946385 -0.726186 1.026265 0.921027 -0.706728 1.034629 0.851746 -0.653568 1.040751 0.757108 -0.580949 1.042992 0.662469 -0.508331 1.040751 0.593189 -0.455170 1.034629 0.567831 -0.435712 1.026265 0.593189 -0.455170 1.017901 0.662469 -0.508331 1.011778 0.757108 -0.580949 1.009537 0.851746 -0.653568 1.011778 0.921027 -0.706728 1.017901 1.033075 -0.596446 1.026265 1.005394 -0.580464 1.034629 0.929767 -0.536802 1.040751 0.826460 -0.477157 1.042992 0.723152 -0.417512 1.040751 0.647526 -0.373849 1.034629 0.619845 -0.357868 1.026265 0.647526 -0.373849 1.017901 0.723152 -0.417512 1.011778 0.826460 -0.477157 1.009537 0.929767 -0.536802 1.011778 1.005394 -0.580464 1.017901 1.102088 -0.456500 1.026265 1.072558 -0.444269 1.034629 0.991879 -0.410850 1.040751 0.881671 -0.365200 1.042992 0.771462 -0.319550 1.040751 0.690783 -0.286132 1.034629 0.661253 -0.273900 1.026265 0.690783 -0.286132 1.017901 0.771462 -0.319550 1.011778 0.881671 -0.365200 1.009537 0.991879 -0.410850 1.011778 1.072558 -0.444269 1.017901 1.152245 -0.308743 1.026265 1.121371 -0.300470 1.034629 1.037021 -0.277869 1.040751 0.921796 -0.246994 1.042992 0.806572 -0.216120 1.040751 0.722221 -0.193518 1.034629 0.691347 -0.185246 1.026265 0.722221 -0.193518 1.017901 0.806572 -0.216120 1.011778 0.921796 -0.246994 1.009537 1.037021 -0.277869 1.011778 1.121371 -0.300470 1.017901 1.182687 -0.155704 1.026265 1.150997 -0.151532 1.034629 1.064418 -0.140133 1.040751 0.946149 -0.124563 1.042992 0.827881 -0.108993 1.040751 0.741302 -0.097594 1.034629 0.709612 -0.093422 1.026265 0.741302 -0.097594 1.017901 0.827881 -0.108993 1.011778 0.946149 -0.124563 1.009537 1.064418 -0.140133 1.011778 1.150997 -0.151532 1.017901 -1.425689 -1.425689 1.029437 -1.425689 -1.425689 1.066238 -1.425689 1.425689 1.029437 -1.425689 1.425689 1.066238 1.425689 -1.425689 1.029437 1.425689 -1.425689 1.066238 1.425689 1.425689 1.029437 1.425689 1.425689 1.066238 -1.485495 -1.485495 -1.052275 -1.485495 -1.485495 -0.992203 -1.485495 1.485495 -1.052275 -1.485495 1.485495 -0.992203 1.485495 -1.485495 -1.052275 1.485495 -1.485495 -0.992203 1.485495 1.485495 -1.052275 1.485495 1.485495 -0.992203 1.290756 -0.000000 -0.980619 1.256171 -0.000000 -0.962456 1.161681 -0.000000 -0.949160 1.032605 -0.000000 -0.944293 0.903529 -0.000000 -0.949160 0.809039 -0.000000 -0.962456 0.774454 -0.000000 -0.980619 0.809039 -0.000000 -0.998782 0.903529 -0.000000 -1.012079 1.032605 -0.000000 -1.016945 1.161681 -0.000000 -1.012079 1.256171 -0.000000 -0.998782 1.279714 0.168477 -0.980619 1.245424 0.163963 -0.962456 1.151742 0.151630 -0.949160 1.023771 0.134782 -0.944293 0.895800 0.117934 -0.949160 0.802118 0.105601 -0.962456 0.767828 0.101086 -0.980619 0.802118 0.105601 -0.998782 0.895800 0.117934 -1.012079 1.023771 0.134782 -1.016945 1.151742 0.151630 -1.012079 1.245424 0.163963 -0.998782 1.246775 0.334072 -0.980619 1.213368 0.325121 -0.962456 1.122097 0.300665 -0.949160 0.997420 0.267258 -0.944293 0.872742 0.233851 -0.949160 0.781472 0.209395 -0.962456 0.748065 0.200443 -0.980619 0.781472 0.209395 -0.998782 0.872742 0.233851 -1.012079 0.997420 0.267258 -1.016945 1.122097 0.300665 -1.012079 1.213368 0.325121 -0.998782 1.192503 0.493951 -0.980619 1.160550 0.480716 -0.962456 1.073253 0.444556 -0.949160 0.954003 0.395161 -0.944293 0.834752 0.345766 -0.949160 0.747455 0.309606 -0.962456 0.715502 0.296371 -0.980619 0.747455 0.309606 -0.998782 0.834752 0.345766 -1.012079 0.954003 0.395161 -1.016945 1.073253 0.444556 -1.012079 1.160550 0.480716 -0.998782 1.117828 0.645378 -0.980619 1.087876 0.628085 -0.962456 1.006045 0.580840 -0.949160 0.894262 0.516303 -0.944293 0.782479 0.451765 -0.949160 0.700649 0.404520 -0.962456 0.670697 0.387227 -0.980619 0.700649 0.404520 -0.998782 0.782479 0.451765 -1.012079 0.894262 0.516303 -1.016945 1.006045 0.580840 -1.012079 1.087876 0.628085 -0.998782 1.024026 0.785762 -0.980619 0.996587 0.764708 -0.962456 0.921623 0.707186 -0.949160 0.819221 0.628610 -0.944293 0.716818 0.550034 -0.949160 0.641854 0.492512 -0.962456 0.614416 0.471458 -0.980619 0.641854 0.492512 -0.998782 0.716818 0.550034 -1.012079 0.819221 0.628610 -1.016945 0.921623 0.707186 -1.012079 0.996587 0.764708 -0.998782 0.912702 0.912703 -0.980619 0.888247 0.888247 -0.962456 0.821432 0.821432 -0.949160 0.730162 0.730162 -0.944293 0.638892 0.638892 -0.949160 0.572077 0.572077 -0.962456 0.547621 0.547622 -0.980619 0.572077 0.572077 -0.998782 0.638892 0.638892 -1.012079 0.730162 0.730162 -1.016945 0.821432 0.821432 -1.012079 0.888247 0.888247 -0.998782 0.785763 1.024026 -0.980619 0.764708 0.996587 -0.962456 0.707187 0.921623 -0.949160 0.628610 0.819221 -0.944293 0.550034 0.716818 -0.949160 0.492512 0.641854 -0.962456 0.471458 0.614415 -0.980619 0.492512 0.641854 -0.998782 0.550034 0.716818 -1.012079 0.628610 0.819221 -1.016945 0.707187 0.921623 -1.012079 0.764708 0.996587 -0.998782 0.645378 1.117828 -0.980619 0.628085 1.087876 -0.962456 0.580840 1.006045 -0.949160 0.516302 0.894262 -0.944293 0.451765 0.782479 -0.949160 0.404520 0.700649 -0.962456 0.387227 0.670697 -0.980619 0.404520 0.700649 -0.998782 0.451765 0.782479 -1.012079 0.516302 0.894262 -1.016945 0.580840 1.006045 -1.012079 0.628085 1.087876 -0.998782 0.493951 1.192503 -0.980619 0.480716 1.160550 -0.962456 0.444556 1.073253 -0.949160 0.395161 0.954003 -0.944293 0.345766 0.834752 -0.949160 0.309606 0.747455 -0.962456 0.296371 0.715502 -0.980619 0.309606 0.747455 -0.998782 0.345766 0.834752 -1.012079 0.395161 0.954003 -1.016945 0.444556 1.073253 -1.012079 0.480716 1.160550 -0.998782 0.334072 1.246775 -0.980619 0.325121 1.213368 -0.962456 0.300665 1.122097 -0.949160 0.267258 0.997420 -0.944293 0.233851 0.872742 -0.949160 0.209395 0.781472 -0.962456 0.200443 0.748065 -0.980619 0.209395 0.781472 -0.998782 0.233851 0.872742 -1.012079 0.267258 0.997420 -1.016945 0.300665 1.122097 -1.012079 0.325121 1.213368 -0.998782 0.168477 1.279714 -0.980619 0.163963 1.245424 -0.962456 0.151630 1.151742 -0.949160 0.134782 1.023771 -0.944293 0.117934 0.895800 -0.949160 0.105601 0.802118 -0.962456 0.101086 0.767828 -0.980619 0.105601 0.802118 -0.998782 0.117934 0.895800 -1.012079 0.134782 1.023771 -1.016945 0.151630 1.151742 -1.012079 0.163963 1.245424 -0.998782 0.000000 1.290756 -0.980619 0.000000 1.256171 -0.962456 0.000000 1.161681 -0.949160 0.000000 1.032605 -0.944293 0.000000 0.903529 -0.949160 0.000000 0.809039 -0.962456 0.000000 0.774454 -0.980619 0.000000 0.809039 -0.998782 0.000000 0.903529 -1.012079 0.000000 1.032605 -1.016945 0.000000 1.161681 -1.012079 0.000000 1.256171 -0.998782 -0.168478 1.279714 -0.980619 -0.163963 1.245424 -0.962456 -0.151630 1.151742 -0.949160 -0.134782 1.023771 -0.944293 -0.117934 0.895800 -0.949160 -0.105601 0.802118 -0.962456 -0.101087 0.767828 -0.980619 -0.105601 0.802118 -0.998782 -0.117934 0.895800 -1.012079 -0.134782 1.023771 -1.016945 -0.151630 1.151742 -1.012079 -0.163963 1.245424 -0.998782 -0.334072 1.246775 -0.980619 -0.325121 1.213368 -0.962456 -0.300665 1.122097 -0.949160 -0.267258 0.997420 -0.944293 -0.233851 0.872742 -0.949160 -0.209395 0.781472 -0.962456 -0.200443 0.748065 -0.980619 -0.209395 0.781472 -0.998782 -0.233851 0.872742 -1.012079 -0.267258 0.997420 -1.016945 -0.300665 1.122097 -1.012079 -0.325121 1.213368 -0.998782 -0.493951 1.192503 -0.980619 -0.480716 1.160550 -0.962456 -0.444556 1.073253 -0.949160 -0.395161 0.954003 -0.944293 -0.345766 0.834752 -0.949160 -0.309606 0.747455 -0.962456 -0.296371 0.715502 -0.980619 -0.309606 0.747455 -0.998782 -0.345766 0.834752 -1.012079 -0.395161 0.954003 -1.016945 -0.444556 1.073253 -1.012079 -0.480716 1.160550 -0.998782 -0.645378 1.117828 -0.980619 -0.628085 1.087876 -0.962456 -0.580840 1.006045 -0.949160 -0.516302 0.894262 -0.944293 -0.451765 0.782480 -0.949160 -0.404520 0.700649 -0.962456 -0.387227 0.670697 -0.980619 -0.404520 0.700649 -0.998782 -0.451765 0.782480 -1.012079 -0.516302 0.894262 -1.016945 -0.580840 1.006045 -1.012079 -0.628085 1.087876 -0.998782 -0.785763 1.024026 -0.980619 -0.764708 0.996587 -0.962456 -0.707186 0.921623 -0.949160 -0.628610 0.819221 -0.944293 -0.550034 0.716818 -0.949160 -0.492512 0.641854 -0.962456 -0.471458 0.614415 -0.980619 -0.492512 0.641854 -0.998782 -0.550034 0.716818 -1.012079 -0.628610 0.819221 -1.016945 -0.707186 0.921623 -1.012079 -0.764708 0.996587 -0.998782 -0.912703 0.912702 -0.980619 -0.888247 0.888247 -0.962456 -0.821432 0.821432 -0.949160 -0.730162 0.730162 -0.944293 -0.638892 0.638892 -0.949160 -0.572077 0.572077 -0.962456 -0.547622 0.547621 -0.980619 -0.572077 0.572077 -0.998782 -0.638892 0.638892 -1.012079 -0.730162 0.730162 -1.016945 -0.821432 0.821432 -1.012079 -0.888247 0.888247 -0.998782 -1.024026 0.785763 -0.980619 -0.996587 0.764708 -0.962456 -0.921623 0.707186 -0.949160 -0.819221 0.628610 -0.944293 -0.716818 0.550034 -0.949160 -0.641854 0.492512 -0.962456 -0.614415 0.471458 -0.980619 -0.641854 0.492512 -0.998782 -0.716818 0.550034 -1.012079 -0.819221 0.628610 -1.016945 -0.921623 0.707186 -1.012079 -0.996587 0.764708 -0.998782 -1.117828 0.645378 -0.980619 -1.087875 0.628086 -0.962456 -1.006045 0.580841 -0.949160 -0.894262 0.516303 -0.944293 -0.782479 0.451765 -0.949160 -0.700649 0.404520 -0.962456 -0.670697 0.387227 -0.980619 -0.700649 0.404520 -0.998782 -0.782479 0.451765 -1.012079 -0.894262 0.516303 -1.016945 -1.006045 0.580841 -1.012079 -1.087875 0.628086 -0.998782 -1.192503 0.493951 -0.980619 -1.160550 0.480716 -0.962456 -1.073253 0.444556 -0.949160 -0.954003 0.395161 -0.944293 -0.834752 0.345766 -0.949160 -0.747455 0.309606 -0.962456 -0.715502 0.296371 -0.980619 -0.747455 0.309606 -0.998782 -0.834752 0.345766 -1.012079 -0.954003 0.395161 -1.016945 -1.073253 0.444556 -1.012079 -1.160550 0.480716 -0.998782 -1.246775 0.334072 -0.980619 -1.213368 0.325121 -0.962456 -1.122097 0.300665 -0.949160 -0.997420 0.267258 -0.944293 -0.872742 0.233851 -0.949160 -0.781472 0.209395 -0.962456 -0.748065 0.200443 -0.980619 -0.781472 0.209395 -0.998782 -0.872742 0.233851 -1.012079 -0.997420 0.267258 -1.016945 -1.122097 0.300665 -1.012079 -1.213368 0.325121 -0.998782 -1.279714 0.168478 -0.980619 -1.245424 0.163963 -0.962456 -1.151742 0.151630 -0.949160 -1.023771 0.134782 -0.944293 -0.895800 0.117934 -0.949160 -0.802118 0.105601 -0.962456 -0.767828 0.101087 -0.980619 -0.802118 0.105601 -0.998782 -0.895800 0.117934 -1.012079 -1.023771 0.134782 -1.016945 -1.151742 0.151630 -1.012079 -1.245424 0.163963 -0.998782 -1.290756 0.000000 -0.980619 -1.256171 0.000000 -0.962456 -1.161681 0.000000 -0.949160 -1.032605 0.000000 -0.944293 -0.903529 0.000000 -0.949160 -0.809039 0.000000 -0.962456 -0.774454 0.000000 -0.980619 -0.809039 0.000000 -0.998782 -0.903529 0.000000 -1.012079 -1.032605 0.000000 -1.016945 -1.161681 0.000000 -1.012079 -1.256171 0.000000 -0.998782 -1.279714 -0.168478 -0.980619 -1.245424 -0.163963 -0.962456 -1.151742 -0.151630 -0.949160 -1.023771 -0.134782 -0.944293 -0.895800 -0.117934 -0.949160 -0.802118 -0.105601 -0.962456 -0.767828 -0.101087 -0.980619 -0.802118 -0.105601 -0.998782 -0.895800 -0.117934 -1.012079 -1.023771 -0.134782 -1.016945 -1.151742 -0.151630 -1.012079 -1.245424 -0.163963 -0.998782 -1.246775 -0.334072 -0.980619 -1.213368 -0.325121 -0.962456 -1.122097 -0.300665 -0.949160 -0.997420 -0.267258 -0.944293 -0.872742 -0.233851 -0.949160 -0.781472 -0.209395 -0.962456 -0.748065 -0.200443 -0.980619 -0.781472 -0.209395 -0.998782 -0.872742 -0.233851 -1.012079 -0.997420 -0.267258 -1.016945 -1.122097 -0.300665 -1.012079 -1.213368 -0.325121 -0.998782 -1.192504 -0.493951 -0.980619 -1.160551 -0.480715 -0.962456 -1.073253 -0.444556 -0.949160 -0.954003 -0.395160 -0.944293 -0.834753 -0.345765 -0.949160 -0.747455 -0.309606 -0.962456 -0.715502 -0.296370 -0.980619 -0.747455 -0.309606 -0.998782 -0.834753 -0.345765 -1.012079 -0.954003 -0.395160 -1.016945 -1.073253 -0.444556 -1.012079 -1.160551 -0.480715 -0.998782 -1.117828 -0.645378 -0.980619 -1.087876 -0.628085 -0.962456 -1.006045 -0.580840 -0.949160 -0.894262 -0.516302 -0.944293 -0.782480 -0.451765 -0.949160 -0.700649 -0.404520 -0.962456 -0.670697 -0.387227 -0.980619 -0.700649 -0.404520 -0.998782 -0.782480 -0.451765 -1.012079 -0.894262 -0.516302 -1.016945 -1.006045 -0.580840 -1.012079 -1.087876 -0.628085 -0.998782 -1.024026 -0.785763 -0.980619 -0.996587 -0.764708 -0.962456 -0.921623 -0.707186 -0.949160 -0.819221 -0.628610 -0.944293 -0.716818 -0.550034 -0.949160 -0.641854 -0.492512 -0.962456 -0.614415 -0.471458 -0.980619 -0.641854 -0.492512 -0.998782 -0.716818 -0.550034 -1.012079 -0.819221 -0.628610 -1.016945 -0.921623 -0.707186 -1.012079 -0.996587 -0.764708 -0.998782 -0.912703 -0.912702 -0.980619 -0.888247 -0.888247 -0.962456 -0.821432 -0.821432 -0.949160 -0.730162 -0.730162 -0.944293 -0.638892 -0.638892 -0.949160 -0.572077 -0.572077 -0.962456 -0.547622 -0.547621 -0.980619 -0.572077 -0.572077 -0.998782 -0.638892 -0.638892 -1.012079 -0.730162 -0.730162 -1.016945 -0.821432 -0.821432 -1.012079 -0.888247 -0.888247 -0.998782 -0.785763 -1.024025 -0.980619 -0.764709 -0.996587 -0.962456 -0.707187 -0.921623 -0.949160 -0.628611 -0.819220 -0.944293 -0.550034 -0.716818 -0.949160 -0.492512 -0.641854 -0.962456 -0.471458 -0.614415 -0.980619 -0.492512 -0.641854 -0.998782 -0.550034 -0.716818 -1.012079 -0.628611 -0.819220 -1.016945 -0.707187 -0.921623 -1.012079 -0.764709 -0.996587 -0.998782 -0.645378 -1.117828 -0.980619 -0.628085 -1.087876 -0.962456 -0.580840 -1.006045 -0.949160 -0.516302 -0.894262 -0.944293 -0.451765 -0.782480 -0.949160 -0.404520 -0.700649 -0.962456 -0.387227 -0.670697 -0.980619 -0.404520 -0.700649 -0.998782 -0.451765 -0.782480 -1.012079 -0.516302 -0.894262 -1.016945 -0.580840 -1.006045 -1.012079 -0.628085 -1.087876 -0.998782 -0.493951 -1.192503 -0.980619 -0.480716 -1.160550 -0.962456 -0.444556 -1.073253 -0.949160 -0.395161 -0.954003 -0.944293 -0.345766 -0.834752 -0.949160 -0.309606 -0.747455 -0.962456 -0.296371 -0.715502 -0.980619 -0.309606 -0.747455 -0.998782 -0.345766 -0.834752 -1.012079 -0.395161 -0.954003 -1.016945 -0.444556 -1.073253 -1.012079 -0.480716 -1.160550 -0.998782 -0.334073 -1.246775 -0.980619 -0.325121 -1.213367 -0.962456 -0.300665 -1.122097 -0.949160 -0.267258 -0.997420 -0.944293 -0.233851 -0.872742 -0.949160 -0.209395 -0.781472 -0.962456 -0.200444 -0.748065 -0.980619 -0.209395 -0.781472 -0.998782 -0.233851 -0.872742 -1.012079 -0.267258 -0.997420 -1.016945 -0.300665 -1.122097 -1.012079 -0.325121 -1.213367 -0.998782 -0.168478 -1.279714 -0.980619 -0.163964 -1.245424 -0.962456 -0.151630 -1.151742 -0.949160 -0.134783 -1.023771 -0.944293 -0.117935 -0.895800 -0.949160 -0.105601 -0.802118 -0.962456 -0.101087 -0.767828 -0.980619 -0.105601 -0.802118 -0.998782 -0.117935 -0.895800 -1.012079 -0.134783 -1.023771 -1.016945 -0.151630 -1.151742 -1.012079 -0.163964 -1.245424 -0.998782 0.000000 -1.290756 -0.980619 0.000000 -1.256171 -0.962456 0.000000 -1.161681 -0.949160 0.000000 -1.032605 -0.944293 0.000000 -0.903529 -0.949160 0.000000 -0.809039 -0.962456 0.000000 -0.774454 -0.980619 0.000000 -0.809039 -0.998782 0.000000 -0.903529 -1.012079 0.000000 -1.032605 -1.016945 0.000000 -1.161681 -1.012079 0.000000 -1.256171 -0.998782 0.168477 -1.279714 -0.980619 0.163963 -1.245424 -0.962456 0.151630 -1.151742 -0.949160 0.134782 -1.023771 -0.944293 0.117934 -0.895800 -0.949160 0.105601 -0.802118 -0.962456 0.101086 -0.767828 -0.980619 0.105601 -0.802118 -0.998782 0.117934 -0.895800 -1.012079 0.134782 -1.023771 -1.016945 0.151630 -1.151742 -1.012079 0.163963 -1.245424 -0.998782 0.334072 -1.246775 -0.980619 0.325120 -1.213368 -0.962456 0.300665 -1.122097 -0.949160 0.267257 -0.997420 -0.944293 0.233850 -0.872742 -0.949160 0.209394 -0.781472 -0.962456 0.200443 -0.748065 -0.980619 0.209394 -0.781472 -0.998782 0.233850 -0.872742 -1.012079 0.267257 -0.997420 -1.016945 0.300665 -1.122097 -1.012079 0.325120 -1.213368 -0.998782 0.493951 -1.192503 -0.980619 0.480716 -1.160550 -0.962456 0.444556 -1.073253 -0.949160 0.395161 -0.954003 -0.944293 0.345766 -0.834752 -0.949160 0.309606 -0.747455 -0.962456 0.296371 -0.715502 -0.980619 0.309606 -0.747455 -0.998782 0.345766 -0.834752 -1.012079 0.395161 -0.954003 -1.016945 0.444556 -1.073253 -1.012079 0.480716 -1.160550 -0.998782 0.645378 -1.117828 -0.980619 0.628085 -1.087876 -0.962456 0.580840 -1.006045 -0.949160 0.516302 -0.894262 -0.944293 0.451765 -0.782479 -0.949160 0.404520 -0.700649 -0.962456 0.387227 -0.670697 -0.980619 0.404520 -0.700649 -0.998782 0.451765 -0.782479 -1.012079 0.516302 -0.894262 -1.016945 0.580840 -1.006045 -1.012079 0.628085 -1.087876 -0.998782 0.785762 -1.024026 -0.980619 0.764708 -0.996587 -0.962456 0.707186 -0.921623 -0.949160 0.628610 -0.819221 -0.944293 0.550034 -0.716818 -0.949160 0.492512 -0.641854 -0.962456 0.471457 -0.614416 -0.980619 0.492512 -0.641854 -0.998782 0.550034 -0.716818 -1.012079 0.628610 -0.819221 -1.016945 0.707186 -0.921623 -1.012079 0.764708 -0.996587 -0.998782 0.912702 -0.912703 -0.980619 0.888246 -0.888247 -0.962456 0.821432 -0.821433 -0.949160 0.730162 -0.730162 -0.944293 0.638891 -0.638892 -0.949160 0.572077 -0.572078 -0.962456 0.547621 -0.547622 -0.980619 0.572077 -0.572078 -0.998782 0.638891 -0.638892 -1.012079 0.730162 -0.730162 -1.016945 0.821432 -0.821433 -1.012079 0.888246 -0.888247 -0.998782 1.024026 -0.785762 -0.980619 0.996587 -0.764708 -0.962456 0.921623 -0.707186 -0.949160 0.819221 -0.628610 -0.944293 0.716818 -0.550034 -0.949160 0.641854 -0.492512 -0.962456 0.614416 -0.471458 -0.980619 0.641854 -0.492512 -0.998782 0.716818 -0.550034 -1.012079 0.819221 -0.628610 -1.016945 0.921623 -0.707186 -1.012079 0.996587 -0.764708 -0.998782 1.117828 -0.645378 -0.980619 1.087876 -0.628085 -0.962456 1.006045 -0.580840 -0.949160 0.894262 -0.516303 -0.944293 0.782479 -0.451765 -0.949160 0.700649 -0.404520 -0.962456 0.670697 -0.387227 -0.980619 0.700649 -0.404520 -0.998782 0.782479 -0.451765 -1.012079 0.894262 -0.516303 -1.016945 1.006045 -0.580840 -1.012079 1.087876 -0.628085 -0.998782 1.192503 -0.493952 -0.980619 1.160550 -0.480716 -0.962456 1.073253 -0.444556 -0.949160 0.954002 -0.395161 -0.944293 0.834752 -0.345766 -0.949160 0.747455 -0.309606 -0.962456 0.715502 -0.296371 -0.980619 0.747455 -0.309606 -0.998782 0.834752 -0.345766 -1.012079 0.954002 -0.395161 -1.016945 1.073253 -0.444556 -1.012079 1.160550 -0.480716 -0.998782 1.246775 -0.334072 -0.980619 1.213368 -0.325121 -0.962456 1.122097 -0.300665 -0.949160 0.997420 -0.267258 -0.944293 0.872742 -0.233850 -0.949160 0.781472 -0.209395 -0.962456 0.748065 -0.200443 -0.980619 0.781472 -0.209395 -0.998782 0.872742 -0.233850 -1.012079 0.997420 -0.267258 -1.016945 1.122097 -0.300665 -1.012079 1.213368 -0.325121 -0.998782 1.279714 -0.168477 -0.980619 1.245424 -0.163963 -0.962456 1.151742 -0.151630 -0.949160 1.023771 -0.134782 -0.944293 0.895800 -0.117934 -0.949160 0.802118 -0.105601 -0.962456 0.767828 -0.101086 -0.980619 0.802118 -0.105601 -0.998782 0.895800 -0.117934 -1.012079 1.023771 -0.134782 -1.016945 1.151742 -0.151630 -1.012079 1.245424 -0.163963 -0.998782 "
							            />
							<TextureCoordinate point="0.9766 0.9688 0.9766 1.0000 0.9688 1.0000 0.9688 0.9688 0.9453 0.9688 0.9453 1.0000 0.9375 1.0000 0.9375 0.9688 0.9141 0.9688 0.9141 1.0000 0.9062 1.0000 0.9062 0.9688 0.8828 0.9688 0.8828 1.0000 0.8750 1.0000 0.8750 0.9688 0.8516 0.9688 0.8516 1.0000 0.8438 1.0000 0.8438 0.9688 0.8203 0.9688 0.8203 1.0000 0.8125 1.0000 0.8125 0.9688 0.7891 0.9688 0.7891 1.0000 0.7812 1.0000 0.7812 0.9688 0.7578 0.9688 0.7578 1.0000 0.7500 1.0000 0.7500 0.9688 0.7266 0.9688 0.7266 1.0000 0.7188 1.0000 0.7188 0.9688 0.6953 0.9688 0.6953 1.0000 0.6875 1.0000 0.6875 0.9688 0.6641 0.9688 0.6641 1.0000 0.6562 1.0000 0.6562 0.9688 0.6328 0.9688 0.6328 1.0000 0.6250 1.0000 0.6250 0.9688 0.6016 0.9688 0.6016 1.0000 0.5938 1.0000 0.5938 0.9688 0.5703 0.9688 0.5703 1.0000 0.5625 1.0000 0.5625 0.9688 0.5391 0.9688 0.5391 1.0000 0.5312 1.0000 0.5312 0.9688 0.5078 0.9688 0.5078 1.0000 0.5000 1.0000 0.5000 0.9688 0.4766 0.9688 0.4766 1.0000 0.4688 1.0000 0.4688 0.9688 0.4462 0.9688 0.4462 1.0000 0.4375 1.0000 0.4375 0.9688 0.4141 0.9688 0.4141 1.0000 0.4062 1.0000 0.4062 0.9688 0.3828 0.9688 0.3828 1.0000 0.3750 1.0000 0.3750 0.9688 0.3525 0.9688 0.3525 1.0000 0.3438 1.0000 0.3438 0.9688 0.3203 0.9688 0.3203 1.0000 0.3125 1.0000 0.3125 0.9688 0.2891 0.9688 0.2891 1.0000 0.2812 1.0000 0.2812 0.9688 0.2578 0.9688 0.2578 1.0000 0.2500 1.0000 0.2500 0.9688 0.2266 0.9688 0.2266 1.0000 0.2188 1.0000 0.2188 0.9688 0.1961 0.9688 0.1961 1.0000 0.1875 1.0000 0.1875 0.9688 0.1641 0.9688 0.1641 1.0000 0.1562 1.0000 0.1562 0.9688 0.1328 0.9688 0.1328 1.0000 0.1250 1.0000 0.1250 0.9688 0.1016 0.9688 0.1016 1.0000 0.0938 1.0000 0.0938 0.9688 0.0703 0.9688 0.0703 1.0000 0.0625 1.0000 0.0625 0.9688 0.2968 0.4854 0.2851 0.4865 0.2734 0.4877 0.2617 0.4888 0.2500 0.4900 0.2383 0.4888 0.2266 0.4877 0.2149 0.4865 0.2032 0.4854 0.1919 0.4820 0.1807 0.4786 0.1694 0.4751 0.1582 0.4717 0.1478 0.4662 0.1374 0.4606 0.1270 0.4551 0.1167 0.4496 0.1076 0.4421 0.0985 0.4346 0.0894 0.4272 0.0803 0.4197 0.0728 0.4106 0.0654 0.4015 0.0579 0.3924 0.0504 0.3833 0.0449 0.3730 0.0394 0.3626 0.0338 0.3522 0.0283 0.3418 0.0245 0.3295 0.0208 0.3171 0.0177 0.3070 0.0146 0.2968 0.0135 0.2851 0.0123 0.2734 0.0112 0.2617 0.0100 0.2500 0.0112 0.2383 0.0123 0.2266 0.0135 0.2149 0.0146 0.2032 0.0180 0.1919 0.0214 0.1807 0.0249 0.1694 0.0283 0.1582 0.0338 0.1478 0.0394 0.1374 0.0449 0.1270 0.0504 0.1167 0.0588 0.1065 0.0671 0.0963 0.0737 0.0883 0.0803 0.0803 0.0894 0.0728 0.0985 0.0654 0.1076 0.0579 0.1167 0.0504 0.1270 0.0449 0.1374 0.0394 0.1478 0.0338 0.1582 0.0283 0.1706 0.0245 0.1831 0.0207 0.1932 0.0177 0.2032 0.0146 0.2149 0.0135 0.2266 0.0123 0.2383 0.0112 0.2500 0.0100 0.2617 0.0112 0.2734 0.0123 0.2851 0.0135 0.2968 0.0146 0.3081 0.0180 0.3193 0.0214 0.3306 0.0249 0.3418 0.0283 0.3522 0.0338 0.3626 0.0394 0.3730 0.0449 0.3833 0.0504 0.3924 0.0579 0.4015 0.0654 0.4106 0.0728 0.4197 0.0803 0.4272 0.0894 0.4346 0.0985 0.4421 0.1076 0.4496 0.1167 0.4551 0.1270 0.4606 0.1374 0.4662 0.1478 0.4717 0.1582 0.4751 0.1694 0.4786 0.1807 0.4820 0.1919 0.4854 0.2032 0.4865 0.2149 0.4877 0.2266 0.4888 0.2383 0.4900 0.2500 0.4888 0.2617 0.4877 0.2734 0.4865 0.2851 0.4854 0.2968 0.4820 0.3081 0.4786 0.3193 0.4751 0.3306 0.4717 0.3418 0.4662 0.3522 0.4606 0.3626 0.4551 0.3730 0.4496 0.3833 0.4421 0.3924 0.4346 0.4015 0.4272 0.4106 0.4197 0.4197 0.4106 0.4272 0.4015 0.4346 0.3924 0.4421 0.3833 0.4496 0.3730 0.4551 0.3626 0.4606 0.3522 0.4662 0.3418 0.4717 0.3306 0.4751 0.3193 0.4786 0.3081 0.4820 0.0391 0.9688 0.0391 1.0000 0.0312 1.0000 0.0312 0.9688 0.0078 0.9688 0.0078 1.0000 0.0000 1.0000 0.0000 0.9688 0.7500 0.4900 0.7617 0.4888 0.7734 0.4877 0.7851 0.4865 0.7968 0.4854 0.8081 0.4820 0.8193 0.4786 0.8306 0.4751 0.8418 0.4717 0.8522 0.4662 0.8626 0.4606 0.8730 0.4551 0.8833 0.4496 0.8924 0.4421 0.9015 0.4346 0.9106 0.4272 0.9197 0.4197 0.9272 0.4106 0.9346 0.4015 0.9421 0.3924 0.9496 0.3833 0.9551 0.3730 0.9606 0.3626 0.9662 0.3522 0.9717 0.3418 0.9751 0.3306 0.9786 0.3193 0.9820 0.3081 0.9854 0.2968 0.9865 0.2851 0.9877 0.2734 0.9888 0.2617 0.9900 0.2500 0.9888 0.2383 0.9877 0.2266 0.9865 0.2149 0.9854 0.2032 0.9820 0.1919 0.9786 0.1807 0.9751 0.1694 0.9717 0.1582 0.9662 0.1478 0.9606 0.1374 0.9551 0.1270 0.9496 0.1167 0.9421 0.1076 0.9346 0.0985 0.9272 0.0894 0.9197 0.0803 0.9106 0.0728 0.9015 0.0654 0.8924 0.0579 0.8833 0.0504 0.8730 0.0449 0.8626 0.0394 0.8522 0.0338 0.8418 0.0283 0.8306 0.0249 0.8193 0.0214 0.8081 0.0180 0.7968 0.0146 0.7851 0.0135 0.7734 0.0123 0.7617 0.0112 0.7500 0.0100 0.7383 0.0112 0.7266 0.0123 0.7149 0.0135 0.7032 0.0146 0.6932 0.0177 0.6831 0.0207 0.6706 0.0245 0.6582 0.0283 0.6478 0.0338 0.6374 0.0394 0.6270 0.0449 0.6167 0.0504 0.6076 0.0579 0.5985 0.0654 0.5894 0.0728 0.5803 0.0803 0.5737 0.0883 0.5671 0.0963 0.5588 0.1065 0.5504 0.1167 0.5449 0.1270 0.5394 0.1374 0.5338 0.1478 0.5283 0.1582 0.5249 0.1694 0.5214 0.1807 0.5180 0.1919 0.5146 0.2032 0.5135 0.2149 0.5123 0.2266 0.5112 0.2383 0.5100 0.2500 0.5112 0.2617 0.5123 0.2734 0.5135 0.2851 0.5146 0.2968 0.5177 0.3070 0.5208 0.3171 0.5245 0.3295 0.5283 0.3418 0.5338 0.3522 0.5394 0.3626 0.5449 0.3730 0.5504 0.3833 0.5579 0.3924 0.5654 0.4015 0.5728 0.4106 0.5803 0.4197 0.5894 0.4272 0.5985 0.4346 0.6076 0.4421 0.6167 0.4496 0.6270 0.4551 0.6374 0.4606 0.6478 0.4662 0.6582 0.4717 0.6694 0.4751 0.6807 0.4786 0.6919 0.4820 0.7032 0.4854 0.7149 0.4865 0.7266 0.4877 0.7383 0.4888 0.6797 0.9688 0.6797 1.0000 0.6719 1.0000 0.6719 0.9688 0.7109 0.9688 0.7109 1.0000 0.7031 1.0000 0.7031 0.9688 0.7422 0.9688 0.7422 1.0000 0.7344 1.0000 0.7344 0.9688 0.7734 0.9688 0.7734 1.0000 0.7656 1.0000 0.7656 0.9688 0.8047 0.9688 0.8047 1.0000 0.7969 1.0000 0.7969 0.9688 0.6172 0.9688 0.6172 1.0000 0.6094 1.0000 0.6094 0.9688 0.5859 0.9688 0.5859 1.0000 0.5781 1.0000 0.5781 0.9688 0.5547 0.9688 0.5547 1.0000 0.5469 1.0000 0.5469 0.9688 0.5234 0.9688 0.5234 1.0000 0.5156 1.0000 0.5156 0.9688 0.6484 0.9688 0.6484 1.0000 0.6406 1.0000 0.6406 0.9688 0.8359 0.9688 0.8359 1.0000 0.8281 1.0000 0.8281 0.9688 0.8672 0.9688 0.8672 1.0000 0.8594 1.0000 0.8594 0.9688 0.8984 0.9688 0.8984 1.0000 0.8906 1.0000 0.8906 0.9688 0.9297 0.9688 0.9297 1.0000 0.9219 1.0000 0.9219 0.9688 0.9609 0.9688 0.9609 1.0000 0.9531 1.0000 0.9531 0.9688 0.9922 0.9688 0.9922 1.0000 0.9844 1.0000 0.9844 0.9688 0.0234 0.9688 0.0234 1.0000 0.0156 1.0000 0.0156 0.9688 0.0547 0.9688 0.0547 1.0000 0.0469 1.0000 0.0469 0.9688 0.0859 0.9688 0.0859 1.0000 0.0781 1.0000 0.0781 0.9688 0.1172 0.9688 0.1172 1.0000 0.1094 1.0000 0.1094 0.9688 0.1484 0.9688 0.1484 1.0000 0.1406 1.0000 0.1406 0.9688 0.1797 0.9688 0.1797 1.0000 0.1719 1.0000 0.1719 0.9688 0.2117 0.9688 0.2117 1.0000 0.2046 1.0000 0.2046 0.9688 0.2422 0.9688 0.2422 1.0000 0.2344 1.0000 0.2344 0.9688 0.2734 0.9688 0.2734 1.0000 0.2656 1.0000 0.2656 0.9688 0.3047 0.9688 0.3047 1.0000 0.2969 1.0000 0.2969 0.9688 0.3359 0.9688 0.3359 1.0000 0.3281 1.0000 0.3281 0.9688 0.3681 0.9688 0.3681 1.0000 0.3612 1.0000 0.3612 0.9688 0.3984 0.9688 0.3984 1.0000 0.3906 1.0000 0.3906 0.9688 0.4297 0.9688 0.4297 1.0000 0.4219 1.0000 0.4219 0.9688 0.4618 0.9688 0.4618 1.0000 0.4548 1.0000 0.4548 0.9688 0.4922 0.9688 0.4922 1.0000 0.4844 1.0000 0.4844 0.9688 0.4922 0.6250 0.4922 0.7500 0.4844 0.7500 0.4844 0.6250 0.4618 0.6250 0.4618 0.7500 0.4548 0.7500 0.4548 0.6250 0.4297 0.6250 0.4297 0.7500 0.4219 0.7500 0.4219 0.6250 0.3984 0.6250 0.3984 0.7500 0.3906 0.7500 0.3906 0.6250 0.3681 0.6250 0.3681 0.7500 0.3612 0.7500 0.3612 0.6250 0.3359 0.6250 0.3359 0.7500 0.3281 0.7500 0.3281 0.6250 0.3047 0.6250 0.3047 0.7500 0.2969 0.7500 0.2969 0.6250 0.2734 0.6250 0.2734 0.7500 0.2656 0.7500 0.2656 0.6250 0.2422 0.6250 0.2422 0.7500 0.2344 0.7500 0.2344 0.6250 0.2117 0.6250 0.2117 0.7500 0.2046 0.7500 0.2046 0.6250 0.1797 0.6250 0.1797 0.7500 0.1719 0.7500 0.1719 0.6250 0.1484 0.6250 0.1484 0.7500 0.1406 0.7500 0.1406 0.6250 0.1172 0.6250 0.1172 0.7500 0.1094 0.7500 0.1094 0.6250 0.0859 0.6250 0.0859 0.7500 0.0781 0.7500 0.0781 0.6250 0.0547 0.6250 0.0547 0.7500 0.0469 0.7500 0.0469 0.6250 0.0234 0.6250 0.0234 0.7500 0.0156 0.7500 0.0156 0.6250 0.9922 0.6250 0.9922 0.7500 0.9844 0.7500 0.9844 0.6250 0.9609 0.6250 0.9609 0.7500 0.9531 0.7500 0.9531 0.6250 0.9297 0.6250 0.9297 0.7500 0.9219 0.7500 0.9219 0.6250 0.8984 0.6250 0.8984 0.7500 0.8906 0.7500 0.8906 0.6250 0.8672 0.6250 0.8672 0.7500 0.8594 0.7500 0.8594 0.6250 0.8359 0.6250 0.8359 0.7500 0.8281 0.7500 0.8281 0.6250 0.6484 0.6250 0.6484 0.7500 0.6406 0.7500 0.6406 0.6250 0.5234 0.6250 0.5234 0.7500 0.5156 0.7500 0.5156 0.6250 0.5547 0.6250 0.5547 0.7500 0.5469 0.7500 0.5469 0.6250 0.5859 0.6250 0.5859 0.7500 0.5781 0.7500 0.5781 0.6250 0.6172 0.6250 0.6172 0.7500 0.6094 0.7500 0.6094 0.6250 0.8047 0.6250 0.8047 0.7500 0.7969 0.7500 0.7969 0.6250 0.7734 0.6250 0.7734 0.7500 0.7656 0.7500 0.7656 0.6250 0.7422 0.6250 0.7422 0.7500 0.7344 0.7500 0.7344 0.6250 0.7109 0.6250 0.7109 0.7500 0.7031 0.7500 0.7031 0.6250 0.6797 0.6250 0.6797 0.7500 0.6719 0.7500 0.6719 0.6250 0.0078 0.6250 0.0078 0.7500 0.0000 0.7500 0.0000 0.6250 0.0391 0.6250 0.0391 0.7500 0.0312 0.7500 0.0312 0.6250 0.0703 0.6250 0.0703 0.7500 0.0625 0.7500 0.0625 0.6250 0.1016 0.6250 0.1016 0.7500 0.0938 0.7500 0.0938 0.6250 0.1328 0.6250 0.1328 0.7500 0.1250 0.7500 0.1250 0.6250 0.1641 0.6250 0.1641 0.7500 0.1562 0.7500 0.1562 0.6250 0.1961 0.6250 0.1961 0.7500 0.1875 0.7500 0.1875 0.6250 0.2266 0.6250 0.2266 0.7500 0.2188 0.7500 0.2188 0.6250 0.2578 0.6250 0.2578 0.7500 0.2500 0.7500 0.2500 0.6250 0.2891 0.6250 0.2891 0.7500 0.2812 0.7500 0.2812 0.6250 0.3203 0.6250 0.3203 0.7500 0.3125 0.7500 0.3125 0.6250 0.3525 0.6250 0.3525 0.7500 0.3438 0.7500 0.3438 0.6250 0.3828 0.6250 0.3828 0.7500 0.3750 0.7500 0.3750 0.6250 0.4141 0.6250 0.4141 0.7500 0.4062 0.7500 0.4062 0.6250 0.4462 0.6250 0.4462 0.7500 0.4375 0.7500 0.4375 0.6250 0.4766 0.6250 0.4766 0.7500 0.4688 0.7500 0.4688 0.6250 0.5078 0.6250 0.5078 0.7500 0.5000 0.7500 0.5000 0.6250 0.5391 0.6250 0.5391 0.7500 0.5312 0.7500 0.5312 0.6250 0.5703 0.6250 0.5703 0.7500 0.5625 0.7500 0.5625 0.6250 0.6016 0.6250 0.6016 0.7500 0.5938 0.7500 0.5938 0.6250 0.6328 0.6250 0.6328 0.7500 0.6250 0.7500 0.6250 0.6250 0.6641 0.6250 0.6641 0.7500 0.6562 0.7500 0.6562 0.6250 0.6953 0.6250 0.6953 0.7500 0.6875 0.7500 0.6875 0.6250 0.7266 0.6250 0.7266 0.7500 0.7188 0.7500 0.7188 0.6250 0.7578 0.6250 0.7578 0.7500 0.7500 0.7500 0.7500 0.6250 0.7891 0.6250 0.7891 0.7500 0.7812 0.7500 0.7812 0.6250 0.8203 0.6250 0.8203 0.7500 0.8125 0.7500 0.8125 0.6250 0.8516 0.6250 0.8516 0.7500 0.8438 0.7500 0.8438 0.6250 0.8828 0.6250 0.8828 0.7500 0.8750 0.7500 0.8750 0.6250 0.9141 0.6250 0.9141 0.7500 0.9062 0.7500 0.9062 0.6250 0.9453 0.6250 0.9453 0.7500 0.9375 0.7500 0.9375 0.6250 0.9766 0.6250 0.9766 0.7500 0.9688 0.7500 0.9688 0.6250 0.4922 0.7500 0.4922 0.8750 0.4844 0.8750 0.4844 0.7500 0.4618 0.7500 0.4618 0.8750 0.4548 0.8750 0.4548 0.7500 0.4297 0.7500 0.4297 0.8750 0.4219 0.8750 0.4219 0.7500 0.3984 0.7500 0.3984 0.8750 0.3906 0.8750 0.3906 0.7500 0.3681 0.7500 0.3681 0.8750 0.3612 0.8750 0.3612 0.7500 0.3359 0.7500 0.3359 0.8750 0.3281 0.8750 0.3281 0.7500 0.3047 0.7500 0.3047 0.8750 0.2969 0.8750 0.2969 0.7500 0.2734 0.7500 0.2734 0.8750 0.2656 0.8750 0.2656 0.7500 0.2422 0.7500 0.2422 0.8750 0.2344 0.8750 0.2344 0.7500 0.2117 0.7500 0.2117 0.8750 0.2046 0.8750 0.2046 0.7500 0.1797 0.7500 0.1797 0.8750 0.1719 0.8750 0.1719 0.7500 0.1484 0.7500 0.1484 0.8750 0.1406 0.8750 0.1406 0.7500 0.1172 0.7500 0.1172 0.8750 0.1094 0.8750 0.1094 0.7500 0.0859 0.7500 0.0859 0.8750 0.0781 0.8750 0.0781 0.7500 0.0547 0.7500 0.0547 0.8750 0.0469 0.8750 0.0469 0.7500 0.0234 0.7500 0.0234 0.8750 0.0156 0.8750 0.0156 0.7500 0.9922 0.7500 0.9922 0.8750 0.9844 0.8750 0.9844 0.7500 0.9609 0.7500 0.9609 0.8750 0.9531 0.8750 0.9531 0.7500 0.9297 0.7500 0.9297 0.8750 0.9219 0.8750 0.9219 0.7500 0.8984 0.7500 0.8984 0.8750 0.8906 0.8750 0.8906 0.7500 0.8672 0.7500 0.8672 0.8750 0.8594 0.8750 0.8594 0.7500 0.8359 0.7500 0.8359 0.8750 0.8281 0.8750 0.8281 0.7500 0.6484 0.7500 0.6484 0.8750 0.6406 0.8750 0.6406 0.7500 0.5234 0.7500 0.5234 0.8750 0.5156 0.8750 0.5156 0.7500 0.5547 0.7500 0.5547 0.8750 0.5469 0.8750 0.5469 0.7500 0.5859 0.7500 0.5859 0.8750 0.5781 0.8750 0.5781 0.7500 0.6172 0.7500 0.6172 0.8750 0.6094 0.8750 0.6094 0.7500 0.8047 0.7500 0.8047 0.8750 0.7969 0.8750 0.7969 0.7500 0.7734 0.7500 0.7734 0.8750 0.7656 0.8750 0.7656 0.7500 0.7422 0.7500 0.7422 0.8750 0.7344 0.8750 0.7344 0.7500 0.7109 0.7500 0.7109 0.8750 0.7031 0.8750 0.7031 0.7500 0.6797 0.7500 0.6797 0.8750 0.6719 0.8750 0.6719 0.7500 0.0078 0.7500 0.0078 0.8750 0.0000 0.8750 0.0000 0.7500 0.0391 0.7500 0.0391 0.8750 0.0312 0.8750 0.0312 0.7500 0.0703 0.7500 0.0703 0.8750 0.0625 0.8750 0.0625 0.7500 0.1016 0.7500 0.1016 0.8750 0.0938 0.8750 0.0938 0.7500 0.1328 0.7500 0.1328 0.8750 0.1250 0.8750 0.1250 0.7500 0.1641 0.7500 0.1641 0.8750 0.1562 0.8750 0.1562 0.7500 0.1961 0.7500 0.1961 0.8750 0.1875 0.8750 0.1875 0.7500 0.2266 0.7500 0.2266 0.8750 0.2188 0.8750 0.2188 0.7500 0.2578 0.7500 0.2578 0.8750 0.2500 0.8750 0.2500 0.7500 0.2891 0.7500 0.2891 0.8750 0.2812 0.8750 0.2812 0.7500 0.3203 0.7500 0.3203 0.8750 0.3125 0.8750 0.3125 0.7500 0.3525 0.7500 0.3525 0.8750 0.3438 0.8750 0.3438 0.7500 0.3828 0.7500 0.3828 0.8750 0.3750 0.8750 0.3750 0.7500 0.4141 0.7500 0.4141 0.8750 0.4062 0.8750 0.4062 0.7500 0.4462 0.7500 0.4462 0.8750 0.4375 0.8750 0.4375 0.7500 0.4766 0.7500 0.4766 0.8750 0.4688 0.8750 0.4688 0.7500 0.5078 0.7500 0.5078 0.8750 0.5000 0.8750 0.5000 0.7500 0.5391 0.7500 0.5391 0.8750 0.5312 0.8750 0.5312 0.7500 0.5703 0.7500 0.5703 0.8750 0.5625 0.8750 0.5625 0.7500 0.6016 0.7500 0.6016 0.8750 0.5938 0.8750 0.5938 0.7500 0.6328 0.7500 0.6328 0.8750 0.6250 0.8750 0.6250 0.7500 0.6641 0.7500 0.6641 0.8750 0.6562 0.8750 0.6562 0.7500 0.6953 0.7500 0.6953 0.8750 0.6875 0.8750 0.6875 0.7500 0.7266 0.7500 0.7266 0.8750 0.7188 0.8750 0.7188 0.7500 0.7578 0.7500 0.7578 0.8750 0.7500 0.8750 0.7500 0.7500 0.7891 0.7500 0.7891 0.8750 0.7812 0.8750 0.7812 0.7500 0.8203 0.7500 0.8203 0.8750 0.8125 0.8750 0.8125 0.7500 0.8516 0.7500 0.8516 0.8750 0.8438 0.8750 0.8438 0.7500 0.8828 0.7500 0.8828 0.8750 0.8750 0.8750 0.8750 0.7500 0.9141 0.7500 0.9141 0.8750 0.9062 0.8750 0.9062 0.7500 0.9453 0.7500 0.9453 0.8750 0.9375 0.8750 0.9375 0.7500 0.9766 0.7500 0.9766 0.8750 0.9688 0.8750 0.9688 0.7500 0.9766 0.5625 0.9766 0.6250 0.9688 0.6250 0.9688 0.5625 0.9453 0.5625 0.9453 0.6250 0.9375 0.6250 0.9375 0.5625 0.9141 0.5625 0.9141 0.6250 0.9062 0.6250 0.9062 0.5625 0.8828 0.5625 0.8828 0.6250 0.8750 0.6250 0.8750 0.5625 0.8516 0.5625 0.8516 0.6250 0.8438 0.6250 0.8438 0.5625 0.8203 0.5625 0.8203 0.6250 0.8125 0.6250 0.8125 0.5625 0.7891 0.5625 0.7891 0.6250 0.7812 0.6250 0.7812 0.5625 0.7578 0.5625 0.7578 0.6250 0.7500 0.6250 0.7500 0.5625 0.7266 0.5625 0.7266 0.6250 0.7188 0.6250 0.7188 0.5625 0.6953 0.5625 0.6953 0.6250 0.6875 0.6250 0.6875 0.5625 0.6641 0.5625 0.6641 0.6250 0.6562 0.6250 0.6562 0.5625 0.6328 0.5625 0.6328 0.6250 0.6250 0.6250 0.6250 0.5625 0.6016 0.5625 0.6016 0.6250 0.5938 0.6250 0.5938 0.5625 0.5703 0.5625 0.5703 0.6250 0.5625 0.6250 0.5625 0.5625 0.5391 0.5625 0.5391 0.6250 0.5312 0.6250 0.5312 0.5625 0.5078 0.5625 0.5078 0.6250 0.5000 0.6250 0.5000 0.5625 0.4766 0.5625 0.4766 0.6250 0.4688 0.6250 0.4688 0.5625 0.4462 0.5625 0.4462 0.6250 0.4375 0.6250 0.4375 0.5625 0.4141 0.5625 0.4141 0.6250 0.4062 0.6250 0.4062 0.5625 0.3828 0.5625 0.3828 0.6250 0.3750 0.6250 0.3750 0.5625 0.3525 0.5625 0.3525 0.6250 0.3438 0.6250 0.3438 0.5625 0.3203 0.5625 0.3203 0.6250 0.3125 0.6250 0.3125 0.5625 0.2891 0.5625 0.2891 0.6250 0.2812 0.6250 0.2812 0.5625 0.2578 0.5625 0.2578 0.6250 0.2500 0.6250 0.2500 0.5625 0.2266 0.5625 0.2266 0.6250 0.2188 0.6250 0.2188 0.5625 0.1961 0.5625 0.1961 0.6250 0.1875 0.6250 0.1875 0.5625 0.1641 0.5625 0.1641 0.6250 0.1562 0.6250 0.1562 0.5625 0.1328 0.5625 0.1328 0.6250 0.1250 0.6250 0.1250 0.5625 0.1016 0.5625 0.1016 0.6250 0.0938 0.6250 0.0938 0.5625 0.0703 0.5625 0.0703 0.6250 0.0625 0.6250 0.0625 0.5625 0.0391 0.5625 0.0391 0.6250 0.0312 0.6250 0.0312 0.5625 0.0078 0.5625 0.0078 0.6250 0.0000 0.6250 0.0000 0.5625 0.6797 0.5625 0.6797 0.6250 0.6719 0.6250 0.6719 0.5625 0.7109 0.5625 0.7109 0.6250 0.7031 0.6250 0.7031 0.5625 0.7422 0.5625 0.7422 0.6250 0.7344 0.6250 0.7344 0.5625 0.7734 0.5625 0.7734 0.6250 0.7656 0.6250 0.7656 0.5625 0.8047 0.5625 0.8047 0.6250 0.7969 0.6250 0.7969 0.5625 0.6172 0.5625 0.6172 0.6250 0.6094 0.6250 0.6094 0.5625 0.5859 0.5625 0.5859 0.6250 0.5781 0.6250 0.5781 0.5625 0.5547 0.5625 0.5547 0.6250 0.5469 0.6250 0.5469 0.5625 0.5234 0.5625 0.5234 0.6250 0.5156 0.6250 0.5156 0.5625 0.6484 0.5625 0.6484 0.6250 0.6406 0.6250 0.6406 0.5625 0.8359 0.5625 0.8359 0.6250 0.8281 0.6250 0.8281 0.5625 0.8672 0.5625 0.8672 0.6250 0.8594 0.6250 0.8594 0.5625 0.8984 0.5625 0.8984 0.6250 0.8906 0.6250 0.8906 0.5625 0.9297 0.5625 0.9297 0.6250 0.9219 0.6250 0.9219 0.5625 0.9609 0.5625 0.9609 0.6250 0.9531 0.6250 0.9531 0.5625 0.9922 0.5625 0.9922 0.6250 0.9844 0.6250 0.9844 0.5625 0.0234 0.5625 0.0234 0.6250 0.0156 0.6250 0.0156 0.5625 0.0547 0.5625 0.0547 0.6250 0.0469 0.6250 0.0469 0.5625 0.0859 0.5625 0.0859 0.6250 0.0781 0.6250 0.0781 0.5625 0.1172 0.5625 0.1172 0.6250 0.1094 0.6250 0.1094 0.5625 0.1484 0.5625 0.1484 0.6250 0.1406 0.6250 0.1406 0.5625 0.1797 0.5625 0.1797 0.6250 0.1719 0.6250 0.1719 0.5625 0.2117 0.5625 0.2117 0.6250 0.2046 0.6250 0.2046 0.5625 0.2422 0.5625 0.2422 0.6250 0.2344 0.6250 0.2344 0.5625 0.2734 0.5625 0.2734 0.6250 0.2656 0.6250 0.2656 0.5625 0.3047 0.5625 0.3047 0.6250 0.2969 0.6250 0.2969 0.5625 0.3359 0.5625 0.3359 0.6250 0.3281 0.6250 0.3281 0.5625 0.3681 0.5625 0.3681 0.6250 0.3612 0.6250 0.3612 0.5625 0.3984 0.5625 0.3984 0.6250 0.3906 0.6250 0.3906 0.5625 0.4297 0.5625 0.4297 0.6250 0.4219 0.6250 0.4219 0.5625 0.4618 0.5625 0.4618 0.6250 0.4548 0.6250 0.4548 0.5625 0.4922 0.5625 0.4922 0.6250 0.4844 0.6250 0.4844 0.5625 0.4922 0.8750 0.4922 0.9375 0.4844 0.9375 0.4844 0.8750 0.4618 0.8750 0.4618 0.9375 0.4548 0.9375 0.4548 0.8750 0.4297 0.8750 0.4297 0.9375 0.4219 0.9375 0.4219 0.8750 0.3984 0.8750 0.3984 0.9375 0.3906 0.9375 0.3906 0.8750 0.3681 0.8750 0.3681 0.9375 0.3612 0.9375 0.3612 0.8750 0.3359 0.8750 0.3359 0.9375 0.3281 0.9375 0.3281 0.8750 0.3047 0.8750 0.3047 0.9375 0.2969 0.9375 0.2969 0.8750 0.2734 0.8750 0.2734 0.9375 0.2656 0.9375 0.2656 0.8750 0.2422 0.8750 0.2422 0.9375 0.2344 0.9375 0.2344 0.8750 0.2117 0.8750 0.2117 0.9375 0.2046 0.9375 0.2046 0.8750 0.1797 0.8750 0.1797 0.9375 0.1719 0.9375 0.1719 0.8750 0.1484 0.8750 0.1484 0.9375 0.1406 0.9375 0.1406 0.8750 0.1172 0.8750 0.1172 0.9375 0.1094 0.9375 0.1094 0.8750 0.0859 0.8750 0.0859 0.9375 0.0781 0.9375 0.0781 0.8750 0.0547 0.8750 0.0547 0.9375 0.0469 0.9375 0.0469 0.8750 0.0234 0.8750 0.0234 0.9375 0.0156 0.9375 0.0156 0.8750 0.9922 0.8750 0.9922 0.9375 0.9844 0.9375 0.9844 0.8750 0.9609 0.8750 0.9609 0.9375 0.9531 0.9375 0.9531 0.8750 0.9297 0.8750 0.9297 0.9375 0.9219 0.9375 0.9219 0.8750 0.8984 0.8750 0.8984 0.9375 0.8906 0.9375 0.8906 0.8750 0.8672 0.8750 0.8672 0.9375 0.8594 0.9375 0.8594 0.8750 0.8359 0.8750 0.8359 0.9375 0.8281 0.9375 0.8281 0.8750 0.6484 0.8750 0.6484 0.9375 0.6406 0.9375 0.6406 0.8750 0.5234 0.8750 0.5234 0.9375 0.5156 0.9375 0.5156 0.8750 0.5547 0.8750 0.5547 0.9375 0.5469 0.9375 0.5469 0.8750 0.5859 0.8750 0.5859 0.9375 0.5781 0.9375 0.5781 0.8750 0.6172 0.8750 0.6172 0.9375 0.6094 0.9375 0.6094 0.8750 0.8047 0.8750 0.8047 0.9375 0.7969 0.9375 0.7969 0.8750 0.7734 0.8750 0.7734 0.9375 0.7656 0.9375 0.7656 0.8750 0.7422 0.8750 0.7422 0.9375 0.7344 0.9375 0.7344 0.8750 0.7109 0.8750 0.7109 0.9375 0.7031 0.9375 0.7031 0.8750 0.6797 0.8750 0.6797 0.9375 0.6719 0.9375 0.6719 0.8750 0.0078 0.8750 0.0078 0.9375 0.0000 0.9375 0.0000 0.8750 0.0391 0.8750 0.0391 0.9375 0.0312 0.9375 0.0312 0.8750 0.0703 0.8750 0.0703 0.9375 0.0625 0.9375 0.0625 0.8750 0.1016 0.8750 0.1016 0.9375 0.0938 0.9375 0.0938 0.8750 0.1328 0.8750 0.1328 0.9375 0.1250 0.9375 0.1250 0.8750 0.1641 0.8750 0.1641 0.9375 0.1562 0.9375 0.1562 0.8750 0.1961 0.8750 0.1961 0.9375 0.1875 0.9375 0.1875 0.8750 0.2266 0.8750 0.2266 0.9375 0.2188 0.9375 0.2188 0.8750 0.2578 0.8750 0.2578 0.9375 0.2500 0.9375 0.2500 0.8750 0.2891 0.8750 0.2891 0.9375 0.2812 0.9375 0.2812 0.8750 0.3203 0.8750 0.3203 0.9375 0.3125 0.9375 0.3125 0.8750 0.3525 0.8750 0.3525 0.9375 0.3438 0.9375 0.3438 0.8750 0.3828 0.8750 0.3828 0.9375 0.3750 0.9375 0.3750 0.8750 0.4141 0.8750 0.4141 0.9375 0.4062 0.9375 0.4062 0.8750 0.4462 0.8750 0.4462 0.9375 0.4375 0.9375 0.4375 0.8750 0.4766 0.8750 0.4766 0.9375 0.4688 0.9375 0.4688 0.8750 0.5078 0.8750 0.5078 0.9375 0.5000 0.9375 0.5000 0.8750 0.5391 0.8750 0.5391 0.9375 0.5312 0.9375 0.5312 0.8750 0.5703 0.8750 0.5703 0.9375 0.5625 0.9375 0.5625 0.8750 0.6016 0.8750 0.6016 0.9375 0.5938 0.9375 0.5938 0.8750 0.6328 0.8750 0.6328 0.9375 0.6250 0.9375 0.6250 0.8750 0.6641 0.8750 0.6641 0.9375 0.6562 0.9375 0.6562 0.8750 0.6953 0.8750 0.6953 0.9375 0.6875 0.9375 0.6875 0.8750 0.7266 0.8750 0.7266 0.9375 0.7188 0.9375 0.7188 0.8750 0.7578 0.8750 0.7578 0.9375 0.7500 0.9375 0.7500 0.8750 0.7891 0.8750 0.7891 0.9375 0.7812 0.9375 0.7812 0.8750 0.8203 0.8750 0.8203 0.9375 0.8125 0.9375 0.8125 0.8750 0.8516 0.8750 0.8516 0.9375 0.8438 0.9375 0.8438 0.8750 0.8828 0.8750 0.8828 0.9375 0.8750 0.9375 0.8750 0.8750 0.9141 0.8750 0.9141 0.9375 0.9062 0.9375 0.9062 0.8750 0.9453 0.8750 0.9453 0.9375 0.9375 0.9375 0.9375 0.8750 0.9766 0.8750 0.9766 0.9375 0.9688 0.9375 0.9688 0.8750 0.4922 0.5312 0.4922 0.5625 0.4844 0.5625 0.4844 0.5312 0.4618 0.5312 0.4618 0.5625 0.4548 0.5625 0.4548 0.5312 0.4297 0.5312 0.4297 0.5625 0.4219 0.5625 0.4219 0.5312 0.3984 0.5312 0.3984 0.5625 0.3906 0.5625 0.3906 0.5312 0.3681 0.5312 0.3681 0.5625 0.3612 0.5625 0.3612 0.5312 0.3359 0.5312 0.3359 0.5625 0.3281 0.5625 0.3281 0.5312 0.3047 0.5312 0.3047 0.5625 0.2969 0.5625 0.2969 0.5312 0.2734 0.5312 0.2734 0.5625 0.2656 0.5625 0.2656 0.5312 0.2422 0.5312 0.2422 0.5625 0.2344 0.5625 0.2344 0.5312 0.2117 0.5312 0.2117 0.5625 0.2046 0.5625 0.2046 0.5312 0.1797 0.5312 0.1797 0.5625 0.1719 0.5625 0.1719 0.5312 0.1484 0.5312 0.1484 0.5625 0.1406 0.5625 0.1406 0.5312 0.1172 0.5312 0.1172 0.5625 0.1094 0.5625 0.1094 0.5312 0.0859 0.5312 0.0859 0.5625 0.0781 0.5625 0.0781 0.5312 0.0547 0.5312 0.0547 0.5625 0.0469 0.5625 0.0469 0.5312 0.0234 0.5312 0.0234 0.5625 0.0156 0.5625 0.0156 0.5312 0.9922 0.5312 0.9922 0.5625 0.9844 0.5625 0.9844 0.5312 0.9609 0.5312 0.9609 0.5625 0.9531 0.5625 0.9531 0.5312 0.9297 0.5312 0.9297 0.5625 0.9219 0.5625 0.9219 0.5312 0.8984 0.5312 0.8984 0.5625 0.8906 0.5625 0.8906 0.5312 0.8672 0.5312 0.8672 0.5625 0.8594 0.5625 0.8594 0.5312 0.8359 0.5312 0.8359 0.5625 0.8281 0.5625 0.8281 0.5312 0.6484 0.5312 0.6484 0.5625 0.6406 0.5625 0.6406 0.5312 0.5234 0.5312 0.5234 0.5625 0.5156 0.5625 0.5156 0.5312 0.5547 0.5312 0.5547 0.5625 0.5469 0.5625 0.5469 0.5312 0.5859 0.5312 0.5859 0.5625 0.5781 0.5625 0.5781 0.5312 0.6172 0.5312 0.6172 0.5625 0.6094 0.5625 0.6094 0.5312 0.8047 0.5312 0.8047 0.5625 0.7969 0.5625 0.7969 0.5312 0.7734 0.5312 0.7734 0.5625 0.7656 0.5625 0.7656 0.5312 0.7422 0.5312 0.7422 0.5625 0.7344 0.5625 0.7344 0.5312 0.7109 0.5312 0.7109 0.5625 0.7031 0.5625 0.7031 0.5312 0.6797 0.5312 0.6797 0.5625 0.6719 0.5625 0.6719 0.5312 0.0078 0.5312 0.0078 0.5625 0.0000 0.5625 0.0000 0.5312 0.0391 0.5312 0.0391 0.5625 0.0312 0.5625 0.0312 0.5312 0.0703 0.5312 0.0703 0.5625 0.0625 0.5625 0.0625 0.5312 0.1016 0.5312 0.1016 0.5625 0.0938 0.5625 0.0938 0.5312 0.1328 0.5312 0.1328 0.5625 0.1250 0.5625 0.1250 0.5312 0.1641 0.5312 0.1641 0.5625 0.1562 0.5625 0.1562 0.5312 0.1961 0.5312 0.1961 0.5625 0.1875 0.5625 0.1875 0.5312 0.2266 0.5312 0.2266 0.5625 0.2188 0.5625 0.2188 0.5312 0.2578 0.5312 0.2578 0.5625 0.2500 0.5625 0.2500 0.5312 0.2891 0.5312 0.2891 0.5625 0.2812 0.5625 0.2812 0.5312 0.3203 0.5312 0.3203 0.5625 0.3125 0.5625 0.3125 0.5312 0.3525 0.5312 0.3525 0.5625 0.3438 0.5625 0.3438 0.5312 0.3828 0.5312 0.3828 0.5625 0.3750 0.5625 0.3750 0.5312 0.4141 0.5312 0.4141 0.5625 0.4062 0.5625 0.4062 0.5312 0.4462 0.5312 0.4462 0.5625 0.4375 0.5625 0.4375 0.5312 0.4766 0.5312 0.4766 0.5625 0.4688 0.5625 0.4688 0.5312 0.5078 0.5312 0.5078 0.5625 0.5000 0.5625 0.5000 0.5312 0.5391 0.5312 0.5391 0.5625 0.5312 0.5625 0.5312 0.5312 0.5703 0.5312 0.5703 0.5625 0.5625 0.5625 0.5625 0.5312 0.6016 0.5312 0.6016 0.5625 0.5938 0.5625 0.5938 0.5312 0.6328 0.5312 0.6328 0.5625 0.6250 0.5625 0.6250 0.5312 0.6641 0.5312 0.6641 0.5625 0.6562 0.5625 0.6562 0.5312 0.6953 0.5312 0.6953 0.5625 0.6875 0.5625 0.6875 0.5312 0.7266 0.5312 0.7266 0.5625 0.7188 0.5625 0.7188 0.5312 0.7578 0.5312 0.7578 0.5625 0.7500 0.5625 0.7500 0.5312 0.7891 0.5312 0.7891 0.5625 0.7812 0.5625 0.7812 0.5312 0.8203 0.5312 0.8203 0.5625 0.8125 0.5625 0.8125 0.5312 0.8516 0.5312 0.8516 0.5625 0.8438 0.5625 0.8438 0.5312 0.8828 0.5312 0.8828 0.5625 0.8750 0.5625 0.8750 0.5312 0.9141 0.5312 0.9141 0.5625 0.9062 0.5625 0.9062 0.5312 0.9453 0.5312 0.9453 0.5625 0.9375 0.5625 0.9375 0.5312 0.9766 0.5312 0.9766 0.5625 0.9688 0.5625 0.9688 0.5312 0.9766 0.5000 0.9766 0.5312 0.9688 0.5312 0.9688 0.5000 0.9453 0.5000 0.9453 0.5312 0.9375 0.5312 0.9375 0.5000 0.9141 0.5000 0.9141 0.5312 0.9062 0.5312 0.9062 0.5000 0.8828 0.5000 0.8828 0.5312 0.8750 0.5312 0.8750 0.5000 0.8516 0.5000 0.8516 0.5312 0.8438 0.5312 0.8438 0.5000 0.8203 0.5000 0.8203 0.5312 0.8125 0.5312 0.8125 0.5000 0.7891 0.5000 0.7891 0.5312 0.7812 0.5312 0.7812 0.5000 0.7578 0.5000 0.7578 0.5312 0.7500 0.5312 0.7500 0.5000 0.7266 0.5000 0.7266 0.5312 0.7188 0.5312 0.7188 0.5000 0.6953 0.5000 0.6953 0.5312 0.6875 0.5312 0.6875 0.5000 0.6641 0.5000 0.6641 0.5312 0.6562 0.5312 0.6562 0.5000 0.6328 0.5000 0.6328 0.5312 0.6250 0.5312 0.6250 0.5000 0.6016 0.5000 0.6016 0.5312 0.5938 0.5312 0.5938 0.5000 0.5703 0.5000 0.5703 0.5312 0.5625 0.5312 0.5625 0.5000 0.5391 0.5000 0.5391 0.5312 0.5312 0.5312 0.5312 0.5000 0.5078 0.5000 0.5078 0.5312 0.5000 0.5312 0.5000 0.5000 0.4766 0.5000 0.4766 0.5312 0.4688 0.5312 0.4688 0.5000 0.4462 0.5000 0.4462 0.5312 0.4375 0.5312 0.4375 0.5000 0.4141 0.5000 0.4141 0.5312 0.4062 0.5312 0.4062 0.5000 0.3828 0.5000 0.3828 0.5312 0.3750 0.5312 0.3750 0.5000 0.3525 0.5000 0.3525 0.5312 0.3438 0.5312 0.3438 0.5000 0.3203 0.5000 0.3203 0.5312 0.3125 0.5312 0.3125 0.5000 0.2891 0.5000 0.2891 0.5312 0.2812 0.5312 0.2812 0.5000 0.2578 0.5000 0.2578 0.5312 0.2500 0.5312 0.2500 0.5000 0.2266 0.5000 0.2266 0.5312 0.2188 0.5312 0.2188 0.5000 0.1961 0.5000 0.1961 0.5312 0.1875 0.5312 0.1875 0.5000 0.1641 0.5000 0.1641 0.5312 0.1562 0.5312 0.1562 0.5000 0.1328 0.5000 0.1328 0.5312 0.1250 0.5312 0.1250 0.5000 0.1016 0.5000 0.1016 0.5312 0.0938 0.5312 0.0938 0.5000 0.0703 0.5000 0.0703 0.5312 0.0625 0.5312 0.0625 0.5000 0.0391 0.5000 0.0391 0.5312 0.0312 0.5312 0.0312 0.5000 0.0078 0.5000 0.0078 0.5312 0.0000 0.5312 0.0000 0.5000 0.6797 0.5000 0.6797 0.5312 0.6719 0.5312 0.6719 0.5000 0.7109 0.5000 0.7109 0.5312 0.7031 0.5312 0.7031 0.5000 0.7422 0.5000 0.7422 0.5312 0.7344 0.5312 0.7344 0.5000 0.7734 0.5000 0.7734 0.5312 0.7656 0.5312 0.7656 0.5000 0.8047 0.5000 0.8047 0.5312 0.7969 0.5312 0.7969 0.5000 0.6172 0.5000 0.6172 0.5312 0.6094 0.5312 0.6094 0.5000 0.5859 0.5000 0.5859 0.5312 0.5781 0.5312 0.5781 0.5000 0.5547 0.5000 0.5547 0.5312 0.5469 0.5312 0.5469 0.5000 0.5234 0.5000 0.5234 0.5312 0.5156 0.5312 0.5156 0.5000 0.6484 0.5000 0.6484 0.5312 0.6406 0.5312 0.6406 0.5000 0.8359 0.5000 0.8359 0.5312 0.8281 0.5312 0.8281 0.5000 0.8672 0.5000 0.8672 0.5312 0.8594 0.5312 0.8594 0.5000 0.8984 0.5000 0.8984 0.5312 0.8906 0.5312 0.8906 0.5000 0.9297 0.5000 0.9297 0.5312 0.9219 0.5312 0.9219 0.5000 0.9609 0.5000 0.9609 0.5312 0.9531 0.5312 0.9531 0.5000 0.9922 0.5000 0.9922 0.5312 0.9844 0.5312 0.9844 0.5000 0.0234 0.5000 0.0234 0.5312 0.0156 0.5312 0.0156 0.5000 0.0547 0.5000 0.0547 0.5312 0.0469 0.5312 0.0469 0.5000 0.0859 0.5000 0.0859 0.5312 0.0781 0.5312 0.0781 0.5000 0.1172 0.5000 0.1172 0.5312 0.1094 0.5312 0.1094 0.5000 0.1484 0.5000 0.1484 0.5312 0.1406 0.5312 0.1406 0.5000 0.1797 0.5000 0.1797 0.5312 0.1719 0.5312 0.1719 0.5000 0.2117 0.5000 0.2117 0.5312 0.2046 0.5312 0.2046 0.5000 0.2422 0.5000 0.2422 0.5312 0.2344 0.5312 0.2344 0.5000 0.2734 0.5000 0.2734 0.5312 0.2656 0.5312 0.2656 0.5000 0.3047 0.5000 0.3047 0.5312 0.2969 0.5312 0.2969 0.5000 0.3359 0.5000 0.3359 0.5312 0.3281 0.5312 0.3281 0.5000 0.3681 0.5000 0.3681 0.5312 0.3612 0.5312 0.3612 0.5000 0.3984 0.5000 0.3984 0.5312 0.3906 0.5312 0.3906 0.5000 0.4297 0.5000 0.4297 0.5312 0.4219 0.5312 0.4219 0.5000 0.4618 0.5000 0.4618 0.5312 0.4548 0.5312 0.4548 0.5000 0.4922 0.5000 0.4922 0.5312 0.4844 0.5312 0.4844 0.5000 0.4922 0.9375 0.4922 0.9688 0.4844 0.9688 0.4844 0.9375 0.4618 0.9375 0.4618 0.9688 0.4548 0.9688 0.4548 0.9375 0.4297 0.9375 0.4297 0.9688 0.4219 0.9688 0.4219 0.9375 0.3984 0.9375 0.3984 0.9688 0.3906 0.9688 0.3906 0.9375 0.3681 0.9375 0.3681 0.9688 0.3612 0.9688 0.3612 0.9375 0.3359 0.9375 0.3359 0.9688 0.3281 0.9688 0.3281 0.9375 0.3047 0.9375 0.3047 0.9688 0.2969 0.9688 0.2969 0.9375 0.2734 0.9375 0.2734 0.9688 0.2656 0.9688 0.2656 0.9375 0.2422 0.9375 0.2422 0.9688 0.2344 0.9688 0.2344 0.9375 0.2117 0.9375 0.2117 0.9688 0.2046 0.9688 0.2046 0.9375 0.1797 0.9375 0.1797 0.9688 0.1719 0.9688 0.1719 0.9375 0.1484 0.9375 0.1484 0.9688 0.1406 0.9688 0.1406 0.9375 0.1172 0.9375 0.1172 0.9688 0.1094 0.9688 0.1094 0.9375 0.0859 0.9375 0.0859 0.9688 0.0781 0.9688 0.0781 0.9375 0.0547 0.9375 0.0547 0.9688 0.0469 0.9688 0.0469 0.9375 0.0234 0.9375 0.0234 0.9688 0.0156 0.9688 0.0156 0.9375 0.9922 0.9375 0.9922 0.9688 0.9844 0.9688 0.9844 0.9375 0.9609 0.9375 0.9609 0.9688 0.9531 0.9688 0.9531 0.9375 0.9297 0.9375 0.9297 0.9688 0.9219 0.9688 0.9219 0.9375 0.8984 0.9375 0.8984 0.9688 0.8906 0.9688 0.8906 0.9375 0.8672 0.9375 0.8672 0.9688 0.8594 0.9688 0.8594 0.9375 0.8359 0.9375 0.8359 0.9688 0.8281 0.9688 0.8281 0.9375 0.6484 0.9375 0.6484 0.9688 0.6406 0.9688 0.6406 0.9375 0.5234 0.9375 0.5234 0.9688 0.5156 0.9688 0.5156 0.9375 0.5547 0.9375 0.5547 0.9688 0.5469 0.9688 0.5469 0.9375 0.5859 0.9375 0.5859 0.9688 0.5781 0.9688 0.5781 0.9375 0.6172 0.9375 0.6172 0.9688 0.6094 0.9688 0.6094 0.9375 0.8047 0.9375 0.8047 0.9688 0.7969 0.9688 0.7969 0.9375 0.7734 0.9375 0.7734 0.9688 0.7656 0.9688 0.7656 0.9375 0.7422 0.9375 0.7422 0.9688 0.7344 0.9688 0.7344 0.9375 0.7109 0.9375 0.7109 0.9688 0.7031 0.9688 0.7031 0.9375 0.6797 0.9375 0.6797 0.9688 0.6719 0.9688 0.6719 0.9375 0.0078 0.9375 0.0078 0.9688 0.0000 0.9688 0.0000 0.9375 0.0391 0.9375 0.0391 0.9688 0.0312 0.9688 0.0312 0.9375 0.0703 0.9375 0.0703 0.9688 0.0625 0.9688 0.0625 0.9375 0.1016 0.9375 0.1016 0.9688 0.0938 0.9688 0.0938 0.9375 0.1328 0.9375 0.1328 0.9688 0.1250 0.9688 0.1250 0.9375 0.1641 0.9375 0.1641 0.9688 0.1562 0.9688 0.1562 0.9375 0.1961 0.9375 0.1961 0.9688 0.1875 0.9688 0.1875 0.9375 0.2266 0.9375 0.2266 0.9688 0.2188 0.9688 0.2188 0.9375 0.2578 0.9375 0.2578 0.9688 0.2500 0.9688 0.2500 0.9375 0.2891 0.9375 0.2891 0.9688 0.2812 0.9688 0.2812 0.9375 0.3203 0.9375 0.3203 0.9688 0.3125 0.9688 0.3125 0.9375 0.3525 0.9375 0.3525 0.9688 0.3438 0.9688 0.3438 0.9375 0.3828 0.9375 0.3828 0.9688 0.3750 0.9688 0.3750 0.9375 0.4141 0.9375 0.4141 0.9688 0.4062 0.9688 0.4062 0.9375 0.4462 0.9375 0.4462 0.9688 0.4375 0.9688 0.4375 0.9375 0.4766 0.9375 0.4766 0.9688 0.4688 0.9688 0.4688 0.9375 0.5078 0.9375 0.5078 0.9688 0.5000 0.9688 0.5000 0.9375 0.5391 0.9375 0.5391 0.9688 0.5312 0.9688 0.5312 0.9375 0.5703 0.9375 0.5703 0.9688 0.5625 0.9688 0.5625 0.9375 0.6016 0.9375 0.6016 0.9688 0.5938 0.9688 0.5938 0.9375 0.6328 0.9375 0.6328 0.9688 0.6250 0.9688 0.6250 0.9375 0.6641 0.9375 0.6641 0.9688 0.6562 0.9688 0.6562 0.9375 0.6953 0.9375 0.6953 0.9688 0.6875 0.9688 0.6875 0.9375 0.7266 0.9375 0.7266 0.9688 0.7188 0.9688 0.7188 0.9375 0.7578 0.9375 0.7578 0.9688 0.7500 0.9688 0.7500 0.9375 0.7891 0.9375 0.7891 0.9688 0.7812 0.9688 0.7812 0.9375 0.8203 0.9375 0.8203 0.9688 0.8125 0.9688 0.8125 0.9375 0.8516 0.9375 0.8516 0.9688 0.8438 0.9688 0.8438 0.9375 0.8828 0.9375 0.8828 0.9688 0.8750 0.9688 0.8750 0.9375 0.9141 0.9375 0.9141 0.9688 0.9062 0.9688 0.9062 0.9375 0.9453 0.9375 0.9453 0.9688 0.9375 0.9688 0.9375 0.9375 0.9766 0.9375 0.9766 0.9688 0.9688 0.9688 0.9688 0.9375 0.9844 0.9375 0.9844 0.9688 0.9766 0.9688 0.9766 0.9375 0.9844 0.5000 0.9844 0.5312 0.9766 0.5312 0.9766 0.5000 0.9844 0.5312 0.9844 0.5625 0.9766 0.5625 0.9766 0.5312 0.9844 0.8750 0.9844 0.9375 0.9766 0.9375 0.9766 0.8750 0.9844 0.5625 0.9844 0.6250 0.9766 0.6250 0.9766 0.5625 0.9844 0.7500 0.9844 0.8750 0.9766 0.8750 0.9766 0.7500 0.9844 0.6250 0.9844 0.7500 0.9766 0.7500 0.9766 0.6250 0.9844 0.9688 0.9844 1.0000 0.9766 1.0000 0.9766 0.9688 1.0000 0.9375 1.0000 0.9688 0.9922 0.9688 0.9922 0.9375 1.0000 0.5000 1.0000 0.5312 0.9922 0.5312 0.9922 0.5000 1.0000 0.5312 1.0000 0.5625 0.9922 0.5625 0.9922 0.5312 1.0000 0.8750 1.0000 0.9375 0.9922 0.9375 0.9922 0.8750 1.0000 0.5625 1.0000 0.6250 0.9922 0.6250 0.9922 0.5625 1.0000 0.7500 1.0000 0.8750 0.9922 0.8750 0.9922 0.7500 1.0000 0.6250 1.0000 0.7500 0.9922 0.7500 0.9922 0.6250 1.0000 0.9688 1.0000 1.0000 0.9922 1.0000 0.9922 0.9688 0.0156 0.9375 0.0156 0.9688 0.0078 0.9688 0.0078 0.9375 0.0156 0.5000 0.0156 0.5312 0.0078 0.5312 0.0078 0.5000 0.0156 0.5312 0.0156 0.5625 0.0078 0.5625 0.0078 0.5312 0.0156 0.8750 0.0156 0.9375 0.0078 0.9375 0.0078 0.8750 0.0156 0.5625 0.0156 0.6250 0.0078 0.6250 0.0078 0.5625 0.0156 0.7500 0.0156 0.8750 0.0078 0.8750 0.0078 0.7500 0.0156 0.6250 0.0156 0.7500 0.0078 0.7500 0.0078 0.6250 0.0156 0.9688 0.0156 1.0000 0.0078 1.0000 0.0078 0.9688 0.0312 0.9375 0.0312 0.9688 0.0234 0.9688 0.0234 0.9375 0.0312 0.5000 0.0312 0.5312 0.0234 0.5312 0.0234 0.5000 0.0312 0.5312 0.0312 0.5625 0.0234 0.5625 0.0234 0.5312 0.0312 0.8750 0.0312 0.9375 0.0234 0.9375 0.0234 0.8750 0.0312 0.5625 0.0312 0.6250 0.0234 0.6250 0.0234 0.5625 0.0312 0.7500 0.0312 0.8750 0.0234 0.8750 0.0234 0.7500 0.0312 0.6250 0.0312 0.7500 0.0234 0.7500 0.0234 0.6250 0.0312 0.9688 0.0312 1.0000 0.0234 1.0000 0.0234 0.9688 0.0469 0.9375 0.0469 0.9688 0.0391 0.9688 0.0391 0.9375 0.0469 0.5000 0.0469 0.5312 0.0391 0.5312 0.0391 0.5000 0.0469 0.5312 0.0469 0.5625 0.0391 0.5625 0.0391 0.5312 0.0469 0.8750 0.0469 0.9375 0.0391 0.9375 0.0391 0.8750 0.0469 0.5625 0.0469 0.6250 0.0391 0.6250 0.0391 0.5625 0.0469 0.7500 0.0469 0.8750 0.0391 0.8750 0.0391 0.7500 0.0469 0.6250 0.0469 0.7500 0.0391 0.7500 0.0391 0.6250 0.0469 0.9688 0.0469 1.0000 0.0391 1.0000 0.0391 0.9688 0.0625 0.9375 0.0625 0.9688 0.0547 0.9688 0.0547 0.9375 0.0625 0.5000 0.0625 0.5312 0.0547 0.5312 0.0547 0.5000 0.0625 0.5312 0.0625 0.5625 0.0547 0.5625 0.0547 0.5312 0.0625 0.8750 0.0625 0.9375 0.0547 0.9375 0.0547 0.8750 0.0625 0.5625 0.0625 0.6250 0.0547 0.6250 0.0547 0.5625 0.0625 0.7500 0.0625 0.8750 0.0547 0.8750 0.0547 0.7500 0.0625 0.6250 0.0625 0.7500 0.0547 0.7500 0.0547 0.6250 0.0625 0.9688 0.0625 1.0000 0.0547 1.0000 0.0547 0.9688 0.0781 0.9375 0.0781 0.9688 0.0703 0.9688 0.0703 0.9375 0.0781 0.5000 0.0781 0.5312 0.0703 0.5312 0.0703 0.5000 0.0781 0.5312 0.0781 0.5625 0.0703 0.5625 0.0703 0.5312 0.0781 0.8750 0.0781 0.9375 0.0703 0.9375 0.0703 0.8750 0.0781 0.5625 0.0781 0.6250 0.0703 0.6250 0.0703 0.5625 0.0781 0.7500 0.0781 0.8750 0.0703 0.8750 0.0703 0.7500 0.0781 0.6250 0.0781 0.7500 0.0703 0.7500 0.0703 0.6250 0.0781 0.9688 0.0781 1.0000 0.0703 1.0000 0.0703 0.9688 0.0938 0.9375 0.0938 0.9688 0.0859 0.9688 0.0859 0.9375 0.0938 0.5000 0.0938 0.5312 0.0859 0.5312 0.0859 0.5000 0.0938 0.5312 0.0938 0.5625 0.0859 0.5625 0.0859 0.5312 0.0938 0.8750 0.0938 0.9375 0.0859 0.9375 0.0859 0.8750 0.0938 0.5625 0.0938 0.6250 0.0859 0.6250 0.0859 0.5625 0.0938 0.7500 0.0938 0.8750 0.0859 0.8750 0.0859 0.7500 0.0938 0.6250 0.0938 0.7500 0.0859 0.7500 0.0859 0.6250 0.0938 0.9688 0.0938 1.0000 0.0859 1.0000 0.0859 0.9688 0.1094 0.9375 0.1094 0.9688 0.1016 0.9688 0.1016 0.9375 0.1094 0.5000 0.1094 0.5312 0.1016 0.5312 0.1016 0.5000 0.1094 0.5312 0.1094 0.5625 0.1016 0.5625 0.1016 0.5312 0.1094 0.8750 0.1094 0.9375 0.1016 0.9375 0.1016 0.8750 0.1094 0.5625 0.1094 0.6250 0.1016 0.6250 0.1016 0.5625 0.1094 0.7500 0.1094 0.8750 0.1016 0.8750 0.1016 0.7500 0.1094 0.6250 0.1094 0.7500 0.1016 0.7500 0.1016 0.6250 0.1094 0.9688 0.1094 1.0000 0.1016 1.0000 0.1016 0.9688 0.1250 0.9375 0.1250 0.9688 0.1172 0.9688 0.1172 0.9375 0.1250 0.5000 0.1250 0.5312 0.1172 0.5312 0.1172 0.5000 0.1250 0.5312 0.1250 0.5625 0.1172 0.5625 0.1172 0.5312 0.1250 0.8750 0.1250 0.9375 0.1172 0.9375 0.1172 0.8750 0.1250 0.5625 0.1250 0.6250 0.1172 0.6250 0.1172 0.5625 0.1250 0.7500 0.1250 0.8750 0.1172 0.8750 0.1172 0.7500 0.1250 0.6250 0.1250 0.7500 0.1172 0.7500 0.1172 0.6250 0.1250 0.9688 0.1250 1.0000 0.1172 1.0000 0.1172 0.9688 0.1406 0.9375 0.1406 0.9688 0.1328 0.9688 0.1328 0.9375 0.1406 0.5000 0.1406 0.5312 0.1328 0.5312 0.1328 0.5000 0.1406 0.5312 0.1406 0.5625 0.1328 0.5625 0.1328 0.5312 0.1406 0.8750 0.1406 0.9375 0.1328 0.9375 0.1328 0.8750 0.1406 0.5625 0.1406 0.6250 0.1328 0.6250 0.1328 0.5625 0.1406 0.7500 0.1406 0.8750 0.1328 0.8750 0.1328 0.7500 0.1406 0.6250 0.1406 0.7500 0.1328 0.7500 0.1328 0.6250 0.1406 0.9688 0.1406 1.0000 0.1328 1.0000 0.1328 0.9688 0.1562 0.9375 0.1562 0.9688 0.1484 0.9688 0.1484 0.9375 0.1562 0.5000 0.1562 0.5312 0.1484 0.5312 0.1484 0.5000 0.1562 0.5312 0.1562 0.5625 0.1484 0.5625 0.1484 0.5312 0.1562 0.8750 0.1562 0.9375 0.1484 0.9375 0.1484 0.8750 0.1562 0.5625 0.1562 0.6250 0.1484 0.6250 0.1484 0.5625 0.1562 0.7500 0.1562 0.8750 0.1484 0.8750 0.1484 0.7500 0.1562 0.6250 0.1562 0.7500 0.1484 0.7500 0.1484 0.6250 0.1562 0.9688 0.1562 1.0000 0.1484 1.0000 0.1484 0.9688 0.9688 0.9375 0.9688 0.9688 0.9609 0.9688 0.9609 0.9375 0.9688 0.5000 0.9688 0.5312 0.9609 0.5312 0.9609 0.5000 0.9688 0.5312 0.9688 0.5625 0.9609 0.5625 0.9609 0.5312 0.9688 0.8750 0.9688 0.9375 0.9609 0.9375 0.9609 0.8750 0.9688 0.5625 0.9688 0.6250 0.9609 0.6250 0.9609 0.5625 0.9688 0.7500 0.9688 0.8750 0.9609 0.8750 0.9609 0.7500 0.9688 0.6250 0.9688 0.7500 0.9609 0.7500 0.9609 0.6250 0.9688 0.9688 0.9688 1.0000 0.9609 1.0000 0.9609 0.9688 0.9531 0.9375 0.9531 0.9688 0.9453 0.9688 0.9453 0.9375 0.9531 0.5000 0.9531 0.5312 0.9453 0.5312 0.9453 0.5000 0.9531 0.5312 0.9531 0.5625 0.9453 0.5625 0.9453 0.5312 0.9531 0.8750 0.9531 0.9375 0.9453 0.9375 0.9453 0.8750 0.9531 0.5625 0.9531 0.6250 0.9453 0.6250 0.9453 0.5625 0.9531 0.7500 0.9531 0.8750 0.9453 0.8750 0.9453 0.7500 0.9531 0.6250 0.9531 0.7500 0.9453 0.7500 0.9453 0.6250 0.9531 0.9688 0.9531 1.0000 0.9453 1.0000 0.9453 0.9688 0.9375 0.9375 0.9375 0.9688 0.9297 0.9688 0.9297 0.9375 0.9375 0.5000 0.9375 0.5312 0.9297 0.5312 0.9297 0.5000 0.9375 0.5312 0.9375 0.5625 0.9297 0.5625 0.9297 0.5312 0.9375 0.8750 0.9375 0.9375 0.9297 0.9375 0.9297 0.8750 0.9375 0.5625 0.9375 0.6250 0.9297 0.6250 0.9297 0.5625 0.9375 0.7500 0.9375 0.8750 0.9297 0.8750 0.9297 0.7500 0.9375 0.6250 0.9375 0.7500 0.9297 0.7500 0.9297 0.6250 0.9375 0.9688 0.9375 1.0000 0.9297 1.0000 0.9297 0.9688 0.9219 0.9375 0.9219 0.9688 0.9141 0.9688 0.9141 0.9375 0.9219 0.5000 0.9219 0.5312 0.9141 0.5312 0.9141 0.5000 0.9219 0.5312 0.9219 0.5625 0.9141 0.5625 0.9141 0.5312 0.9219 0.8750 0.9219 0.9375 0.9141 0.9375 0.9141 0.8750 0.9219 0.5625 0.9219 0.6250 0.9141 0.6250 0.9141 0.5625 0.9219 0.7500 0.9219 0.8750 0.9141 0.8750 0.9141 0.7500 0.9219 0.6250 0.9219 0.7500 0.9141 0.7500 0.9141 0.6250 0.9219 0.9688 0.9219 1.0000 0.9141 1.0000 0.9141 0.9688 0.9062 0.9375 0.9062 0.9688 0.8984 0.9688 0.8984 0.9375 0.9062 0.5000 0.9062 0.5312 0.8984 0.5312 0.8984 0.5000 0.9062 0.5312 0.9062 0.5625 0.8984 0.5625 0.8984 0.5312 0.9062 0.8750 0.9062 0.9375 0.8984 0.9375 0.8984 0.8750 0.9062 0.5625 0.9062 0.6250 0.8984 0.6250 0.8984 0.5625 0.9062 0.7500 0.9062 0.8750 0.8984 0.8750 0.8984 0.7500 0.9062 0.6250 0.9062 0.7500 0.8984 0.7500 0.8984 0.6250 0.9062 0.9688 0.9062 1.0000 0.8984 1.0000 0.8984 0.9688 0.8906 0.9375 0.8906 0.9688 0.8828 0.9688 0.8828 0.9375 0.8906 0.5000 0.8906 0.5312 0.8828 0.5312 0.8828 0.5000 0.8906 0.5312 0.8906 0.5625 0.8828 0.5625 0.8828 0.5312 0.8906 0.8750 0.8906 0.9375 0.8828 0.9375 0.8828 0.8750 0.8906 0.5625 0.8906 0.6250 0.8828 0.6250 0.8828 0.5625 0.8906 0.7500 0.8906 0.8750 0.8828 0.8750 0.8828 0.7500 0.8906 0.6250 0.8906 0.7500 0.8828 0.7500 0.8828 0.6250 0.8906 0.9688 0.8906 1.0000 0.8828 1.0000 0.8828 0.9688 0.8750 0.9375 0.8750 0.9688 0.8672 0.9688 0.8672 0.9375 0.8750 0.5000 0.8750 0.5312 0.8672 0.5312 0.8672 0.5000 0.8750 0.5312 0.8750 0.5625 0.8672 0.5625 0.8672 0.5312 0.8750 0.8750 0.8750 0.9375 0.8672 0.9375 0.8672 0.8750 0.8750 0.5625 0.8750 0.6250 0.8672 0.6250 0.8672 0.5625 0.8750 0.7500 0.8750 0.8750 0.8672 0.8750 0.8672 0.7500 0.8750 0.6250 0.8750 0.7500 0.8672 0.7500 0.8672 0.6250 0.8750 0.9688 0.8750 1.0000 0.8672 1.0000 0.8672 0.9688 0.8594 0.9375 0.8594 0.9688 0.8516 0.9688 0.8516 0.9375 0.8594 0.5000 0.8594 0.5312 0.8516 0.5312 0.8516 0.5000 0.8594 0.5312 0.8594 0.5625 0.8516 0.5625 0.8516 0.5312 0.8594 0.8750 0.8594 0.9375 0.8516 0.9375 0.8516 0.8750 0.8594 0.5625 0.8594 0.6250 0.8516 0.6250 0.8516 0.5625 0.8594 0.7500 0.8594 0.8750 0.8516 0.8750 0.8516 0.7500 0.8594 0.6250 0.8594 0.7500 0.8516 0.7500 0.8516 0.6250 0.8594 0.9688 0.8594 1.0000 0.8516 1.0000 0.8516 0.9688 0.8438 0.9375 0.8438 0.9688 0.8359 0.9688 0.8359 0.9375 0.8438 0.5000 0.8438 0.5312 0.8359 0.5312 0.8359 0.5000 0.8438 0.5312 0.8438 0.5625 0.8359 0.5625 0.8359 0.5312 0.8438 0.8750 0.8438 0.9375 0.8359 0.9375 0.8359 0.8750 0.8438 0.5625 0.8438 0.6250 0.8359 0.6250 0.8359 0.5625 0.8438 0.7500 0.8438 0.8750 0.8359 0.8750 0.8359 0.7500 0.8438 0.6250 0.8438 0.7500 0.8359 0.7500 0.8359 0.6250 0.8438 0.9688 0.8438 1.0000 0.8359 1.0000 0.8359 0.9688 0.8281 0.9375 0.8281 0.9688 0.8203 0.9688 0.8203 0.9375 0.8281 0.5000 0.8281 0.5312 0.8203 0.5312 0.8203 0.5000 0.8281 0.5312 0.8281 0.5625 0.8203 0.5625 0.8203 0.5312 0.8281 0.8750 0.8281 0.9375 0.8203 0.9375 0.8203 0.8750 0.8281 0.5625 0.8281 0.6250 0.8203 0.6250 0.8203 0.5625 0.8281 0.7500 0.8281 0.8750 0.8203 0.8750 0.8203 0.7500 0.8281 0.6250 0.8281 0.7500 0.8203 0.7500 0.8203 0.6250 0.8281 0.9688 0.8281 1.0000 0.8203 1.0000 0.8203 0.9688 0.8125 0.9375 0.8125 0.9688 0.8047 0.9688 0.8047 0.9375 0.8125 0.5000 0.8125 0.5312 0.8047 0.5312 0.8047 0.5000 0.8125 0.5312 0.8125 0.5625 0.8047 0.5625 0.8047 0.5312 0.8125 0.8750 0.8125 0.9375 0.8047 0.9375 0.8047 0.8750 0.8125 0.5625 0.8125 0.6250 0.8047 0.6250 0.8047 0.5625 0.8125 0.7500 0.8125 0.8750 0.8047 0.8750 0.8047 0.7500 0.8125 0.6250 0.8125 0.7500 0.8047 0.7500 0.8047 0.6250 0.8125 0.9688 0.8125 1.0000 0.8047 1.0000 0.8047 0.9688 0.7969 0.9375 0.7969 0.9688 0.7891 0.9688 0.7891 0.9375 0.7969 0.5000 0.7969 0.5312 0.7891 0.5312 0.7891 0.5000 0.7969 0.5312 0.7969 0.5625 0.7891 0.5625 0.7891 0.5312 0.7969 0.8750 0.7969 0.9375 0.7891 0.9375 0.7891 0.8750 0.7969 0.5625 0.7969 0.6250 0.7891 0.6250 0.7891 0.5625 0.7969 0.7500 0.7969 0.8750 0.7891 0.8750 0.7891 0.7500 0.7969 0.6250 0.7969 0.7500 0.7891 0.7500 0.7891 0.6250 0.7969 0.9688 0.7969 1.0000 0.7891 1.0000 0.7891 0.9688 0.7812 0.9375 0.7812 0.9688 0.7734 0.9688 0.7734 0.9375 0.7812 0.5000 0.7812 0.5312 0.7734 0.5312 0.7734 0.5000 0.7812 0.5312 0.7812 0.5625 0.7734 0.5625 0.7734 0.5312 0.7812 0.8750 0.7812 0.9375 0.7734 0.9375 0.7734 0.8750 0.7812 0.5625 0.7812 0.6250 0.7734 0.6250 0.7734 0.5625 0.7812 0.7500 0.7812 0.8750 0.7734 0.8750 0.7734 0.7500 0.7812 0.6250 0.7812 0.7500 0.7734 0.7500 0.7734 0.6250 0.7812 0.9688 0.7812 1.0000 0.7734 1.0000 0.7734 0.9688 0.7656 0.9375 0.7656 0.9688 0.7578 0.9688 0.7578 0.9375 0.7656 0.5000 0.7656 0.5312 0.7578 0.5312 0.7578 0.5000 0.7656 0.5312 0.7656 0.5625 0.7578 0.5625 0.7578 0.5312 0.7656 0.8750 0.7656 0.9375 0.7578 0.9375 0.7578 0.8750 0.7656 0.5625 0.7656 0.6250 0.7578 0.6250 0.7578 0.5625 0.7656 0.7500 0.7656 0.8750 0.7578 0.8750 0.7578 0.7500 0.7656 0.6250 0.7656 0.7500 0.7578 0.7500 0.7578 0.6250 0.7656 0.9688 0.7656 1.0000 0.7578 1.0000 0.7578 0.9688 0.7500 0.9375 0.7500 0.9688 0.7422 0.9688 0.7422 0.9375 0.7500 0.5000 0.7500 0.5312 0.7422 0.5312 0.7422 0.5000 0.7500 0.5312 0.7500 0.5625 0.7422 0.5625 0.7422 0.5312 0.7500 0.8750 0.7500 0.9375 0.7422 0.9375 0.7422 0.8750 0.7500 0.5625 0.7500 0.6250 0.7422 0.6250 0.7422 0.5625 0.7500 0.7500 0.7500 0.8750 0.7422 0.8750 0.7422 0.7500 0.7500 0.6250 0.7500 0.7500 0.7422 0.7500 0.7422 0.6250 0.7500 0.9688 0.7500 1.0000 0.7422 1.0000 0.7422 0.9688 0.7344 0.9375 0.7344 0.9688 0.7266 0.9688 0.7266 0.9375 0.7344 0.5000 0.7344 0.5312 0.7266 0.5312 0.7266 0.5000 0.7344 0.5312 0.7344 0.5625 0.7266 0.5625 0.7266 0.5312 0.7344 0.8750 0.7344 0.9375 0.7266 0.9375 0.7266 0.8750 0.7344 0.5625 0.7344 0.6250 0.7266 0.6250 0.7266 0.5625 0.7344 0.7500 0.7344 0.8750 0.7266 0.8750 0.7266 0.7500 0.7344 0.6250 0.7344 0.7500 0.7266 0.7500 0.7266 0.6250 0.7344 0.9688 0.7344 1.0000 0.7266 1.0000 0.7266 0.9688 0.7188 0.9375 0.7188 0.9688 0.7109 0.9688 0.7109 0.9375 0.7188 0.5000 0.7188 0.5312 0.7109 0.5312 0.7109 0.5000 0.7188 0.5312 0.7188 0.5625 0.7109 0.5625 0.7109 0.5312 0.7188 0.8750 0.7188 0.9375 0.7109 0.9375 0.7109 0.8750 0.7188 0.5625 0.7188 0.6250 0.7109 0.6250 0.7109 0.5625 0.7188 0.7500 0.7188 0.8750 0.7109 0.8750 0.7109 0.7500 0.7188 0.6250 0.7188 0.7500 0.7109 0.7500 0.7109 0.6250 0.7188 0.9688 0.7188 1.0000 0.7109 1.0000 0.7109 0.9688 0.7031 0.9375 0.7031 0.9688 0.6953 0.9688 0.6953 0.9375 0.7031 0.5000 0.7031 0.5312 0.6953 0.5312 0.6953 0.5000 0.7031 0.5312 0.7031 0.5625 0.6953 0.5625 0.6953 0.5312 0.7031 0.8750 0.7031 0.9375 0.6953 0.9375 0.6953 0.8750 0.7031 0.5625 0.7031 0.6250 0.6953 0.6250 0.6953 0.5625 0.7031 0.7500 0.7031 0.8750 0.6953 0.8750 0.6953 0.7500 0.7031 0.6250 0.7031 0.7500 0.6953 0.7500 0.6953 0.6250 0.7031 0.9688 0.7031 1.0000 0.6953 1.0000 0.6953 0.9688 0.6875 0.9375 0.6875 0.9688 0.6797 0.9688 0.6797 0.9375 0.6875 0.5000 0.6875 0.5312 0.6797 0.5312 0.6797 0.5000 0.6875 0.5312 0.6875 0.5625 0.6797 0.5625 0.6797 0.5312 0.6875 0.8750 0.6875 0.9375 0.6797 0.9375 0.6797 0.8750 0.6875 0.5625 0.6875 0.6250 0.6797 0.6250 0.6797 0.5625 0.6875 0.7500 0.6875 0.8750 0.6797 0.8750 0.6797 0.7500 0.6875 0.6250 0.6875 0.7500 0.6797 0.7500 0.6797 0.6250 0.6875 0.9688 0.6875 1.0000 0.6797 1.0000 0.6797 0.9688 0.6719 0.9375 0.6719 0.9688 0.6641 0.9688 0.6641 0.9375 0.6719 0.5000 0.6719 0.5312 0.6641 0.5312 0.6641 0.5000 0.6719 0.5312 0.6719 0.5625 0.6641 0.5625 0.6641 0.5312 0.6719 0.8750 0.6719 0.9375 0.6641 0.9375 0.6641 0.8750 0.6719 0.5625 0.6719 0.6250 0.6641 0.6250 0.6641 0.5625 0.6719 0.7500 0.6719 0.8750 0.6641 0.8750 0.6641 0.7500 0.6719 0.6250 0.6719 0.7500 0.6641 0.7500 0.6641 0.6250 0.6719 0.9688 0.6719 1.0000 0.6641 1.0000 0.6641 0.9688 0.6562 0.9375 0.6562 0.9688 0.6484 0.9688 0.6484 0.9375 0.6562 0.5000 0.6562 0.5312 0.6484 0.5312 0.6484 0.5000 0.6562 0.5312 0.6562 0.5625 0.6484 0.5625 0.6484 0.5312 0.6562 0.8750 0.6562 0.9375 0.6484 0.9375 0.6484 0.8750 0.6562 0.5625 0.6562 0.6250 0.6484 0.6250 0.6484 0.5625 0.6562 0.7500 0.6562 0.8750 0.6484 0.8750 0.6484 0.7500 0.6562 0.6250 0.6562 0.7500 0.6484 0.7500 0.6484 0.6250 0.6562 0.9688 0.6562 1.0000 0.6484 1.0000 0.6484 0.9688 0.6406 0.9375 0.6406 0.9688 0.6328 0.9688 0.6328 0.9375 0.6406 0.5000 0.6406 0.5312 0.6328 0.5312 0.6328 0.5000 0.6406 0.5312 0.6406 0.5625 0.6328 0.5625 0.6328 0.5312 0.6406 0.8750 0.6406 0.9375 0.6328 0.9375 0.6328 0.8750 0.6406 0.5625 0.6406 0.6250 0.6328 0.6250 0.6328 0.5625 0.6406 0.7500 0.6406 0.8750 0.6328 0.8750 0.6328 0.7500 0.6406 0.6250 0.6406 0.7500 0.6328 0.7500 0.6328 0.6250 0.6406 0.9688 0.6406 1.0000 0.6328 1.0000 0.6328 0.9688 0.6250 0.9375 0.6250 0.9688 0.6172 0.9688 0.6172 0.9375 0.6250 0.5000 0.6250 0.5312 0.6172 0.5312 0.6172 0.5000 0.6250 0.5312 0.6250 0.5625 0.6172 0.5625 0.6172 0.5312 0.6250 0.8750 0.6250 0.9375 0.6172 0.9375 0.6172 0.8750 0.6250 0.5625 0.6250 0.6250 0.6172 0.6250 0.6172 0.5625 0.6250 0.7500 0.6250 0.8750 0.6172 0.8750 0.6172 0.7500 0.6250 0.6250 0.6250 0.7500 0.6172 0.7500 0.6172 0.6250 0.6250 0.9688 0.6250 1.0000 0.6172 1.0000 0.6172 0.9688 0.6094 0.9375 0.6094 0.9688 0.6016 0.9688 0.6016 0.9375 0.6094 0.5000 0.6094 0.5312 0.6016 0.5312 0.6016 0.5000 0.6094 0.5312 0.6094 0.5625 0.6016 0.5625 0.6016 0.5312 0.6094 0.8750 0.6094 0.9375 0.6016 0.9375 0.6016 0.8750 0.6094 0.5625 0.6094 0.6250 0.6016 0.6250 0.6016 0.5625 0.6094 0.7500 0.6094 0.8750 0.6016 0.8750 0.6016 0.7500 0.6094 0.6250 0.6094 0.7500 0.6016 0.7500 0.6016 0.6250 0.6094 0.9688 0.6094 1.0000 0.6016 1.0000 0.6016 0.9688 0.5938 0.9375 0.5938 0.9688 0.5859 0.9688 0.5859 0.9375 0.5938 0.5000 0.5938 0.5312 0.5859 0.5312 0.5859 0.5000 0.5938 0.5312 0.5938 0.5625 0.5859 0.5625 0.5859 0.5312 0.5938 0.8750 0.5938 0.9375 0.5859 0.9375 0.5859 0.8750 0.5938 0.5625 0.5938 0.6250 0.5859 0.6250 0.5859 0.5625 0.5938 0.7500 0.5938 0.8750 0.5859 0.8750 0.5859 0.7500 0.5938 0.6250 0.5938 0.7500 0.5859 0.7500 0.5859 0.6250 0.5938 0.9688 0.5938 1.0000 0.5859 1.0000 0.5859 0.9688 0.5781 0.9375 0.5781 0.9688 0.5703 0.9688 0.5703 0.9375 0.5781 0.5000 0.5781 0.5312 0.5703 0.5312 0.5703 0.5000 0.5781 0.5312 0.5781 0.5625 0.5703 0.5625 0.5703 0.5312 0.5781 0.8750 0.5781 0.9375 0.5703 0.9375 0.5703 0.8750 0.5781 0.5625 0.5781 0.6250 0.5703 0.6250 0.5703 0.5625 0.5781 0.7500 0.5781 0.8750 0.5703 0.8750 0.5703 0.7500 0.5781 0.6250 0.5781 0.7500 0.5703 0.7500 0.5703 0.6250 0.5781 0.9688 0.5781 1.0000 0.5703 1.0000 0.5703 0.9688 0.5625 0.9375 0.5625 0.9688 0.5547 0.9688 0.5547 0.9375 0.5625 0.5000 0.5625 0.5312 0.5547 0.5312 0.5547 0.5000 0.5625 0.5312 0.5625 0.5625 0.5547 0.5625 0.5547 0.5312 0.5625 0.8750 0.5625 0.9375 0.5547 0.9375 0.5547 0.8750 0.5625 0.5625 0.5625 0.6250 0.5547 0.6250 0.5547 0.5625 0.5625 0.7500 0.5625 0.8750 0.5547 0.8750 0.5547 0.7500 0.5625 0.6250 0.5625 0.7500 0.5547 0.7500 0.5547 0.6250 0.5625 0.9688 0.5625 1.0000 0.5547 1.0000 0.5547 0.9688 0.5469 0.9375 0.5469 0.9688 0.5391 0.9688 0.5391 0.9375 0.5469 0.5000 0.5469 0.5312 0.5391 0.5312 0.5391 0.5000 0.5469 0.5312 0.5469 0.5625 0.5391 0.5625 0.5391 0.5312 0.5469 0.8750 0.5469 0.9375 0.5391 0.9375 0.5391 0.8750 0.5469 0.5625 0.5469 0.6250 0.5391 0.6250 0.5391 0.5625 0.5469 0.7500 0.5469 0.8750 0.5391 0.8750 0.5391 0.7500 0.5469 0.6250 0.5469 0.7500 0.5391 0.7500 0.5391 0.6250 0.5469 0.9688 0.5469 1.0000 0.5391 1.0000 0.5391 0.9688 0.5312 0.9375 0.5312 0.9688 0.5234 0.9688 0.5234 0.9375 0.5312 0.5000 0.5312 0.5312 0.5234 0.5312 0.5234 0.5000 0.5312 0.5312 0.5312 0.5625 0.5234 0.5625 0.5234 0.5312 0.5312 0.8750 0.5312 0.9375 0.5234 0.9375 0.5234 0.8750 0.5312 0.5625 0.5312 0.6250 0.5234 0.6250 0.5234 0.5625 0.5312 0.7500 0.5312 0.8750 0.5234 0.8750 0.5234 0.7500 0.5312 0.6250 0.5312 0.7500 0.5234 0.7500 0.5234 0.6250 0.5312 0.9688 0.5312 1.0000 0.5234 1.0000 0.5234 0.9688 0.5156 0.9375 0.5156 0.9688 0.5078 0.9688 0.5078 0.9375 0.5156 0.5000 0.5156 0.5312 0.5078 0.5312 0.5078 0.5000 0.5156 0.5312 0.5156 0.5625 0.5078 0.5625 0.5078 0.5312 0.5156 0.8750 0.5156 0.9375 0.5078 0.9375 0.5078 0.8750 0.5156 0.5625 0.5156 0.6250 0.5078 0.6250 0.5078 0.5625 0.5156 0.7500 0.5156 0.8750 0.5078 0.8750 0.5078 0.7500 0.5156 0.6250 0.5156 0.7500 0.5078 0.7500 0.5078 0.6250 0.5156 0.9688 0.5156 1.0000 0.5078 1.0000 0.5078 0.9688 0.5000 0.9375 0.5000 0.9688 0.4922 0.9688 0.4922 0.9375 0.5000 0.5000 0.5000 0.5312 0.4922 0.5312 0.4922 0.5000 0.5000 0.5312 0.5000 0.5625 0.4922 0.5625 0.4922 0.5312 0.5000 0.8750 0.5000 0.9375 0.4922 0.9375 0.4922 0.8750 0.5000 0.5625 0.5000 0.6250 0.4922 0.6250 0.4922 0.5625 0.5000 0.7500 0.5000 0.8750 0.4922 0.8750 0.4922 0.7500 0.5000 0.6250 0.5000 0.7500 0.4922 0.7500 0.4922 0.6250 0.5000 0.9688 0.5000 1.0000 0.4922 1.0000 0.4922 0.9688 0.4844 0.9375 0.4844 0.9688 0.4766 0.9688 0.4766 0.9375 0.4844 0.5000 0.4844 0.5312 0.4766 0.5312 0.4766 0.5000 0.4844 0.5312 0.4844 0.5625 0.4766 0.5625 0.4766 0.5312 0.4844 0.8750 0.4844 0.9375 0.4766 0.9375 0.4766 0.8750 0.4844 0.5625 0.4844 0.6250 0.4766 0.6250 0.4766 0.5625 0.4844 0.7500 0.4844 0.8750 0.4766 0.8750 0.4766 0.7500 0.4844 0.6250 0.4844 0.7500 0.4766 0.7500 0.4766 0.6250 0.4844 0.9688 0.4844 1.0000 0.4766 1.0000 0.4766 0.9688 0.4688 0.9375 0.4688 0.9688 0.4618 0.9688 0.4618 0.9375 0.4688 0.5000 0.4688 0.5312 0.4618 0.5312 0.4618 0.5000 0.4688 0.5312 0.4688 0.5625 0.4618 0.5625 0.4618 0.5312 0.4688 0.8750 0.4688 0.9375 0.4618 0.9375 0.4618 0.8750 0.4688 0.5625 0.4688 0.6250 0.4618 0.6250 0.4618 0.5625 0.4688 0.7500 0.4688 0.8750 0.4618 0.8750 0.4618 0.7500 0.4688 0.6250 0.4688 0.7500 0.4618 0.7500 0.4618 0.6250 0.4688 0.9688 0.4688 1.0000 0.4618 1.0000 0.4618 0.9688 0.4548 0.9375 0.4548 0.9688 0.4462 0.9688 0.4462 0.9375 0.4548 0.5000 0.4548 0.5312 0.4462 0.5312 0.4462 0.5000 0.4548 0.5312 0.4548 0.5625 0.4462 0.5625 0.4462 0.5312 0.4548 0.8750 0.4548 0.9375 0.4462 0.9375 0.4462 0.8750 0.4548 0.5625 0.4548 0.6250 0.4462 0.6250 0.4462 0.5625 0.4548 0.7500 0.4548 0.8750 0.4462 0.8750 0.4462 0.7500 0.4548 0.6250 0.4548 0.7500 0.4462 0.7500 0.4462 0.6250 0.4548 0.9688 0.4548 1.0000 0.4462 1.0000 0.4462 0.9688 0.4375 0.9375 0.4375 0.9688 0.4297 0.9688 0.4297 0.9375 0.4375 0.5000 0.4375 0.5312 0.4297 0.5312 0.4297 0.5000 0.4375 0.5312 0.4375 0.5625 0.4297 0.5625 0.4297 0.5312 0.4375 0.8750 0.4375 0.9375 0.4297 0.9375 0.4297 0.8750 0.4375 0.5625 0.4375 0.6250 0.4297 0.6250 0.4297 0.5625 0.4375 0.7500 0.4375 0.8750 0.4297 0.8750 0.4297 0.7500 0.4375 0.6250 0.4375 0.7500 0.4297 0.7500 0.4297 0.6250 0.4375 0.9688 0.4375 1.0000 0.4297 1.0000 0.4297 0.9688 0.4219 0.9375 0.4219 0.9688 0.4141 0.9688 0.4141 0.9375 0.4219 0.5000 0.4219 0.5312 0.4141 0.5312 0.4141 0.5000 0.4219 0.5312 0.4219 0.5625 0.4141 0.5625 0.4141 0.5312 0.4219 0.8750 0.4219 0.9375 0.4141 0.9375 0.4141 0.8750 0.4219 0.5625 0.4219 0.6250 0.4141 0.6250 0.4141 0.5625 0.4219 0.7500 0.4219 0.8750 0.4141 0.8750 0.4141 0.7500 0.4219 0.6250 0.4219 0.7500 0.4141 0.7500 0.4141 0.6250 0.4219 0.9688 0.4219 1.0000 0.4141 1.0000 0.4141 0.9688 0.4062 0.9375 0.4062 0.9688 0.3984 0.9688 0.3984 0.9375 0.4062 0.5000 0.4062 0.5312 0.3984 0.5312 0.3984 0.5000 0.4062 0.5312 0.4062 0.5625 0.3984 0.5625 0.3984 0.5312 0.4062 0.8750 0.4062 0.9375 0.3984 0.9375 0.3984 0.8750 0.4062 0.5625 0.4062 0.6250 0.3984 0.6250 0.3984 0.5625 0.4062 0.7500 0.4062 0.8750 0.3984 0.8750 0.3984 0.7500 0.4062 0.6250 0.4062 0.7500 0.3984 0.7500 0.3984 0.6250 0.4062 0.9688 0.4062 1.0000 0.3984 1.0000 0.3984 0.9688 0.3906 0.9375 0.3906 0.9688 0.3828 0.9688 0.3828 0.9375 0.3906 0.5000 0.3906 0.5312 0.3828 0.5312 0.3828 0.5000 0.3906 0.5312 0.3906 0.5625 0.3828 0.5625 0.3828 0.5312 0.3906 0.8750 0.3906 0.9375 0.3828 0.9375 0.3828 0.8750 0.3906 0.5625 0.3906 0.6250 0.3828 0.6250 0.3828 0.5625 0.3906 0.7500 0.3906 0.8750 0.3828 0.8750 0.3828 0.7500 0.3906 0.6250 0.3906 0.7500 0.3828 0.7500 0.3828 0.6250 0.3906 0.9688 0.3906 1.0000 0.3828 1.0000 0.3828 0.9688 0.3750 0.9375 0.3750 0.9688 0.3681 0.9688 0.3681 0.9375 0.3750 0.5000 0.3750 0.5312 0.3681 0.5312 0.3681 0.5000 0.3750 0.5312 0.3750 0.5625 0.3681 0.5625 0.3681 0.5312 0.3750 0.8750 0.3750 0.9375 0.3681 0.9375 0.3681 0.8750 0.3750 0.5625 0.3750 0.6250 0.3681 0.6250 0.3681 0.5625 0.3750 0.7500 0.3750 0.8750 0.3681 0.8750 0.3681 0.7500 0.3750 0.6250 0.3750 0.7500 0.3681 0.7500 0.3681 0.6250 0.3750 0.9688 0.3750 1.0000 0.3681 1.0000 0.3681 0.9688 0.3612 0.9375 0.3612 0.9688 0.3525 0.9688 0.3525 0.9375 0.3612 0.5000 0.3612 0.5312 0.3525 0.5312 0.3525 0.5000 0.3612 0.5312 0.3612 0.5625 0.3525 0.5625 0.3525 0.5312 0.3612 0.8750 0.3612 0.9375 0.3525 0.9375 0.3525 0.8750 0.3612 0.5625 0.3612 0.6250 0.3525 0.6250 0.3525 0.5625 0.3612 0.7500 0.3612 0.8750 0.3525 0.8750 0.3525 0.7500 0.3612 0.6250 0.3612 0.7500 0.3525 0.7500 0.3525 0.6250 0.3612 0.9688 0.3612 1.0000 0.3525 1.0000 0.3525 0.9688 0.3438 0.9375 0.3438 0.9688 0.3359 0.9688 0.3359 0.9375 0.3438 0.5000 0.3438 0.5312 0.3359 0.5312 0.3359 0.5000 0.3438 0.5312 0.3438 0.5625 0.3359 0.5625 0.3359 0.5312 0.3438 0.8750 0.3438 0.9375 0.3359 0.9375 0.3359 0.8750 0.3438 0.5625 0.3438 0.6250 0.3359 0.6250 0.3359 0.5625 0.3438 0.7500 0.3438 0.8750 0.3359 0.8750 0.3359 0.7500 0.3438 0.6250 0.3438 0.7500 0.3359 0.7500 0.3359 0.6250 0.3438 0.9688 0.3438 1.0000 0.3359 1.0000 0.3359 0.9688 0.3281 0.9375 0.3281 0.9688 0.3203 0.9688 0.3203 0.9375 0.3281 0.5000 0.3281 0.5312 0.3203 0.5312 0.3203 0.5000 0.3281 0.5312 0.3281 0.5625 0.3203 0.5625 0.3203 0.5312 0.3281 0.8750 0.3281 0.9375 0.3203 0.9375 0.3203 0.8750 0.3281 0.5625 0.3281 0.6250 0.3203 0.6250 0.3203 0.5625 0.3281 0.7500 0.3281 0.8750 0.3203 0.8750 0.3203 0.7500 0.3281 0.6250 0.3281 0.7500 0.3203 0.7500 0.3203 0.6250 0.3281 0.9688 0.3281 1.0000 0.3203 1.0000 0.3203 0.9688 0.3125 0.9375 0.3125 0.9688 0.3047 0.9688 0.3047 0.9375 0.3125 0.5000 0.3125 0.5312 0.3047 0.5312 0.3047 0.5000 0.3125 0.5312 0.3125 0.5625 0.3047 0.5625 0.3047 0.5312 0.3125 0.8750 0.3125 0.9375 0.3047 0.9375 0.3047 0.8750 0.3125 0.5625 0.3125 0.6250 0.3047 0.6250 0.3047 0.5625 0.3125 0.7500 0.3125 0.8750 0.3047 0.8750 0.3047 0.7500 0.3125 0.6250 0.3125 0.7500 0.3047 0.7500 0.3047 0.6250 0.3125 0.9688 0.3125 1.0000 0.3047 1.0000 0.3047 0.9688 0.2969 0.9375 0.2969 0.9688 0.2891 0.9688 0.2891 0.9375 0.2969 0.5000 0.2969 0.5312 0.2891 0.5312 0.2891 0.5000 0.2969 0.5312 0.2969 0.5625 0.2891 0.5625 0.2891 0.5312 0.2969 0.8750 0.2969 0.9375 0.2891 0.9375 0.2891 0.8750 0.2969 0.5625 0.2969 0.6250 0.2891 0.6250 0.2891 0.5625 0.2969 0.7500 0.2969 0.8750 0.2891 0.8750 0.2891 0.7500 0.2969 0.6250 0.2969 0.7500 0.2891 0.7500 0.2891 0.6250 0.2969 0.9688 0.2969 1.0000 0.2891 1.0000 0.2891 0.9688 0.2812 0.9375 0.2812 0.9688 0.2734 0.9688 0.2734 0.9375 0.2812 0.5000 0.2812 0.5312 0.2734 0.5312 0.2734 0.5000 0.2812 0.5312 0.2812 0.5625 0.2734 0.5625 0.2734 0.5312 0.2812 0.8750 0.2812 0.9375 0.2734 0.9375 0.2734 0.8750 0.2812 0.5625 0.2812 0.6250 0.2734 0.6250 0.2734 0.5625 0.2812 0.7500 0.2812 0.8750 0.2734 0.8750 0.2734 0.7500 0.2812 0.6250 0.2812 0.7500 0.2734 0.7500 0.2734 0.6250 0.2812 0.9688 0.2812 1.0000 0.2734 1.0000 0.2734 0.9688 0.2656 0.9375 0.2656 0.9688 0.2578 0.9688 0.2578 0.9375 0.2656 0.5000 0.2656 0.5312 0.2578 0.5312 0.2578 0.5000 0.2656 0.5312 0.2656 0.5625 0.2578 0.5625 0.2578 0.5312 0.2656 0.8750 0.2656 0.9375 0.2578 0.9375 0.2578 0.8750 0.2656 0.5625 0.2656 0.6250 0.2578 0.6250 0.2578 0.5625 0.2656 0.7500 0.2656 0.8750 0.2578 0.8750 0.2578 0.7500 0.2656 0.6250 0.2656 0.7500 0.2578 0.7500 0.2578 0.6250 0.2656 0.9688 0.2656 1.0000 0.2578 1.0000 0.2578 0.9688 0.2500 0.9375 0.2500 0.9688 0.2422 0.9688 0.2422 0.9375 0.2500 0.5000 0.2500 0.5312 0.2422 0.5312 0.2422 0.5000 0.2500 0.5312 0.2500 0.5625 0.2422 0.5625 0.2422 0.5312 0.2500 0.8750 0.2500 0.9375 0.2422 0.9375 0.2422 0.8750 0.2500 0.5625 0.2500 0.6250 0.2422 0.6250 0.2422 0.5625 0.2500 0.7500 0.2500 0.8750 0.2422 0.8750 0.2422 0.7500 0.2500 0.6250 0.2500 0.7500 0.2422 0.7500 0.2422 0.6250 0.2500 0.9688 0.2500 1.0000 0.2422 1.0000 0.2422 0.9688 0.2344 0.9375 0.2344 0.9688 0.2266 0.9688 0.2266 0.9375 0.2344 0.5000 0.2344 0.5312 0.2266 0.5312 0.2266 0.5000 0.2344 0.5312 0.2344 0.5625 0.2266 0.5625 0.2266 0.5312 0.2344 0.8750 0.2344 0.9375 0.2266 0.9375 0.2266 0.8750 0.2344 0.5625 0.2344 0.6250 0.2266 0.6250 0.2266 0.5625 0.2344 0.7500 0.2344 0.8750 0.2266 0.8750 0.2266 0.7500 0.2344 0.6250 0.2344 0.7500 0.2266 0.7500 0.2266 0.6250 0.2344 0.9688 0.2344 1.0000 0.2266 1.0000 0.2266 0.9688 0.2188 0.9375 0.2188 0.9688 0.2117 0.9688 0.2117 0.9375 0.2188 0.5000 0.2188 0.5312 0.2117 0.5312 0.2117 0.5000 0.2188 0.5312 0.2188 0.5625 0.2117 0.5625 0.2117 0.5312 0.2188 0.8750 0.2188 0.9375 0.2117 0.9375 0.2117 0.8750 0.2188 0.5625 0.2188 0.6250 0.2117 0.6250 0.2117 0.5625 0.2188 0.7500 0.2188 0.8750 0.2117 0.8750 0.2117 0.7500 0.2188 0.6250 0.2188 0.7500 0.2117 0.7500 0.2117 0.6250 0.2188 0.9688 0.2188 1.0000 0.2117 1.0000 0.2117 0.9688 0.2046 0.9375 0.2046 0.9688 0.1961 0.9688 0.1961 0.9375 0.2046 0.5000 0.2046 0.5312 0.1961 0.5312 0.1961 0.5000 0.2046 0.5312 0.2046 0.5625 0.1961 0.5625 0.1961 0.5312 0.2046 0.8750 0.2046 0.9375 0.1961 0.9375 0.1961 0.8750 0.2046 0.5625 0.2046 0.6250 0.1961 0.6250 0.1961 0.5625 0.2046 0.7500 0.2046 0.8750 0.1961 0.8750 0.1961 0.7500 0.2046 0.6250 0.2046 0.7500 0.1961 0.7500 0.1961 0.6250 0.2046 0.9688 0.2046 1.0000 0.1961 1.0000 0.1961 0.9688 0.1875 0.9375 0.1875 0.9688 0.1797 0.9688 0.1797 0.9375 0.1875 0.5000 0.1875 0.5312 0.1797 0.5312 0.1797 0.5000 0.1875 0.5312 0.1875 0.5625 0.1797 0.5625 0.1797 0.5312 0.1875 0.8750 0.1875 0.9375 0.1797 0.9375 0.1797 0.8750 0.1875 0.5625 0.1875 0.6250 0.1797 0.6250 0.1797 0.5625 0.1875 0.7500 0.1875 0.8750 0.1797 0.8750 0.1797 0.7500 0.1875 0.6250 0.1875 0.7500 0.1797 0.7500 0.1797 0.6250 0.1875 0.9688 0.1875 1.0000 0.1797 1.0000 0.1797 0.9688 0.1719 0.9375 0.1719 0.9688 0.1641 0.9688 0.1641 0.9375 0.1719 0.5000 0.1719 0.5312 0.1641 0.5312 0.1641 0.5000 0.1719 0.5312 0.1719 0.5625 0.1641 0.5625 0.1641 0.5312 0.1719 0.8750 0.1719 0.9375 0.1641 0.9375 0.1641 0.8750 0.1719 0.5625 0.1719 0.6250 0.1641 0.6250 0.1641 0.5625 0.1719 0.7500 0.1719 0.8750 0.1641 0.8750 0.1641 0.7500 0.1719 0.6250 0.1719 0.7500 0.1641 0.7500 0.1641 0.6250 0.1719 0.9688 0.1719 1.0000 0.1641 1.0000 0.1641 0.9688 0.4375 0.5000 0.4375 0.7500 0.4219 0.7500 0.4219 0.5000 0.7656 0.5000 0.7656 0.7500 0.7500 0.7500 0.7500 0.5000 0.9844 0.7500 0.9844 1.0000 0.9688 1.0000 0.9688 0.7500 0.4688 0.7500 0.4688 1.0000 0.4531 1.0000 0.4531 0.7500 0.7344 0.5000 0.7344 0.7500 0.7188 0.7500 0.7188 0.5000 0.9688 0.7500 0.9688 1.0000 0.9375 1.0000 0.9375 0.7500 0.4062 0.5000 0.4062 0.7500 0.3906 0.7500 0.3906 0.5000 0.7031 0.5000 0.7031 0.7500 0.6875 0.7500 0.6875 0.5000 0.9219 0.7500 0.9219 1.0000 0.9062 1.0000 0.9062 0.7500 0.4062 0.7500 0.4062 1.0000 0.3906 1.0000 0.3906 0.7500 0.6719 0.5000 0.6719 0.7500 0.6562 0.7500 0.6562 0.5000 0.8906 0.7500 0.8906 1.0000 0.8750 1.0000 0.8750 0.7500 0.3750 0.5000 0.3750 0.7500 0.3594 0.7500 0.3594 0.5000 0.6406 0.5000 0.6406 0.7500 0.6250 0.7500 0.6250 0.5000 0.8594 0.7500 0.8594 1.0000 0.8438 1.0000 0.8438 0.7500 0.3750 0.7500 0.3750 1.0000 0.3594 1.0000 0.3594 0.7500 0.6094 0.5000 0.6094 0.7500 0.5938 0.7500 0.5938 0.5000 0.8281 0.7500 0.8281 1.0000 0.8125 1.0000 0.8125 0.7500 1.0000 0.7500 1.0000 1.0000 0.9844 1.0000 0.9844 0.7500 0.5781 0.5000 0.5781 0.7500 0.5625 0.7500 0.5625 0.5000 0.7969 0.7500 0.7969 1.0000 0.7812 1.0000 0.7812 0.7500 1.0000 0.5000 1.0000 0.7500 0.9844 0.7500 0.9844 0.5000 0.5469 0.5000 0.5469 0.7500 0.5312 0.7500 0.5312 0.5000 0.7656 0.7500 0.7656 1.0000 0.7500 1.0000 0.7500 0.7500 0.0312 0.5000 0.0312 0.7500 0.0156 0.7500 0.0156 0.5000 0.5156 0.5000 0.5156 0.7500 0.5000 0.7500 0.5000 0.5000 0.7344 0.7500 0.7344 1.0000 0.7188 1.0000 0.7188 0.7500 0.0312 0.7500 0.0312 1.0000 0.0156 1.0000 0.0156 0.7500 0.4844 0.5000 0.4844 0.7500 0.4688 0.7500 0.4688 0.5000 0.7031 0.7500 0.7031 1.0000 0.6875 1.0000 0.6875 0.7500 0.0625 0.5000 0.0625 0.7500 0.0469 0.7500 0.0469 0.5000 0.4531 0.5000 0.4531 0.7500 0.4375 0.7500 0.4375 0.5000 0.6719 0.7500 0.6719 1.0000 0.6562 1.0000 0.6562 0.7500 0.0625 0.7500 0.0625 1.0000 0.0469 1.0000 0.0469 0.7500 0.4219 0.5000 0.4219 0.7500 0.4062 0.7500 0.4062 0.5000 0.6406 0.7500 0.6406 1.0000 0.6250 1.0000 0.6250 0.7500 0.0938 0.5000 0.0938 0.7500 0.0781 0.7500 0.0781 0.5000 0.3906 0.5000 0.3906 0.7500 0.3750 0.7500 0.3750 0.5000 0.6094 0.7500 0.6094 1.0000 0.5938 1.0000 0.5938 0.7500 0.0938 0.7500 0.0938 1.0000 0.0781 1.0000 0.0781 0.7500 0.3594 0.5000 0.3594 0.7500 0.3438 0.7500 0.3438 0.5000 0.5781 0.7500 0.5781 1.0000 0.5625 1.0000 0.5625 0.7500 0.1250 0.5000 0.1250 0.7500 0.1094 0.7500 0.1094 0.5000 0.3281 0.5000 0.3281 0.7500 0.3125 0.7500 0.3125 0.5000 0.5469 0.7500 0.5469 1.0000 0.5312 1.0000 0.5312 0.7500 0.1250 0.7500 0.1250 1.0000 0.1094 1.0000 0.1094 0.7500 0.2969 0.5000 0.2969 0.7500 0.2812 0.7500 0.2812 0.5000 0.5156 0.7500 0.5156 1.0000 0.5000 1.0000 0.5000 0.7500 0.3438 0.5000 0.3438 0.7500 0.3281 0.7500 0.3281 0.5000 0.2656 0.5000 0.2656 0.7500 0.2500 0.7500 0.2500 0.5000 0.4844 0.7500 0.4844 1.0000 0.4688 1.0000 0.4688 0.7500 0.3438 0.7500 0.3438 1.0000 0.3281 1.0000 0.3281 0.7500 0.2344 0.5000 0.2344 0.7500 0.2188 0.7500 0.2188 0.5000 0.4531 0.7500 0.4531 1.0000 0.4375 1.0000 0.4375 0.7500 0.3125 0.5000 0.3125 0.7500 0.2969 0.7500 0.2969 0.5000 0.2031 0.5000 0.2031 0.7500 0.1875 0.7500 0.1875 0.5000 0.4219 0.7500 0.4219 1.0000 0.4062 1.0000 0.4062 0.7500 0.3125 0.7500 0.3125 1.0000 0.2969 1.0000 0.2969 0.7500 0.1719 0.5000 0.1719 0.7500 0.1562 0.7500 0.1562 0.5000 0.3906 0.7500 0.3906 1.0000 0.3750 1.0000 0.3750 0.7500 0.2812 0.5000 0.2812 0.7500 0.2656 0.7500 0.2656 0.5000 0.1406 0.5000 0.1406 0.7500 0.1250 0.7500 0.1250 0.5000 0.3594 0.7500 0.3594 1.0000 0.3438 1.0000 0.3438 0.7500 0.2812 0.7500 0.2812 1.0000 0.2656 1.0000 0.2656 0.7500 0.2188 0.5000 0.2188 0.7500 0.2031 0.7500 0.2031 0.5000 0.3281 0.7500 0.3281 1.0000 0.3125 1.0000 0.3125 0.7500 0.2500 0.5000 0.2500 0.7500 0.2344 0.7500 0.2344 0.5000 0.1094 0.5000 0.1094 0.7500 0.0938 0.7500 0.0938 0.5000 0.2969 0.7500 0.2969 1.0000 0.2812 1.0000 0.2812 0.7500 0.2500 0.7500 0.2500 1.0000 0.2344 1.0000 0.2344 0.7500 0.1875 0.5000 0.1875 0.7500 0.1719 0.7500 0.1719 0.5000 0.2656 0.7500 0.2656 1.0000 0.2500 1.0000 0.2500 0.7500 0.9844 0.5000 0.9844 0.7500 0.9688 0.7500 0.9688 0.5000 0.0781 0.5000 0.0781 0.7500 0.0625 0.7500 0.0625 0.5000 0.2344 0.7500 0.2344 1.0000 0.2188 1.0000 0.2188 0.7500 0.9688 0.5000 0.9688 0.7500 0.9375 0.7500 0.9375 0.5000 0.1562 0.5000 0.1562 0.7500 0.1406 0.7500 0.1406 0.5000 0.2031 0.7500 0.2031 1.0000 0.1875 1.0000 0.1875 0.7500 0.9219 0.5000 0.9219 0.7500 0.9062 0.7500 0.9062 0.5000 0.0469 0.5000 0.0469 0.7500 0.0312 0.7500 0.0312 0.5000 0.1719 0.7500 0.1719 1.0000 0.1562 1.0000 0.1562 0.7500 0.8906 0.5000 0.8906 0.7500 0.8750 0.7500 0.8750 0.5000 0.0156 0.5000 0.0156 0.7500 0.0000 0.7500 0.0000 0.5000 0.1406 0.7500 0.1406 1.0000 0.1250 1.0000 0.1250 0.7500 0.8594 0.5000 0.8594 0.7500 0.8438 0.7500 0.8438 0.5000 0.2188 0.7500 0.2188 1.0000 0.2031 1.0000 0.2031 0.7500 0.1094 0.7500 0.1094 1.0000 0.0938 1.0000 0.0938 0.7500 0.8281 0.5000 0.8281 0.7500 0.8125 0.7500 0.8125 0.5000 0.1875 0.7500 0.1875 1.0000 0.1719 1.0000 0.1719 0.7500 0.0781 0.7500 0.0781 1.0000 0.0625 1.0000 0.0625 0.7500 0.2968 0.4854 0.2734 0.4877 0.2500 0.4900 0.2266 0.4877 0.2032 0.4854 0.1807 0.4786 0.1582 0.4717 0.1374 0.4606 0.1167 0.4496 0.0985 0.4346 0.0803 0.4197 0.0654 0.4015 0.0504 0.3833 0.0394 0.3626 0.0283 0.3418 0.0214 0.3193 0.0146 0.2968 0.0123 0.2734 0.0100 0.2500 0.0123 0.2266 0.0146 0.2032 0.0214 0.1807 0.0283 0.1582 0.0394 0.1374 0.0504 0.1167 0.0654 0.0985 0.0803 0.0803 0.0985 0.0654 0.1167 0.0504 0.1374 0.0394 0.1582 0.0283 0.1807 0.0214 0.2032 0.0146 0.2266 0.0123 0.2500 0.0100 0.2734 0.0123 0.2968 0.0146 0.3193 0.0214 0.3418 0.0283 0.3626 0.0394 0.3833 0.0504 0.4015 0.0654 0.4197 0.0803 0.4346 0.0985 0.4496 0.1167 0.4606 0.1374 0.4717 0.1582 0.4786 0.1807 0.4854 0.2032 0.4877 0.2266 0.4900 0.2500 0.4877 0.2734 0.4854 0.2968 0.4786 0.3193 0.4717 0.3418 0.4606 0.3626 0.4496 0.3833 0.4346 0.4015 0.4197 0.4197 0.4015 0.4346 0.3833 0.4496 0.3626 0.4606 0.3418 0.4717 0.1562 0.7500 0.1562 1.0000 0.1406 1.0000 0.1406 0.7500 0.0469 0.7500 0.0469 1.0000 0.0312 1.0000 0.0312 0.7500 0.4375 0.7500 0.4375 1.0000 0.4219 1.0000 0.4219 0.7500 0.7969 0.5000 0.7969 0.7500 0.7812 0.7500 0.7812 0.5000 0.0156 0.7500 0.0156 1.0000 0.0000 1.0000 0.0000 0.7500 0.7500 0.4900 0.7734 0.4877 0.7968 0.4854 0.8418 0.4717 0.8626 0.4606 0.8833 0.4496 0.9015 0.4346 0.9197 0.4197 0.9346 0.4015 0.9496 0.3833 0.9606 0.3626 0.9717 0.3418 0.9786 0.3193 0.9854 0.2968 0.9877 0.2734 0.9900 0.2500 0.9877 0.2266 0.9854 0.2032 0.9786 0.1807 0.9717 0.1582 0.9606 0.1374 0.9496 0.1167 0.9346 0.0985 0.9197 0.0803 0.9015 0.0654 0.8833 0.0504 0.8626 0.0394 0.8418 0.0283 0.8193 0.0214 0.7968 0.0146 0.7734 0.0123 0.7500 0.0100 0.7266 0.0123 0.7032 0.0146 0.6807 0.0214 0.6582 0.0283 0.6374 0.0394 0.6167 0.0504 0.5985 0.0654 0.5803 0.0803 0.5654 0.0985 0.5504 0.1167 0.5394 0.1374 0.5283 0.1582 0.5214 0.1807 0.5146 0.2032 0.5123 0.2266 0.5100 0.2500 0.5123 0.2734 0.5146 0.2968 0.5214 0.3193 0.5283 0.3418 0.5394 0.3626 0.5504 0.3833 0.5654 0.4015 0.5803 0.4197 0.5985 0.4346 0.6167 0.4496 0.6374 0.4606 0.6582 0.4717 0.6807 0.4786 0.7032 0.4854 0.7266 0.4877 0.4688 0.5000 0.4688 0.7500 0.4531 0.7500 0.4531 0.5000 0.5000 0.7500 0.5000 1.0000 0.4844 1.0000 0.4844 0.7500 0.5000 0.5000 0.5000 0.7500 0.4844 0.7500 0.4844 0.5000 0.5312 0.7500 0.5312 1.0000 0.5156 1.0000 0.5156 0.7500 0.5312 0.5000 0.5312 0.7500 0.5156 0.7500 0.5156 0.5000 0.5625 0.7500 0.5625 1.0000 0.5469 1.0000 0.5469 0.7500 0.5625 0.5000 0.5625 0.7500 0.5469 0.7500 0.5469 0.5000 0.5938 0.7500 0.5938 1.0000 0.5781 1.0000 0.5781 0.7500 0.5938 0.5000 0.5938 0.7500 0.5781 0.7500 0.5781 0.5000 0.6250 0.7500 0.6250 1.0000 0.6094 1.0000 0.6094 0.7500 0.6250 0.5000 0.6250 0.7500 0.6094 0.7500 0.6094 0.5000 0.6562 0.7500 0.6562 1.0000 0.6406 1.0000 0.6406 0.7500 0.6562 0.5000 0.6562 0.7500 0.6406 0.7500 0.6406 0.5000 0.6875 0.7500 0.6875 1.0000 0.6719 1.0000 0.6719 0.7500 0.6875 0.5000 0.6875 0.7500 0.6719 0.7500 0.6719 0.5000 0.7188 0.7500 0.7188 1.0000 0.7031 1.0000 0.7031 0.7500 0.7188 0.5000 0.7188 0.7500 0.7031 0.7500 0.7031 0.5000 0.7500 0.7500 0.7500 1.0000 0.7344 1.0000 0.7344 0.7500 0.7500 0.5000 0.7500 0.7500 0.7344 0.7500 0.7344 0.5000 0.7812 0.7500 0.7812 1.0000 0.7656 1.0000 0.7656 0.7500 0.7812 0.5000 0.7812 0.7500 0.7656 0.7500 0.7656 0.5000 0.8125 0.5000 0.8125 0.7500 0.7969 0.7500 0.7969 0.5000 0.8125 0.7500 0.8125 1.0000 0.7969 1.0000 0.7969 0.7500 0.8438 0.5000 0.8438 0.7500 0.8281 0.7500 0.8281 0.5000 0.8438 0.7500 0.8438 1.0000 0.8281 1.0000 0.8281 0.7500 0.8750 0.5000 0.8750 0.7500 0.8594 0.7500 0.8594 0.5000 0.8750 0.7500 0.8750 1.0000 0.8594 1.0000 0.8594 0.7500 0.9062 0.5000 0.9062 0.7500 0.8906 0.7500 0.8906 0.5000 0.9062 0.7500 0.9062 1.0000 0.8906 1.0000 0.8906 0.7500 0.9375 0.5000 0.9375 0.7500 0.9219 0.7500 0.9219 0.5000 0.9375 0.7500 0.9375 1.0000 0.9219 1.0000 0.9219 0.7500 0.5000 0.5000 0.5208 0.5000 0.5208 0.5833 0.5000 0.5833 0.5000 0.5833 0.5208 0.5833 0.5208 0.6667 0.5000 0.6667 0.5000 0.6667 0.5208 0.6667 0.5208 0.7500 0.5000 0.7500 0.5000 0.7500 0.5208 0.7500 0.5208 0.8333 0.5000 0.8333 0.5000 0.8333 0.5208 0.8333 0.5208 0.9167 0.5000 0.9167 0.5000 0.9167 0.5208 0.9167 0.5208 1.0000 0.5000 1.0000 0.5000 0.0000 0.5208 0.0000 0.5208 0.0833 0.5000 0.0833 0.5000 0.0833 0.5208 0.0833 0.5208 0.1667 0.5000 0.1667 0.5000 0.1667 0.5208 0.1667 0.5208 0.2500 0.5000 0.2500 0.5000 0.2500 0.5208 0.2500 0.5208 0.3333 0.5000 0.3333 0.5000 0.3333 0.5208 0.3333 0.5208 0.4167 0.5000 0.4167 0.5000 0.4167 0.5208 0.4167 0.5208 0.5000 0.5000 0.5000 0.5208 0.5000 0.5417 0.5000 0.5417 0.5833 0.5208 0.5833 0.5208 0.5833 0.5417 0.5833 0.5417 0.6667 0.5208 0.6667 0.5208 0.6667 0.5417 0.6667 0.5417 0.7500 0.5208 0.7500 0.5208 0.7500 0.5417 0.7500 0.5417 0.8333 0.5208 0.8333 0.5208 0.8333 0.5417 0.8333 0.5417 0.9167 0.5208 0.9167 0.5208 0.9167 0.5417 0.9167 0.5417 1.0000 0.5208 1.0000 0.5208 0.0000 0.5417 0.0000 0.5417 0.0833 0.5208 0.0833 0.5208 0.0833 0.5417 0.0833 0.5417 0.1667 0.5208 0.1667 0.5208 0.1667 0.5417 0.1667 0.5417 0.2500 0.5208 0.2500 0.5208 0.2500 0.5417 0.2500 0.5417 0.3333 0.5208 0.3333 0.5208 0.3333 0.5417 0.3333 0.5417 0.4167 0.5208 0.4167 0.5208 0.4167 0.5417 0.4167 0.5417 0.5000 0.5208 0.5000 0.5417 0.5000 0.5625 0.5000 0.5625 0.5833 0.5417 0.5833 0.5417 0.5833 0.5625 0.5833 0.5625 0.6667 0.5417 0.6667 0.5417 0.6667 0.5625 0.6667 0.5625 0.7500 0.5417 0.7500 0.5417 0.7500 0.5625 0.7500 0.5625 0.8333 0.5417 0.8333 0.5417 0.8333 0.5625 0.8333 0.5625 0.9167 0.5417 0.9167 0.5417 0.9167 0.5625 0.9167 0.5625 1.0000 0.5417 1.0000 0.5417 0.0000 0.5625 0.0000 0.5625 0.0833 0.5417 0.0833 0.5417 0.0833 0.5625 0.0833 0.5625 0.1667 0.5417 0.1667 0.5417 0.1667 0.5625 0.1667 0.5625 0.2500 0.5417 0.2500 0.5417 0.2500 0.5625 0.2500 0.5625 0.3333 0.5417 0.3333 0.5417 0.3333 0.5625 0.3333 0.5625 0.4167 0.5417 0.4167 0.5417 0.4167 0.5625 0.4167 0.5625 0.5000 0.5417 0.5000 0.5625 0.5000 0.5833 0.5000 0.5833 0.5833 0.5625 0.5833 0.5625 0.5833 0.5833 0.5833 0.5833 0.6667 0.5625 0.6667 0.5625 0.6667 0.5833 0.6667 0.5833 0.7500 0.5625 0.7500 0.5625 0.7500 0.5833 0.7500 0.5833 0.8333 0.5625 0.8333 0.5625 0.8333 0.5833 0.8333 0.5833 0.9167 0.5625 0.9167 0.5625 0.9167 0.5833 0.9167 0.5833 1.0000 0.5625 1.0000 0.5625 0.0000 0.5833 0.0000 0.5833 0.0833 0.5625 0.0833 0.5625 0.0833 0.5833 0.0833 0.5833 0.1667 0.5625 0.1667 0.5625 0.1667 0.5833 0.1667 0.5833 0.2500 0.5625 0.2500 0.5625 0.2500 0.5833 0.2500 0.5833 0.3333 0.5625 0.3333 0.5625 0.3333 0.5833 0.3333 0.5833 0.4167 0.5625 0.4167 0.5625 0.4167 0.5833 0.4167 0.5833 0.5000 0.5625 0.5000 0.5833 0.5000 0.6042 0.5000 0.6042 0.5833 0.5833 0.5833 0.5833 0.5833 0.6042 0.5833 0.6042 0.6667 0.5833 0.6667 0.5833 0.6667 0.6042 0.6667 0.6042 0.7500 0.5833 0.7500 0.5833 0.7500 0.6042 0.7500 0.6042 0.8333 0.5833 0.8333 0.5833 0.8333 0.6042 0.8333 0.6042 0.9167 0.5833 0.9167 0.5833 0.9167 0.6042 0.9167 0.6042 1.0000 0.5833 1.0000 0.5833 0.0000 0.6042 0.0000 0.6042 0.0833 0.5833 0.0833 0.5833 0.0833 0.6042 0.0833 0.6042 0.1667 0.5833 0.1667 0.5833 0.1667 0.6042 0.1667 0.6042 0.2500 0.5833 0.2500 0.5833 0.2500 0.6042 0.2500 0.6042 0.3333 0.5833 0.3333 0.5833 0.3333 0.6042 0.3333 0.6042 0.4167 0.5833 0.4167 0.5833 0.4167 0.6042 0.4167 0.6042 0.5000 0.5833 0.5000 0.6042 0.5000 0.6250 0.5000 0.6250 0.5833 0.6042 0.5833 0.6042 0.5833 0.6250 0.5833 0.6250 0.6667 0.6042 0.6667 0.6042 0.6667 0.6250 0.6667 0.6250 0.7500 0.6042 0.7500 0.6042 0.7500 0.6250 0.7500 0.6250 0.8333 0.6042 0.8333 0.6042 0.8333 0.6250 0.8333 0.6250 0.9167 0.6042 0.9167 0.6042 0.9167 0.6250 0.9167 0.6250 1.0000 0.6042 1.0000 0.6042 0.0000 0.6250 0.0000 0.6250 0.0833 0.6042 0.0833 0.6042 0.0833 0.6250 0.0833 0.6250 0.1667 0.6042 0.1667 0.6042 0.1667 0.6250 0.1667 0.6250 0.2500 0.6042 0.2500 0.6042 0.2500 0.6250 0.2500 0.6250 0.3333 0.6042 0.3333 0.6042 0.3333 0.6250 0.3333 0.6250 0.4167 0.6042 0.4167 0.6042 0.4167 0.6250 0.4167 0.6250 0.5000 0.6042 0.5000 0.6250 0.5000 0.6458 0.5000 0.6458 0.5833 0.6250 0.5833 0.6250 0.5833 0.6458 0.5833 0.6458 0.6667 0.6250 0.6667 0.6250 0.6667 0.6458 0.6667 0.6458 0.7500 0.6250 0.7500 0.6250 0.7500 0.6458 0.7500 0.6458 0.8333 0.6250 0.8333 0.6250 0.8333 0.6458 0.8333 0.6458 0.9167 0.6250 0.9167 0.6250 0.9167 0.6458 0.9167 0.6458 1.0000 0.6250 1.0000 0.6250 0.0000 0.6458 0.0000 0.6458 0.0833 0.6250 0.0833 0.6250 0.0833 0.6458 0.0833 0.6458 0.1667 0.6250 0.1667 0.6250 0.1667 0.6458 0.1667 0.6458 0.2500 0.6250 0.2500 0.6250 0.2500 0.6458 0.2500 0.6458 0.3333 0.6250 0.3333 0.6250 0.3333 0.6458 0.3333 0.6458 0.4167 0.6250 0.4167 0.6250 0.4167 0.6458 0.4167 0.6458 0.5000 0.6250 0.5000 0.6458 0.5000 0.6667 0.5000 0.6667 0.5833 0.6458 0.5833 0.6458 0.5833 0.6667 0.5833 0.6667 0.6667 0.6458 0.6667 0.6458 0.6667 0.6667 0.6667 0.6667 0.7500 0.6458 0.7500 0.6458 0.7500 0.6667 0.7500 0.6667 0.8333 0.6458 0.8333 0.6458 0.8333 0.6667 0.8333 0.6667 0.9167 0.6458 0.9167 0.6458 0.9167 0.6667 0.9167 0.6667 1.0000 0.6458 1.0000 0.6458 0.0000 0.6667 0.0000 0.6667 0.0833 0.6458 0.0833 0.6458 0.0833 0.6667 0.0833 0.6667 0.1667 0.6458 0.1667 0.6458 0.1667 0.6667 0.1667 0.6667 0.2500 0.6458 0.2500 0.6458 0.2500 0.6667 0.2500 0.6667 0.3333 0.6458 0.3333 0.6458 0.3333 0.6667 0.3333 0.6667 0.4167 0.6458 0.4167 0.6458 0.4167 0.6667 0.4167 0.6667 0.5000 0.6458 0.5000 0.6667 0.5000 0.6875 0.5000 0.6875 0.5833 0.6667 0.5833 0.6667 0.5833 0.6875 0.5833 0.6875 0.6667 0.6667 0.6667 0.6667 0.6667 0.6875 0.6667 0.6875 0.7500 0.6667 0.7500 0.6667 0.7500 0.6875 0.7500 0.6875 0.8333 0.6667 0.8333 0.6667 0.8333 0.6875 0.8333 0.6875 0.9167 0.6667 0.9167 0.6667 0.9167 0.6875 0.9167 0.6875 1.0000 0.6667 1.0000 0.6667 0.0000 0.6875 0.0000 0.6875 0.0833 0.6667 0.0833 0.6667 0.0833 0.6875 0.0833 0.6875 0.1667 0.6667 0.1667 0.6667 0.1667 0.6875 0.1667 0.6875 0.2500 0.6667 0.2500 0.6667 0.2500 0.6875 0.2500 0.6875 0.3333 0.6667 0.3333 0.6667 0.3333 0.6875 0.3333 0.6875 0.4167 0.6667 0.4167 0.6667 0.4167 0.6875 0.4167 0.6875 0.5000 0.6667 0.5000 0.6875 0.5000 0.7083 0.5000 0.7083 0.5833 0.6875 0.5833 0.6875 0.5833 0.7083 0.5833 0.7083 0.6667 0.6875 0.6667 0.6875 0.6667 0.7083 0.6667 0.7083 0.7500 0.6875 0.7500 0.6875 0.7500 0.7083 0.7500 0.7083 0.8333 0.6875 0.8333 0.6875 0.8333 0.7083 0.8333 0.7083 0.9167 0.6875 0.9167 0.6875 0.9167 0.7083 0.9167 0.7083 1.0000 0.6875 1.0000 0.6875 0.0000 0.7083 0.0000 0.7083 0.0833 0.6875 0.0833 0.6875 0.0833 0.7083 0.0833 0.7083 0.1667 0.6875 0.1667 0.6875 0.1667 0.7083 0.1667 0.7083 0.2500 0.6875 0.2500 0.6875 0.2500 0.7083 0.2500 0.7083 0.3333 0.6875 0.3333 0.6875 0.3333 0.7083 0.3333 0.7083 0.4167 0.6875 0.4167 0.6875 0.4167 0.7083 0.4167 0.7083 0.5000 0.6875 0.5000 0.7083 0.5000 0.7292 0.5000 0.7292 0.5833 0.7083 0.5833 0.7083 0.5833 0.7292 0.5833 0.7292 0.6667 0.7083 0.6667 0.7083 0.6667 0.7292 0.6667 0.7292 0.7500 0.7083 0.7500 0.7083 0.7500 0.7292 0.7500 0.7292 0.8333 0.7083 0.8333 0.7083 0.8333 0.7292 0.8333 0.7292 0.9167 0.7083 0.9167 0.7083 0.9167 0.7292 0.9167 0.7292 1.0000 0.7083 1.0000 0.7083 0.0000 0.7292 0.0000 0.7292 0.0833 0.7083 0.0833 0.7083 0.0833 0.7292 0.0833 0.7292 0.1667 0.7083 0.1667 0.7083 0.1667 0.7292 0.1667 0.7292 0.2500 0.7083 0.2500 0.7083 0.2500 0.7292 0.2500 0.7292 0.3333 0.7083 0.3333 0.7083 0.3333 0.7292 0.3333 0.7292 0.4167 0.7083 0.4167 0.7083 0.4167 0.7292 0.4167 0.7292 0.5000 0.7083 0.5000 0.7292 0.5000 0.7500 0.5000 0.7500 0.5833 0.7292 0.5833 0.7292 0.5833 0.7500 0.5833 0.7500 0.6667 0.7292 0.6667 0.7292 0.6667 0.7500 0.6667 0.7500 0.7500 0.7292 0.7500 0.7292 0.7500 0.7500 0.7500 0.7500 0.8333 0.7292 0.8333 0.7292 0.8333 0.7500 0.8333 0.7500 0.9167 0.7292 0.9167 0.7292 0.9167 0.7500 0.9167 0.7500 1.0000 0.7292 1.0000 0.7292 0.0000 0.7500 0.0000 0.7500 0.0833 0.7292 0.0833 0.7292 0.0833 0.7500 0.0833 0.7500 0.1667 0.7292 0.1667 0.7292 0.1667 0.7500 0.1667 0.7500 0.2500 0.7292 0.2500 0.7292 0.2500 0.7500 0.2500 0.7500 0.3333 0.7292 0.3333 0.7292 0.3333 0.7500 0.3333 0.7500 0.4167 0.7292 0.4167 0.7292 0.4167 0.7500 0.4167 0.7500 0.5000 0.7292 0.5000 0.7500 0.5000 0.7708 0.5000 0.7708 0.5833 0.7500 0.5833 0.7500 0.5833 0.7708 0.5833 0.7708 0.6667 0.7500 0.6667 0.7500 0.6667 0.7708 0.6667 0.7708 0.7500 0.7500 0.7500 0.7500 0.7500 0.7708 0.7500 0.7708 0.8333 0.7500 0.8333 0.7500 0.8333 0.7708 0.8333 0.7708 0.9167 0.7500 0.9167 0.7500 0.9167 0.7708 0.9167 0.7708 1.0000 0.7500 1.0000 0.7500 0.0000 0.7708 0.0000 0.7708 0.0833 0.7500 0.0833 0.7500 0.0833 0.7708 0.0833 0.7708 0.1667 0.7500 0.1667 0.7500 0.1667 0.7708 0.1667 0.7708 0.2500 0.7500 0.2500 0.7500 0.2500 0.7708 0.2500 0.7708 0.3333 0.7500 0.3333 0.7500 0.3333 0.7708 0.3333 0.7708 0.4167 0.7500 0.4167 0.7500 0.4167 0.7708 0.4167 0.7708 0.5000 0.7500 0.5000 0.7708 0.5000 0.7917 0.5000 0.7917 0.5833 0.7708 0.5833 0.7708 0.5833 0.7917 0.5833 0.7917 0.6667 0.7708 0.6667 0.7708 0.6667 0.7917 0.6667 0.7917 0.7500 0.7708 0.7500 0.7708 0.7500 0.7917 0.7500 0.7917 0.8333 0.7708 0.8333 0.7708 0.8333 0.7917 0.8333 0.7917 0.9167 0.7708 0.9167 0.7708 0.9167 0.7917 0.9167 0.7917 1.0000 0.7708 1.0000 0.7708 0.0000 0.7917 0.0000 0.7917 0.0833 0.7708 0.0833 0.7708 0.0833 0.7917 0.0833 0.7917 0.1667 0.7708 0.1667 0.7708 0.1667 0.7917 0.1667 0.7917 0.2500 0.7708 0.2500 0.7708 0.2500 0.7917 0.2500 0.7917 0.3333 0.7708 0.3333 0.7708 0.3333 0.7917 0.3333 0.7917 0.4167 0.7708 0.4167 0.7708 0.4167 0.7917 0.4167 0.7917 0.5000 0.7708 0.5000 0.7917 0.5000 0.8125 0.5000 0.8125 0.5833 0.7917 0.5833 0.7917 0.5833 0.8125 0.5833 0.8125 0.6667 0.7917 0.6667 0.7917 0.6667 0.8125 0.6667 0.8125 0.7500 0.7917 0.7500 0.7917 0.7500 0.8125 0.7500 0.8125 0.8333 0.7917 0.8333 0.7917 0.8333 0.8125 0.8333 0.8125 0.9167 0.7917 0.9167 0.7917 0.9167 0.8125 0.9167 0.8125 1.0000 0.7917 1.0000 0.7917 0.0000 0.8125 0.0000 0.8125 0.0833 0.7917 0.0833 0.7917 0.0833 0.8125 0.0833 0.8125 0.1667 0.7917 0.1667 0.7917 0.1667 0.8125 0.1667 0.8125 0.2500 0.7917 0.2500 0.7917 0.2500 0.8125 0.2500 0.8125 0.3333 0.7917 0.3333 0.7917 0.3333 0.8125 0.3333 0.8125 0.4167 0.7917 0.4167 0.7917 0.4167 0.8125 0.4167 0.8125 0.5000 0.7917 0.5000 0.8125 0.5000 0.8333 0.5000 0.8333 0.5833 0.8125 0.5833 0.8125 0.5833 0.8333 0.5833 0.8333 0.6667 0.8125 0.6667 0.8125 0.6667 0.8333 0.6667 0.8333 0.7500 0.8125 0.7500 0.8125 0.7500 0.8333 0.7500 0.8333 0.8333 0.8125 0.8333 0.8125 0.8333 0.8333 0.8333 0.8333 0.9167 0.8125 0.9167 0.8125 0.9167 0.8333 0.9167 0.8333 1.0000 0.8125 1.0000 0.8125 0.0000 0.8333 0.0000 0.8333 0.0833 0.8125 0.0833 0.8125 0.0833 0.8333 0.0833 0.8333 0.1667 0.8125 0.1667 0.8125 0.1667 0.8333 0.1667 0.8333 0.2500 0.8125 0.2500 0.8125 0.2500 0.8333 0.2500 0.8333 0.3333 0.8125 0.3333 0.8125 0.3333 0.8333 0.3333 0.8333 0.4167 0.8125 0.4167 0.8125 0.4167 0.8333 0.4167 0.8333 0.5000 0.8125 0.5000 0.8333 0.5000 0.8542 0.5000 0.8542 0.5833 0.8333 0.5833 0.8333 0.5833 0.8542 0.5833 0.8542 0.6667 0.8333 0.6667 0.8333 0.6667 0.8542 0.6667 0.8542 0.7500 0.8333 0.7500 0.8333 0.7500 0.8542 0.7500 0.8542 0.8333 0.8333 0.8333 0.8333 0.8333 0.8542 0.8333 0.8542 0.9167 0.8333 0.9167 0.8333 0.9167 0.8542 0.9167 0.8542 1.0000 0.8333 1.0000 0.8333 0.0000 0.8542 0.0000 0.8542 0.0833 0.8333 0.0833 0.8333 0.0833 0.8542 0.0833 0.8542 0.1667 0.8333 0.1667 0.8333 0.1667 0.8542 0.1667 0.8542 0.2500 0.8333 0.2500 0.8333 0.2500 0.8542 0.2500 0.8542 0.3333 0.8333 0.3333 0.8333 0.3333 0.8542 0.3333 0.8542 0.4167 0.8333 0.4167 0.8333 0.4167 0.8542 0.4167 0.8542 0.5000 0.8333 0.5000 0.8542 0.5000 0.8750 0.5000 0.8750 0.5833 0.8542 0.5833 0.8542 0.5833 0.8750 0.5833 0.8750 0.6667 0.8542 0.6667 0.8542 0.6667 0.8750 0.6667 0.8750 0.7500 0.8542 0.7500 0.8542 0.7500 0.8750 0.7500 0.8750 0.8333 0.8542 0.8333 0.8542 0.8333 0.8750 0.8333 0.8750 0.9167 0.8542 0.9167 0.8542 0.9167 0.8750 0.9167 0.8750 1.0000 0.8542 1.0000 0.8542 0.0000 0.8750 0.0000 0.8750 0.0833 0.8542 0.0833 0.8542 0.0833 0.8750 0.0833 0.8750 0.1667 0.8542 0.1667 0.8542 0.1667 0.8750 0.1667 0.8750 0.2500 0.8542 0.2500 0.8542 0.2500 0.8750 0.2500 0.8750 0.3333 0.8542 0.3333 0.8542 0.3333 0.8750 0.3333 0.8750 0.4167 0.8542 0.4167 0.8542 0.4167 0.8750 0.4167 0.8750 0.5000 0.8542 0.5000 0.8750 0.5000 0.8958 0.5000 0.8958 0.5833 0.8750 0.5833 0.8750 0.5833 0.8958 0.5833 0.8958 0.6667 0.8750 0.6667 0.8750 0.6667 0.8958 0.6667 0.8958 0.7500 0.8750 0.7500 0.8750 0.7500 0.8958 0.7500 0.8958 0.8333 0.8750 0.8333 0.8750 0.8333 0.8958 0.8333 0.8958 0.9167 0.8750 0.9167 0.8750 0.9167 0.8958 0.9167 0.8958 1.0000 0.8750 1.0000 0.8750 0.0000 0.8958 0.0000 0.8958 0.0833 0.8750 0.0833 0.8750 0.0833 0.8958 0.0833 0.8958 0.1667 0.8750 0.1667 0.8750 0.1667 0.8958 0.1667 0.8958 0.2500 0.8750 0.2500 0.8750 0.2500 0.8958 0.2500 0.8958 0.3333 0.8750 0.3333 0.8750 0.3333 0.8958 0.3333 0.8958 0.4167 0.8750 0.4167 0.8750 0.4167 0.8958 0.4167 0.8958 0.5000 0.8750 0.5000 0.8958 0.5000 0.9167 0.5000 0.9167 0.5833 0.8958 0.5833 0.8958 0.5833 0.9167 0.5833 0.9167 0.6667 0.8958 0.6667 0.8958 0.6667 0.9167 0.6667 0.9167 0.7500 0.8958 0.7500 0.8958 0.7500 0.9167 0.7500 0.9167 0.8333 0.8958 0.8333 0.8958 0.8333 0.9167 0.8333 0.9167 0.9167 0.8958 0.9167 0.8958 0.9167 0.9167 0.9167 0.9167 1.0000 0.8958 1.0000 0.8958 0.0000 0.9167 0.0000 0.9167 0.0833 0.8958 0.0833 0.8958 0.0833 0.9167 0.0833 0.9167 0.1667 0.8958 0.1667 0.8958 0.1667 0.9167 0.1667 0.9167 0.2500 0.8958 0.2500 0.8958 0.2500 0.9167 0.2500 0.9167 0.3333 0.8958 0.3333 0.8958 0.3333 0.9167 0.3333 0.9167 0.4167 0.8958 0.4167 0.8958 0.4167 0.9167 0.4167 0.9167 0.5000 0.8958 0.5000 0.9167 0.5000 0.9375 0.5000 0.9375 0.5833 0.9167 0.5833 0.9167 0.5833 0.9375 0.5833 0.9375 0.6667 0.9167 0.6667 0.9167 0.6667 0.9375 0.6667 0.9375 0.7500 0.9167 0.7500 0.9167 0.7500 0.9375 0.7500 0.9375 0.8333 0.9167 0.8333 0.9167 0.8333 0.9375 0.8333 0.9375 0.9167 0.9167 0.9167 0.9167 0.9167 0.9375 0.9167 0.9375 1.0000 0.9167 1.0000 0.9167 0.0000 0.9375 0.0000 0.9375 0.0833 0.9167 0.0833 0.9167 0.0833 0.9375 0.0833 0.9375 0.1667 0.9167 0.1667 0.9167 0.1667 0.9375 0.1667 0.9375 0.2500 0.9167 0.2500 0.9167 0.2500 0.9375 0.2500 0.9375 0.3333 0.9167 0.3333 0.9167 0.3333 0.9375 0.3333 0.9375 0.4167 0.9167 0.4167 0.9167 0.4167 0.9375 0.4167 0.9375 0.5000 0.9167 0.5000 0.9375 0.5000 0.9583 0.5000 0.9583 0.5833 0.9375 0.5833 0.9375 0.5833 0.9583 0.5833 0.9583 0.6667 0.9375 0.6667 0.9375 0.6667 0.9583 0.6667 0.9583 0.7500 0.9375 0.7500 0.9375 0.7500 0.9583 0.7500 0.9583 0.8333 0.9375 0.8333 0.9375 0.8333 0.9583 0.8333 0.9583 0.9167 0.9375 0.9167 0.9375 0.9167 0.9583 0.9167 0.9583 1.0000 0.9375 1.0000 0.9375 0.0000 0.9583 0.0000 0.9583 0.0833 0.9375 0.0833 0.9375 0.0833 0.9583 0.0833 0.9583 0.1667 0.9375 0.1667 0.9375 0.1667 0.9583 0.1667 0.9583 0.2500 0.9375 0.2500 0.9375 0.2500 0.9583 0.2500 0.9583 0.3333 0.9375 0.3333 0.9375 0.3333 0.9583 0.3333 0.9583 0.4167 0.9375 0.4167 0.9375 0.4167 0.9583 0.4167 0.9583 0.5000 0.9375 0.5000 0.9583 0.5000 0.9792 0.5000 0.9792 0.5833 0.9583 0.5833 0.9583 0.5833 0.9792 0.5833 0.9792 0.6667 0.9583 0.6667 0.9583 0.6667 0.9792 0.6667 0.9792 0.7500 0.9583 0.7500 0.9583 0.7500 0.9792 0.7500 0.9792 0.8333 0.9583 0.8333 0.9583 0.8333 0.9792 0.8333 0.9792 0.9167 0.9583 0.9167 0.9583 0.9167 0.9792 0.9167 0.9792 1.0000 0.9583 1.0000 0.9583 0.0000 0.9792 0.0000 0.9792 0.0833 0.9583 0.0833 0.9583 0.0833 0.9792 0.0833 0.9792 0.1667 0.9583 0.1667 0.9583 0.1667 0.9792 0.1667 0.9792 0.2500 0.9583 0.2500 0.9583 0.2500 0.9792 0.2500 0.9792 0.3333 0.9583 0.3333 0.9583 0.3333 0.9792 0.3333 0.9792 0.4167 0.9583 0.4167 0.9583 0.4167 0.9792 0.4167 0.9792 0.5000 0.9583 0.5000 0.9792 0.5000 1.0000 0.5000 1.0000 0.5833 0.9792 0.5833 0.9792 0.5833 1.0000 0.5833 1.0000 0.6667 0.9792 0.6667 0.9792 0.6667 1.0000 0.6667 1.0000 0.7500 0.9792 0.7500 0.9792 0.7500 1.0000 0.7500 1.0000 0.8333 0.9792 0.8333 0.9792 0.8333 1.0000 0.8333 1.0000 0.9167 0.9792 0.9167 0.9792 0.9167 1.0000 0.9167 1.0000 1.0000 0.9792 1.0000 0.9792 0.0000 1.0000 0.0000 1.0000 0.0833 0.9792 0.0833 0.9792 0.0833 1.0000 0.0833 1.0000 0.1667 0.9792 0.1667 0.9792 0.1667 1.0000 0.1667 1.0000 0.2500 0.9792 0.2500 0.9792 0.2500 1.0000 0.2500 1.0000 0.3333 0.9792 0.3333 0.9792 0.3333 1.0000 0.3333 1.0000 0.4167 0.9792 0.4167 0.9792 0.4167 1.0000 0.4167 1.0000 0.5000 0.9792 0.5000 0.0000 0.5000 0.0208 0.5000 0.0208 0.5833 0.0000 0.5833 0.0000 0.5833 0.0208 0.5833 0.0208 0.6667 0.0000 0.6667 0.0000 0.6667 0.0208 0.6667 0.0208 0.7500 0.0000 0.7500 0.0000 0.7500 0.0208 0.7500 0.0208 0.8333 0.0000 0.8333 0.0000 0.8333 0.0208 0.8333 0.0208 0.9167 0.0000 0.9167 0.0000 0.9167 0.0208 0.9167 0.0208 1.0000 0.0000 1.0000 0.0000 0.0000 0.0208 0.0000 0.0208 0.0833 0.0000 0.0833 0.0000 0.0833 0.0208 0.0833 0.0208 0.1667 0.0000 0.1667 0.0000 0.1667 0.0208 0.1667 0.0208 0.2500 0.0000 0.2500 0.0000 0.2500 0.0208 0.2500 0.0208 0.3333 0.0000 0.3333 0.0000 0.3333 0.0208 0.3333 0.0208 0.4167 0.0000 0.4167 0.0000 0.4167 0.0208 0.4167 0.0208 0.5000 0.0000 0.5000 0.0208 0.5000 0.0417 0.5000 0.0417 0.5833 0.0208 0.5833 0.0208 0.5833 0.0417 0.5833 0.0417 0.6667 0.0208 0.6667 0.0208 0.6667 0.0417 0.6667 0.0417 0.7500 0.0208 0.7500 0.0208 0.7500 0.0417 0.7500 0.0417 0.8333 0.0208 0.8333 0.0208 0.8333 0.0417 0.8333 0.0417 0.9167 0.0208 0.9167 0.0208 0.9167 0.0417 0.9167 0.0417 1.0000 0.0208 1.0000 0.0208 0.0000 0.0417 0.0000 0.0417 0.0833 0.0208 0.0833 0.0208 0.0833 0.0417 0.0833 0.0417 0.1667 0.0208 0.1667 0.0208 0.1667 0.0417 0.1667 0.0417 0.2500 0.0208 0.2500 0.0208 0.2500 0.0417 0.2500 0.0417 0.3333 0.0208 0.3333 0.0208 0.3333 0.0417 0.3333 0.0417 0.4167 0.0208 0.4167 0.0208 0.4167 0.0417 0.4167 0.0417 0.5000 0.0208 0.5000 0.0417 0.5000 0.0625 0.5000 0.0625 0.5833 0.0417 0.5833 0.0417 0.5833 0.0625 0.5833 0.0625 0.6667 0.0417 0.6667 0.0417 0.6667 0.0625 0.6667 0.0625 0.7500 0.0417 0.7500 0.0417 0.7500 0.0625 0.7500 0.0625 0.8333 0.0417 0.8333 0.0417 0.8333 0.0625 0.8333 0.0625 0.9167 0.0417 0.9167 0.0417 0.9167 0.0625 0.9167 0.0625 1.0000 0.0417 1.0000 0.0417 0.0000 0.0625 0.0000 0.0625 0.0833 0.0417 0.0833 0.0417 0.0833 0.0625 0.0833 0.0625 0.1667 0.0417 0.1667 0.0417 0.1667 0.0625 0.1667 0.0625 0.2500 0.0417 0.2500 0.0417 0.2500 0.0625 0.2500 0.0625 0.3333 0.0417 0.3333 0.0417 0.3333 0.0625 0.3333 0.0625 0.4167 0.0417 0.4167 0.0417 0.4167 0.0625 0.4167 0.0625 0.5000 0.0417 0.5000 0.0625 0.5000 0.0833 0.5000 0.0833 0.5833 0.0625 0.5833 0.0625 0.5833 0.0833 0.5833 0.0833 0.6667 0.0625 0.6667 0.0625 0.6667 0.0833 0.6667 0.0833 0.7500 0.0625 0.7500 0.0625 0.7500 0.0833 0.7500 0.0833 0.8333 0.0625 0.8333 0.0625 0.8333 0.0833 0.8333 0.0833 0.9167 0.0625 0.9167 0.0625 0.9167 0.0833 0.9167 0.0833 1.0000 0.0625 1.0000 0.0625 0.0000 0.0833 0.0000 0.0833 0.0833 0.0625 0.0833 0.0625 0.0833 0.0833 0.0833 0.0833 0.1667 0.0625 0.1667 0.0625 0.1667 0.0833 0.1667 0.0833 0.2500 0.0625 0.2500 0.0625 0.2500 0.0833 0.2500 0.0833 0.3333 0.0625 0.3333 0.0625 0.3333 0.0833 0.3333 0.0833 0.4167 0.0625 0.4167 0.0625 0.4167 0.0833 0.4167 0.0833 0.5000 0.0625 0.5000 0.0833 0.5000 0.1042 0.5000 0.1042 0.5833 0.0833 0.5833 0.0833 0.5833 0.1042 0.5833 0.1042 0.6667 0.0833 0.6667 0.0833 0.6667 0.1042 0.6667 0.1042 0.7500 0.0833 0.7500 0.0833 0.7500 0.1042 0.7500 0.1042 0.8333 0.0833 0.8333 0.0833 0.8333 0.1042 0.8333 0.1042 0.9167 0.0833 0.9167 0.0833 0.9167 0.1042 0.9167 0.1042 1.0000 0.0833 1.0000 0.0833 0.0000 0.1042 0.0000 0.1042 0.0833 0.0833 0.0833 0.0833 0.0833 0.1042 0.0833 0.1042 0.1667 0.0833 0.1667 0.0833 0.1667 0.1042 0.1667 0.1042 0.2500 0.0833 0.2500 0.0833 0.2500 0.1042 0.2500 0.1042 0.3333 0.0833 0.3333 0.0833 0.3333 0.1042 0.3333 0.1042 0.4167 0.0833 0.4167 0.0833 0.4167 0.1042 0.4167 0.1042 0.5000 0.0833 0.5000 0.1042 0.5000 0.1250 0.5000 0.1250 0.5833 0.1042 0.5833 0.1042 0.5833 0.1250 0.5833 0.1250 0.6667 0.1042 0.6667 0.1042 0.6667 0.1250 0.6667 0.1250 0.7500 0.1042 0.7500 0.1042 0.7500 0.1250 0.7500 0.1250 0.8333 0.1042 0.8333 0.1042 0.8333 0.1250 0.8333 0.1250 0.9167 0.1042 0.9167 0.1042 0.9167 0.1250 0.9167 0.1250 1.0000 0.1042 1.0000 0.1042 0.0000 0.1250 0.0000 0.1250 0.0833 0.1042 0.0833 0.1042 0.0833 0.1250 0.0833 0.1250 0.1667 0.1042 0.1667 0.1042 0.1667 0.1250 0.1667 0.1250 0.2500 0.1042 0.2500 0.1042 0.2500 0.1250 0.2500 0.1250 0.3333 0.1042 0.3333 0.1042 0.3333 0.1250 0.3333 0.1250 0.4167 0.1042 0.4167 0.1042 0.4167 0.1250 0.4167 0.1250 0.5000 0.1042 0.5000 0.1250 0.5000 0.1458 0.5000 0.1458 0.5833 0.1250 0.5833 0.1250 0.5833 0.1458 0.5833 0.1458 0.6667 0.1250 0.6667 0.1250 0.6667 0.1458 0.6667 0.1458 0.7500 0.1250 0.7500 0.1250 0.7500 0.1458 0.7500 0.1458 0.8333 0.1250 0.8333 0.1250 0.8333 0.1458 0.8333 0.1458 0.9167 0.1250 0.9167 0.1250 0.9167 0.1458 0.9167 0.1458 1.0000 0.1250 1.0000 0.1250 0.0000 0.1458 0.0000 0.1458 0.0833 0.1250 0.0833 0.1250 0.0833 0.1458 0.0833 0.1458 0.1667 0.1250 0.1667 0.1250 0.1667 0.1458 0.1667 0.1458 0.2500 0.1250 0.2500 0.1250 0.2500 0.1458 0.2500 0.1458 0.3333 0.1250 0.3333 0.1250 0.3333 0.1458 0.3333 0.1458 0.4167 0.1250 0.4167 0.1250 0.4167 0.1458 0.4167 0.1458 0.5000 0.1250 0.5000 0.1458 0.5000 0.1667 0.5000 0.1667 0.5833 0.1458 0.5833 0.1458 0.5833 0.1667 0.5833 0.1667 0.6667 0.1458 0.6667 0.1458 0.6667 0.1667 0.6667 0.1667 0.7500 0.1458 0.7500 0.1458 0.7500 0.1667 0.7500 0.1667 0.8333 0.1458 0.8333 0.1458 0.8333 0.1667 0.8333 0.1667 0.9167 0.1458 0.9167 0.1458 0.9167 0.1667 0.9167 0.1667 1.0000 0.1458 1.0000 0.1458 0.0000 0.1667 0.0000 0.1667 0.0833 0.1458 0.0833 0.1458 0.0833 0.1667 0.0833 0.1667 0.1667 0.1458 0.1667 0.1458 0.1667 0.1667 0.1667 0.1667 0.2500 0.1458 0.2500 0.1458 0.2500 0.1667 0.2500 0.1667 0.3333 0.1458 0.3333 0.1458 0.3333 0.1667 0.3333 0.1667 0.4167 0.1458 0.4167 0.1458 0.4167 0.1667 0.4167 0.1667 0.5000 0.1458 0.5000 0.1667 0.5000 0.1875 0.5000 0.1875 0.5833 0.1667 0.5833 0.1667 0.5833 0.1875 0.5833 0.1875 0.6667 0.1667 0.6667 0.1667 0.6667 0.1875 0.6667 0.1875 0.7500 0.1667 0.7500 0.1667 0.7500 0.1875 0.7500 0.1875 0.8333 0.1667 0.8333 0.1667 0.8333 0.1875 0.8333 0.1875 0.9167 0.1667 0.9167 0.1667 0.9167 0.1875 0.9167 0.1875 1.0000 0.1667 1.0000 0.1667 0.0000 0.1875 0.0000 0.1875 0.0833 0.1667 0.0833 0.1667 0.0833 0.1875 0.0833 0.1875 0.1667 0.1667 0.1667 0.1667 0.1667 0.1875 0.1667 0.1875 0.2500 0.1667 0.2500 0.1667 0.2500 0.1875 0.2500 0.1875 0.3333 0.1667 0.3333 0.1667 0.3333 0.1875 0.3333 0.1875 0.4167 0.1667 0.4167 0.1667 0.4167 0.1875 0.4167 0.1875 0.5000 0.1667 0.5000 0.1875 0.5000 0.2083 0.5000 0.2083 0.5833 0.1875 0.5833 0.1875 0.5833 0.2083 0.5833 0.2083 0.6667 0.1875 0.6667 0.1875 0.6667 0.2083 0.6667 0.2083 0.7500 0.1875 0.7500 0.1875 0.7500 0.2083 0.7500 0.2083 0.8333 0.1875 0.8333 0.1875 0.8333 0.2083 0.8333 0.2083 0.9167 0.1875 0.9167 0.1875 0.9167 0.2083 0.9167 0.2083 1.0000 0.1875 1.0000 0.1875 0.0000 0.2083 0.0000 0.2083 0.0833 0.1875 0.0833 0.1875 0.0833 0.2083 0.0833 0.2083 0.1667 0.1875 0.1667 0.1875 0.1667 0.2083 0.1667 0.2083 0.2500 0.1875 0.2500 0.1875 0.2500 0.2083 0.2500 0.2083 0.3333 0.1875 0.3333 0.1875 0.3333 0.2083 0.3333 0.2083 0.4167 0.1875 0.4167 0.1875 0.4167 0.2083 0.4167 0.2083 0.5000 0.1875 0.5000 0.2083 0.5000 0.2292 0.5000 0.2292 0.5833 0.2083 0.5833 0.2083 0.5833 0.2292 0.5833 0.2292 0.6667 0.2083 0.6667 0.2083 0.6667 0.2292 0.6667 0.2292 0.7500 0.2083 0.7500 0.2083 0.7500 0.2292 0.7500 0.2292 0.8333 0.2083 0.8333 0.2083 0.8333 0.2292 0.8333 0.2292 0.9167 0.2083 0.9167 0.2083 0.9167 0.2292 0.9167 0.2292 1.0000 0.2083 1.0000 0.2083 0.0000 0.2292 0.0000 0.2292 0.0833 0.2083 0.0833 0.2083 0.0833 0.2292 0.0833 0.2292 0.1667 0.2083 0.1667 0.2083 0.1667 0.2292 0.1667 0.2292 0.2500 0.2083 0.2500 0.2083 0.2500 0.2292 0.2500 0.2292 0.3333 0.2083 0.3333 0.2083 0.3333 0.2292 0.3333 0.2292 0.4167 0.2083 0.4167 0.2083 0.4167 0.2292 0.4167 0.2292 0.5000 0.2083 0.5000 0.2292 0.5000 0.2500 0.5000 0.2500 0.5833 0.2292 0.5833 0.2292 0.5833 0.2500 0.5833 0.2500 0.6667 0.2292 0.6667 0.2292 0.6667 0.2500 0.6667 0.2500 0.7500 0.2292 0.7500 0.2292 0.7500 0.2500 0.7500 0.2500 0.8333 0.2292 0.8333 0.2292 0.8333 0.2500 0.8333 0.2500 0.9167 0.2292 0.9167 0.2292 0.9167 0.2500 0.9167 0.2500 1.0000 0.2292 1.0000 0.2292 0.0000 0.2500 0.0000 0.2500 0.0833 0.2292 0.0833 0.2292 0.0833 0.2500 0.0833 0.2500 0.1667 0.2292 0.1667 0.2292 0.1667 0.2500 0.1667 0.2500 0.2500 0.2292 0.2500 0.2292 0.2500 0.2500 0.2500 0.2500 0.3333 0.2292 0.3333 0.2292 0.3333 0.2500 0.3333 0.2500 0.4167 0.2292 0.4167 0.2292 0.4167 0.2500 0.4167 0.2500 0.5000 0.2292 0.5000 0.2500 0.5000 0.2708 0.5000 0.2708 0.5833 0.2500 0.5833 0.2500 0.5833 0.2708 0.5833 0.2708 0.6667 0.2500 0.6667 0.2500 0.6667 0.2708 0.6667 0.2708 0.7500 0.2500 0.7500 0.2500 0.7500 0.2708 0.7500 0.2708 0.8333 0.2500 0.8333 0.2500 0.8333 0.2708 0.8333 0.2708 0.9167 0.2500 0.9167 0.2500 0.9167 0.2708 0.9167 0.2708 1.0000 0.2500 1.0000 0.2500 0.0000 0.2708 0.0000 0.2708 0.0833 0.2500 0.0833 0.2500 0.0833 0.2708 0.0833 0.2708 0.1667 0.2500 0.1667 0.2500 0.1667 0.2708 0.1667 0.2708 0.2500 0.2500 0.2500 0.2500 0.2500 0.2708 0.2500 0.2708 0.3333 0.2500 0.3333 0.2500 0.3333 0.2708 0.3333 0.2708 0.4167 0.2500 0.4167 0.2500 0.4167 0.2708 0.4167 0.2708 0.5000 0.2500 0.5000 0.2708 0.5000 0.2917 0.5000 0.2917 0.5833 0.2708 0.5833 0.2708 0.5833 0.2917 0.5833 0.2917 0.6667 0.2708 0.6667 0.2708 0.6667 0.2917 0.6667 0.2917 0.7500 0.2708 0.7500 0.2708 0.7500 0.2917 0.7500 0.2917 0.8333 0.2708 0.8333 0.2708 0.8333 0.2917 0.8333 0.2917 0.9167 0.2708 0.9167 0.2708 0.9167 0.2917 0.9167 0.2917 1.0000 0.2708 1.0000 0.2708 0.0000 0.2917 0.0000 0.2917 0.0833 0.2708 0.0833 0.2708 0.0833 0.2917 0.0833 0.2917 0.1667 0.2708 0.1667 0.2708 0.1667 0.2917 0.1667 0.2917 0.2500 0.2708 0.2500 0.2708 0.2500 0.2917 0.2500 0.2917 0.3333 0.2708 0.3333 0.2708 0.3333 0.2917 0.3333 0.2917 0.4167 0.2708 0.4167 0.2708 0.4167 0.2917 0.4167 0.2917 0.5000 0.2708 0.5000 0.2917 0.5000 0.3125 0.5000 0.3125 0.5833 0.2917 0.5833 0.2917 0.5833 0.3125 0.5833 0.3125 0.6667 0.2917 0.6667 0.2917 0.6667 0.3125 0.6667 0.3125 0.7500 0.2917 0.7500 0.2917 0.7500 0.3125 0.7500 0.3125 0.8333 0.2917 0.8333 0.2917 0.8333 0.3125 0.8333 0.3125 0.9167 0.2917 0.9167 0.2917 0.9167 0.3125 0.9167 0.3125 1.0000 0.2917 1.0000 0.2917 0.0000 0.3125 0.0000 0.3125 0.0833 0.2917 0.0833 0.2917 0.0833 0.3125 0.0833 0.3125 0.1667 0.2917 0.1667 0.2917 0.1667 0.3125 0.1667 0.3125 0.2500 0.2917 0.2500 0.2917 0.2500 0.3125 0.2500 0.3125 0.3333 0.2917 0.3333 0.2917 0.3333 0.3125 0.3333 0.3125 0.4167 0.2917 0.4167 0.2917 0.4167 0.3125 0.4167 0.3125 0.5000 0.2917 0.5000 0.3125 0.5000 0.3333 0.5000 0.3333 0.5833 0.3125 0.5833 0.3125 0.5833 0.3333 0.5833 0.3333 0.6667 0.3125 0.6667 0.3125 0.6667 0.3333 0.6667 0.3333 0.7500 0.3125 0.7500 0.3125 0.7500 0.3333 0.7500 0.3333 0.8333 0.3125 0.8333 0.3125 0.8333 0.3333 0.8333 0.3333 0.9167 0.3125 0.9167 0.3125 0.9167 0.3333 0.9167 0.3333 1.0000 0.3125 1.0000 0.3125 0.0000 0.3333 0.0000 0.3333 0.0833 0.3125 0.0833 0.3125 0.0833 0.3333 0.0833 0.3333 0.1667 0.3125 0.1667 0.3125 0.1667 0.3333 0.1667 0.3333 0.2500 0.3125 0.2500 0.3125 0.2500 0.3333 0.2500 0.3333 0.3333 0.3125 0.3333 0.3125 0.3333 0.3333 0.3333 0.3333 0.4167 0.3125 0.4167 0.3125 0.4167 0.3333 0.4167 0.3333 0.5000 0.3125 0.5000 0.3333 0.5000 0.3542 0.5000 0.3542 0.5833 0.3333 0.5833 0.3333 0.5833 0.3542 0.5833 0.3542 0.6667 0.3333 0.6667 0.3333 0.6667 0.3542 0.6667 0.3542 0.7500 0.3333 0.7500 0.3333 0.7500 0.3542 0.7500 0.3542 0.8333 0.3333 0.8333 0.3333 0.8333 0.3542 0.8333 0.3542 0.9167 0.3333 0.9167 0.3333 0.9167 0.3542 0.9167 0.3542 1.0000 0.3333 1.0000 0.3333 0.0000 0.3542 0.0000 0.3542 0.0833 0.3333 0.0833 0.3333 0.0833 0.3542 0.0833 0.3542 0.1667 0.3333 0.1667 0.3333 0.1667 0.3542 0.1667 0.3542 0.2500 0.3333 0.2500 0.3333 0.2500 0.3542 0.2500 0.3542 0.3333 0.3333 0.3333 0.3333 0.3333 0.3542 0.3333 0.3542 0.4167 0.3333 0.4167 0.3333 0.4167 0.3542 0.4167 0.3542 0.5000 0.3333 0.5000 0.3542 0.5000 0.3750 0.5000 0.3750 0.5833 0.3542 0.5833 0.3542 0.5833 0.3750 0.5833 0.3750 0.6667 0.3542 0.6667 0.3542 0.6667 0.3750 0.6667 0.3750 0.7500 0.3542 0.7500 0.3542 0.7500 0.3750 0.7500 0.3750 0.8333 0.3542 0.8333 0.3542 0.8333 0.3750 0.8333 0.3750 0.9167 0.3542 0.9167 0.3542 0.9167 0.3750 0.9167 0.3750 1.0000 0.3542 1.0000 0.3542 0.0000 0.3750 0.0000 0.3750 0.0833 0.3542 0.0833 0.3542 0.0833 0.3750 0.0833 0.3750 0.1667 0.3542 0.1667 0.3542 0.1667 0.3750 0.1667 0.3750 0.2500 0.3542 0.2500 0.3542 0.2500 0.3750 0.2500 0.3750 0.3333 0.3542 0.3333 0.3542 0.3333 0.3750 0.3333 0.3750 0.4167 0.3542 0.4167 0.3542 0.4167 0.3750 0.4167 0.3750 0.5000 0.3542 0.5000 0.3750 0.5000 0.3958 0.5000 0.3958 0.5833 0.3750 0.5833 0.3750 0.5833 0.3958 0.5833 0.3958 0.6667 0.3750 0.6667 0.3750 0.6667 0.3958 0.6667 0.3958 0.7500 0.3750 0.7500 0.3750 0.7500 0.3958 0.7500 0.3958 0.8333 0.3750 0.8333 0.3750 0.8333 0.3958 0.8333 0.3958 0.9167 0.3750 0.9167 0.3750 0.9167 0.3958 0.9167 0.3958 1.0000 0.3750 1.0000 0.3750 0.0000 0.3958 0.0000 0.3958 0.0833 0.3750 0.0833 0.3750 0.0833 0.3958 0.0833 0.3958 0.1667 0.3750 0.1667 0.3750 0.1667 0.3958 0.1667 0.3958 0.2500 0.3750 0.2500 0.3750 0.2500 0.3958 0.2500 0.3958 0.3333 0.3750 0.3333 0.3750 0.3333 0.3958 0.3333 0.3958 0.4167 0.3750 0.4167 0.3750 0.4167 0.3958 0.4167 0.3958 0.5000 0.3750 0.5000 0.3958 0.5000 0.4167 0.5000 0.4167 0.5833 0.3958 0.5833 0.3958 0.5833 0.4167 0.5833 0.4167 0.6667 0.3958 0.6667 0.3958 0.6667 0.4167 0.6667 0.4167 0.7500 0.3958 0.7500 0.3958 0.7500 0.4167 0.7500 0.4167 0.8333 0.3958 0.8333 0.3958 0.8333 0.4167 0.8333 0.4167 0.9167 0.3958 0.9167 0.3958 0.9167 0.4167 0.9167 0.4167 1.0000 0.3958 1.0000 0.3958 0.0000 0.4167 0.0000 0.4167 0.0833 0.3958 0.0833 0.3958 0.0833 0.4167 0.0833 0.4167 0.1667 0.3958 0.1667 0.3958 0.1667 0.4167 0.1667 0.4167 0.2500 0.3958 0.2500 0.3958 0.2500 0.4167 0.2500 0.4167 0.3333 0.3958 0.3333 0.3958 0.3333 0.4167 0.3333 0.4167 0.4167 0.3958 0.4167 0.3958 0.4167 0.4167 0.4167 0.4167 0.5000 0.3958 0.5000 0.4167 0.5000 0.4375 0.5000 0.4375 0.5833 0.4167 0.5833 0.4167 0.5833 0.4375 0.5833 0.4375 0.6667 0.4167 0.6667 0.4167 0.6667 0.4375 0.6667 0.4375 0.7500 0.4167 0.7500 0.4167 0.7500 0.4375 0.7500 0.4375 0.8333 0.4167 0.8333 0.4167 0.8333 0.4375 0.8333 0.4375 0.9167 0.4167 0.9167 0.4167 0.9167 0.4375 0.9167 0.4375 1.0000 0.4167 1.0000 0.4167 0.0000 0.4375 0.0000 0.4375 0.0833 0.4167 0.0833 0.4167 0.0833 0.4375 0.0833 0.4375 0.1667 0.4167 0.1667 0.4167 0.1667 0.4375 0.1667 0.4375 0.2500 0.4167 0.2500 0.4167 0.2500 0.4375 0.2500 0.4375 0.3333 0.4167 0.3333 0.4167 0.3333 0.4375 0.3333 0.4375 0.4167 0.4167 0.4167 0.4167 0.4167 0.4375 0.4167 0.4375 0.5000 0.4167 0.5000 0.4375 0.5000 0.4583 0.5000 0.4583 0.5833 0.4375 0.5833 0.4375 0.5833 0.4583 0.5833 0.4583 0.6667 0.4375 0.6667 0.4375 0.6667 0.4583 0.6667 0.4583 0.7500 0.4375 0.7500 0.4375 0.7500 0.4583 0.7500 0.4583 0.8333 0.4375 0.8333 0.4375 0.8333 0.4583 0.8333 0.4583 0.9167 0.4375 0.9167 0.4375 0.9167 0.4583 0.9167 0.4583 1.0000 0.4375 1.0000 0.4375 0.0000 0.4583 0.0000 0.4583 0.0833 0.4375 0.0833 0.4375 0.0833 0.4583 0.0833 0.4583 0.1667 0.4375 0.1667 0.4375 0.1667 0.4583 0.1667 0.4583 0.2500 0.4375 0.2500 0.4375 0.2500 0.4583 0.2500 0.4583 0.3333 0.4375 0.3333 0.4375 0.3333 0.4583 0.3333 0.4583 0.4167 0.4375 0.4167 0.4375 0.4167 0.4583 0.4167 0.4583 0.5000 0.4375 0.5000 0.4583 0.5000 0.4792 0.5000 0.4792 0.5833 0.4583 0.5833 0.4583 0.5833 0.4792 0.5833 0.4792 0.6667 0.4583 0.6667 0.4583 0.6667 0.4792 0.6667 0.4792 0.7500 0.4583 0.7500 0.4583 0.7500 0.4792 0.7500 0.4792 0.8333 0.4583 0.8333 0.4583 0.8333 0.4792 0.8333 0.4792 0.9167 0.4583 0.9167 0.4583 0.9167 0.4792 0.9167 0.4792 1.0000 0.4583 1.0000 0.4583 0.0000 0.4792 0.0000 0.4792 0.0833 0.4583 0.0833 0.4583 0.0833 0.4792 0.0833 0.4792 0.1667 0.4583 0.1667 0.4583 0.1667 0.4792 0.1667 0.4792 0.2500 0.4583 0.2500 0.4583 0.2500 0.4792 0.2500 0.4792 0.3333 0.4583 0.3333 0.4583 0.3333 0.4792 0.3333 0.4792 0.4167 0.4583 0.4167 0.4583 0.4167 0.4792 0.4167 0.4792 0.5000 0.4583 0.5000 0.4792 0.5000 0.5000 0.5000 0.5000 0.5833 0.4792 0.5833 0.4792 0.5833 0.5000 0.5833 0.5000 0.6667 0.4792 0.6667 0.4792 0.6667 0.5000 0.6667 0.5000 0.7500 0.4792 0.7500 0.4792 0.7500 0.5000 0.7500 0.5000 0.8333 0.4792 0.8333 0.4792 0.8333 0.5000 0.8333 0.5000 0.9167 0.4792 0.9167 0.4792 0.9167 0.5000 0.9167 0.5000 1.0000 0.4792 1.0000 0.4792 0.0000 0.5000 0.0000 0.5000 0.0833 0.4792 0.0833 0.4792 0.0833 0.5000 0.0833 0.5000 0.1667 0.4792 0.1667 0.4792 0.1667 0.5000 0.1667 0.5000 0.2500 0.4792 0.2500 0.4792 0.2500 0.5000 0.2500 0.5000 0.3333 0.4792 0.3333 0.4792 0.3333 0.5000 0.3333 0.5000 0.4167 0.4792 0.4167 0.4792 0.4167 0.5000 0.4167 0.5000 0.5000 0.4792 0.5000 0.3750 0.0000 0.6250 0.0000 0.6250 0.2500 0.3750 0.2500 0.3750 0.2500 0.6250 0.2500 0.6250 0.5000 0.3750 0.5000 0.3750 0.5000 0.6250 0.5000 0.6250 0.7500 0.3750 0.7500 0.3750 0.7500 0.6250 0.7500 0.6250 1.0000 0.3750 1.0000 0.1250 0.5000 0.3750 0.5000 0.3750 0.7500 0.1250 0.7500 0.6250 0.5000 0.8750 0.5000 0.8750 0.7500 0.6250 0.7500 0.3750 0.0000 0.6250 0.0000 0.6250 0.2500 0.3750 0.2500 0.3750 0.2500 0.6250 0.2500 0.6250 0.5000 0.3750 0.5000 0.3750 0.5000 0.6250 0.5000 0.6250 0.7500 0.3750 0.7500 0.3750 0.7500 0.6250 0.7500 0.6250 1.0000 0.3750 1.0000 0.1250 0.5000 0.3750 0.5000 0.3750 0.7500 0.1250 0.7500 0.6250 0.5000 0.8750 0.5000 0.8750 0.7500 0.6250 0.7500 0.5000 0.5000 0.5208 0.5000 0.5208 0.5833 0.5000 0.5833 0.5000 0.5833 0.5208 0.5833 0.5208 0.6667 0.5000 0.6667 0.5000 0.6667 0.5208 0.6667 0.5208 0.7500 0.5000 0.7500 0.5000 0.7500 0.5208 0.7500 0.5208 0.8333 0.5000 0.8333 0.5000 0.8333 0.5208 0.8333 0.5208 0.9167 0.5000 0.9167 0.5000 0.9167 0.5208 0.9167 0.5208 1.0000 0.5000 1.0000 0.5000 0.0000 0.5208 0.0000 0.5208 0.0833 0.5000 0.0833 0.5000 0.0833 0.5208 0.0833 0.5208 0.1667 0.5000 0.1667 0.5000 0.1667 0.5208 0.1667 0.5208 0.2500 0.5000 0.2500 0.5000 0.2500 0.5208 0.2500 0.5208 0.3333 0.5000 0.3333 0.5000 0.3333 0.5208 0.3333 0.5208 0.4167 0.5000 0.4167 0.5000 0.4167 0.5208 0.4167 0.5208 0.5000 0.5000 0.5000 0.5208 0.5000 0.5417 0.5000 0.5417 0.5833 0.5208 0.5833 0.5208 0.5833 0.5417 0.5833 0.5417 0.6667 0.5208 0.6667 0.5208 0.6667 0.5417 0.6667 0.5417 0.7500 0.5208 0.7500 0.5208 0.7500 0.5417 0.7500 0.5417 0.8333 0.5208 0.8333 0.5208 0.8333 0.5417 0.8333 0.5417 0.9167 0.5208 0.9167 0.5208 0.9167 0.5417 0.9167 0.5417 1.0000 0.5208 1.0000 0.5208 0.0000 0.5417 0.0000 0.5417 0.0833 0.5208 0.0833 0.5208 0.0833 0.5417 0.0833 0.5417 0.1667 0.5208 0.1667 0.5208 0.1667 0.5417 0.1667 0.5417 0.2500 0.5208 0.2500 0.5208 0.2500 0.5417 0.2500 0.5417 0.3333 0.5208 0.3333 0.5208 0.3333 0.5417 0.3333 0.5417 0.4167 0.5208 0.4167 0.5208 0.4167 0.5417 0.4167 0.5417 0.5000 0.5208 0.5000 0.5417 0.5000 0.5625 0.5000 0.5625 0.5833 0.5417 0.5833 0.5417 0.5833 0.5625 0.5833 0.5625 0.6667 0.5417 0.6667 0.5417 0.6667 0.5625 0.6667 0.5625 0.7500 0.5417 0.7500 0.5417 0.7500 0.5625 0.7500 0.5625 0.8333 0.5417 0.8333 0.5417 0.8333 0.5625 0.8333 0.5625 0.9167 0.5417 0.9167 0.5417 0.9167 0.5625 0.9167 0.5625 1.0000 0.5417 1.0000 0.5417 0.0000 0.5625 0.0000 0.5625 0.0833 0.5417 0.0833 0.5417 0.0833 0.5625 0.0833 0.5625 0.1667 0.5417 0.1667 0.5417 0.1667 0.5625 0.1667 0.5625 0.2500 0.5417 0.2500 0.5417 0.2500 0.5625 0.2500 0.5625 0.3333 0.5417 0.3333 0.5417 0.3333 0.5625 0.3333 0.5625 0.4167 0.5417 0.4167 0.5417 0.4167 0.5625 0.4167 0.5625 0.5000 0.5417 0.5000 0.5625 0.5000 0.5833 0.5000 0.5833 0.5833 0.5625 0.5833 0.5625 0.5833 0.5833 0.5833 0.5833 0.6667 0.5625 0.6667 0.5625 0.6667 0.5833 0.6667 0.5833 0.7500 0.5625 0.7500 0.5625 0.7500 0.5833 0.7500 0.5833 0.8333 0.5625 0.8333 0.5625 0.8333 0.5833 0.8333 0.5833 0.9167 0.5625 0.9167 0.5625 0.9167 0.5833 0.9167 0.5833 1.0000 0.5625 1.0000 0.5625 0.0000 0.5833 0.0000 0.5833 0.0833 0.5625 0.0833 0.5625 0.0833 0.5833 0.0833 0.5833 0.1667 0.5625 0.1667 0.5625 0.1667 0.5833 0.1667 0.5833 0.2500 0.5625 0.2500 0.5625 0.2500 0.5833 0.2500 0.5833 0.3333 0.5625 0.3333 0.5625 0.3333 0.5833 0.3333 0.5833 0.4167 0.5625 0.4167 0.5625 0.4167 0.5833 0.4167 0.5833 0.5000 0.5625 0.5000 0.5833 0.5000 0.6042 0.5000 0.6042 0.5833 0.5833 0.5833 0.5833 0.5833 0.6042 0.5833 0.6042 0.6667 0.5833 0.6667 0.5833 0.6667 0.6042 0.6667 0.6042 0.7500 0.5833 0.7500 0.5833 0.7500 0.6042 0.7500 0.6042 0.8333 0.5833 0.8333 0.5833 0.8333 0.6042 0.8333 0.6042 0.9167 0.5833 0.9167 0.5833 0.9167 0.6042 0.9167 0.6042 1.0000 0.5833 1.0000 0.5833 0.0000 0.6042 0.0000 0.6042 0.0833 0.5833 0.0833 0.5833 0.0833 0.6042 0.0833 0.6042 0.1667 0.5833 0.1667 0.5833 0.1667 0.6042 0.1667 0.6042 0.2500 0.5833 0.2500 0.5833 0.2500 0.6042 0.2500 0.6042 0.3333 0.5833 0.3333 0.5833 0.3333 0.6042 0.3333 0.6042 0.4167 0.5833 0.4167 0.5833 0.4167 0.6042 0.4167 0.6042 0.5000 0.5833 0.5000 0.6042 0.5000 0.6250 0.5000 0.6250 0.5833 0.6042 0.5833 0.6042 0.5833 0.6250 0.5833 0.6250 0.6667 0.6042 0.6667 0.6042 0.6667 0.6250 0.6667 0.6250 0.7500 0.6042 0.7500 0.6042 0.7500 0.6250 0.7500 0.6250 0.8333 0.6042 0.8333 0.6042 0.8333 0.6250 0.8333 0.6250 0.9167 0.6042 0.9167 0.6042 0.9167 0.6250 0.9167 0.6250 1.0000 0.6042 1.0000 0.6042 0.0000 0.6250 0.0000 0.6250 0.0833 0.6042 0.0833 0.6042 0.0833 0.6250 0.0833 0.6250 0.1667 0.6042 0.1667 0.6042 0.1667 0.6250 0.1667 0.6250 0.2500 0.6042 0.2500 0.6042 0.2500 0.6250 0.2500 0.6250 0.3333 0.6042 0.3333 0.6042 0.3333 0.6250 0.3333 0.6250 0.4167 0.6042 0.4167 0.6042 0.4167 0.6250 0.4167 0.6250 0.5000 0.6042 0.5000 0.6250 0.5000 0.6458 0.5000 0.6458 0.5833 0.6250 0.5833 0.6250 0.5833 0.6458 0.5833 0.6458 0.6667 0.6250 0.6667 0.6250 0.6667 0.6458 0.6667 0.6458 0.7500 0.6250 0.7500 0.6250 0.7500 0.6458 0.7500 0.6458 0.8333 0.6250 0.8333 0.6250 0.8333 0.6458 0.8333 0.6458 0.9167 0.6250 0.9167 0.6250 0.9167 0.6458 0.9167 0.6458 1.0000 0.6250 1.0000 0.6250 0.0000 0.6458 0.0000 0.6458 0.0833 0.6250 0.0833 0.6250 0.0833 0.6458 0.0833 0.6458 0.1667 0.6250 0.1667 0.6250 0.1667 0.6458 0.1667 0.6458 0.2500 0.6250 0.2500 0.6250 0.2500 0.6458 0.2500 0.6458 0.3333 0.6250 0.3333 0.6250 0.3333 0.6458 0.3333 0.6458 0.4167 0.6250 0.4167 0.6250 0.4167 0.6458 0.4167 0.6458 0.5000 0.6250 0.5000 0.6458 0.5000 0.6667 0.5000 0.6667 0.5833 0.6458 0.5833 0.6458 0.5833 0.6667 0.5833 0.6667 0.6667 0.6458 0.6667 0.6458 0.6667 0.6667 0.6667 0.6667 0.7500 0.6458 0.7500 0.6458 0.7500 0.6667 0.7500 0.6667 0.8333 0.6458 0.8333 0.6458 0.8333 0.6667 0.8333 0.6667 0.9167 0.6458 0.9167 0.6458 0.9167 0.6667 0.9167 0.6667 1.0000 0.6458 1.0000 0.6458 0.0000 0.6667 0.0000 0.6667 0.0833 0.6458 0.0833 0.6458 0.0833 0.6667 0.0833 0.6667 0.1667 0.6458 0.1667 0.6458 0.1667 0.6667 0.1667 0.6667 0.2500 0.6458 0.2500 0.6458 0.2500 0.6667 0.2500 0.6667 0.3333 0.6458 0.3333 0.6458 0.3333 0.6667 0.3333 0.6667 0.4167 0.6458 0.4167 0.6458 0.4167 0.6667 0.4167 0.6667 0.5000 0.6458 0.5000 0.6667 0.5000 0.6875 0.5000 0.6875 0.5833 0.6667 0.5833 0.6667 0.5833 0.6875 0.5833 0.6875 0.6667 0.6667 0.6667 0.6667 0.6667 0.6875 0.6667 0.6875 0.7500 0.6667 0.7500 0.6667 0.7500 0.6875 0.7500 0.6875 0.8333 0.6667 0.8333 0.6667 0.8333 0.6875 0.8333 0.6875 0.9167 0.6667 0.9167 0.6667 0.9167 0.6875 0.9167 0.6875 1.0000 0.6667 1.0000 0.6667 0.0000 0.6875 0.0000 0.6875 0.0833 0.6667 0.0833 0.6667 0.0833 0.6875 0.0833 0.6875 0.1667 0.6667 0.1667 0.6667 0.1667 0.6875 0.1667 0.6875 0.2500 0.6667 0.2500 0.6667 0.2500 0.6875 0.2500 0.6875 0.3333 0.6667 0.3333 0.6667 0.3333 0.6875 0.3333 0.6875 0.4167 0.6667 0.4167 0.6667 0.4167 0.6875 0.4167 0.6875 0.5000 0.6667 0.5000 0.6875 0.5000 0.7083 0.5000 0.7083 0.5833 0.6875 0.5833 0.6875 0.5833 0.7083 0.5833 0.7083 0.6667 0.6875 0.6667 0.6875 0.6667 0.7083 0.6667 0.7083 0.7500 0.6875 0.7500 0.6875 0.7500 0.7083 0.7500 0.7083 0.8333 0.6875 0.8333 0.6875 0.8333 0.7083 0.8333 0.7083 0.9167 0.6875 0.9167 0.6875 0.9167 0.7083 0.9167 0.7083 1.0000 0.6875 1.0000 0.6875 0.0000 0.7083 0.0000 0.7083 0.0833 0.6875 0.0833 0.6875 0.0833 0.7083 0.0833 0.7083 0.1667 0.6875 0.1667 0.6875 0.1667 0.7083 0.1667 0.7083 0.2500 0.6875 0.2500 0.6875 0.2500 0.7083 0.2500 0.7083 0.3333 0.6875 0.3333 0.6875 0.3333 0.7083 0.3333 0.7083 0.4167 0.6875 0.4167 0.6875 0.4167 0.7083 0.4167 0.7083 0.5000 0.6875 0.5000 0.7083 0.5000 0.7292 0.5000 0.7292 0.5833 0.7083 0.5833 0.7083 0.5833 0.7292 0.5833 0.7292 0.6667 0.7083 0.6667 0.7083 0.6667 0.7292 0.6667 0.7292 0.7500 0.7083 0.7500 0.7083 0.7500 0.7292 0.7500 0.7292 0.8333 0.7083 0.8333 0.7083 0.8333 0.7292 0.8333 0.7292 0.9167 0.7083 0.9167 0.7083 0.9167 0.7292 0.9167 0.7292 1.0000 0.7083 1.0000 0.7083 0.0000 0.7292 0.0000 0.7292 0.0833 0.7083 0.0833 0.7083 0.0833 0.7292 0.0833 0.7292 0.1667 0.7083 0.1667 0.7083 0.1667 0.7292 0.1667 0.7292 0.2500 0.7083 0.2500 0.7083 0.2500 0.7292 0.2500 0.7292 0.3333 0.7083 0.3333 0.7083 0.3333 0.7292 0.3333 0.7292 0.4167 0.7083 0.4167 0.7083 0.4167 0.7292 0.4167 0.7292 0.5000 0.7083 0.5000 0.7292 0.5000 0.7500 0.5000 0.7500 0.5833 0.7292 0.5833 0.7292 0.5833 0.7500 0.5833 0.7500 0.6667 0.7292 0.6667 0.7292 0.6667 0.7500 0.6667 0.7500 0.7500 0.7292 0.7500 0.7292 0.7500 0.7500 0.7500 0.7500 0.8333 0.7292 0.8333 0.7292 0.8333 0.7500 0.8333 0.7500 0.9167 0.7292 0.9167 0.7292 0.9167 0.7500 0.9167 0.7500 1.0000 0.7292 1.0000 0.7292 0.0000 0.7500 0.0000 0.7500 0.0833 0.7292 0.0833 0.7292 0.0833 0.7500 0.0833 0.7500 0.1667 0.7292 0.1667 0.7292 0.1667 0.7500 0.1667 0.7500 0.2500 0.7292 0.2500 0.7292 0.2500 0.7500 0.2500 0.7500 0.3333 0.7292 0.3333 0.7292 0.3333 0.7500 0.3333 0.7500 0.4167 0.7292 0.4167 0.7292 0.4167 0.7500 0.4167 0.7500 0.5000 0.7292 0.5000 0.7500 0.5000 0.7708 0.5000 0.7708 0.5833 0.7500 0.5833 0.7500 0.5833 0.7708 0.5833 0.7708 0.6667 0.7500 0.6667 0.7500 0.6667 0.7708 0.6667 0.7708 0.7500 0.7500 0.7500 0.7500 0.7500 0.7708 0.7500 0.7708 0.8333 0.7500 0.8333 0.7500 0.8333 0.7708 0.8333 0.7708 0.9167 0.7500 0.9167 0.7500 0.9167 0.7708 0.9167 0.7708 1.0000 0.7500 1.0000 0.7500 0.0000 0.7708 0.0000 0.7708 0.0833 0.7500 0.0833 0.7500 0.0833 0.7708 0.0833 0.7708 0.1667 0.7500 0.1667 0.7500 0.1667 0.7708 0.1667 0.7708 0.2500 0.7500 0.2500 0.7500 0.2500 0.7708 0.2500 0.7708 0.3333 0.7500 0.3333 0.7500 0.3333 0.7708 0.3333 0.7708 0.4167 0.7500 0.4167 0.7500 0.4167 0.7708 0.4167 0.7708 0.5000 0.7500 0.5000 0.7708 0.5000 0.7917 0.5000 0.7917 0.5833 0.7708 0.5833 0.7708 0.5833 0.7917 0.5833 0.7917 0.6667 0.7708 0.6667 0.7708 0.6667 0.7917 0.6667 0.7917 0.7500 0.7708 0.7500 0.7708 0.7500 0.7917 0.7500 0.7917 0.8333 0.7708 0.8333 0.7708 0.8333 0.7917 0.8333 0.7917 0.9167 0.7708 0.9167 0.7708 0.9167 0.7917 0.9167 0.7917 1.0000 0.7708 1.0000 0.7708 0.0000 0.7917 0.0000 0.7917 0.0833 0.7708 0.0833 0.7708 0.0833 0.7917 0.0833 0.7917 0.1667 0.7708 0.1667 0.7708 0.1667 0.7917 0.1667 0.7917 0.2500 0.7708 0.2500 0.7708 0.2500 0.7917 0.2500 0.7917 0.3333 0.7708 0.3333 0.7708 0.3333 0.7917 0.3333 0.7917 0.4167 0.7708 0.4167 0.7708 0.4167 0.7917 0.4167 0.7917 0.5000 0.7708 0.5000 0.7917 0.5000 0.8125 0.5000 0.8125 0.5833 0.7917 0.5833 0.7917 0.5833 0.8125 0.5833 0.8125 0.6667 0.7917 0.6667 0.7917 0.6667 0.8125 0.6667 0.8125 0.7500 0.7917 0.7500 0.7917 0.7500 0.8125 0.7500 0.8125 0.8333 0.7917 0.8333 0.7917 0.8333 0.8125 0.8333 0.8125 0.9167 0.7917 0.9167 0.7917 0.9167 0.8125 0.9167 0.8125 1.0000 0.7917 1.0000 0.7917 0.0000 0.8125 0.0000 0.8125 0.0833 0.7917 0.0833 0.7917 0.0833 0.8125 0.0833 0.8125 0.1667 0.7917 0.1667 0.7917 0.1667 0.8125 0.1667 0.8125 0.2500 0.7917 0.2500 0.7917 0.2500 0.8125 0.2500 0.8125 0.3333 0.7917 0.3333 0.7917 0.3333 0.8125 0.3333 0.8125 0.4167 0.7917 0.4167 0.7917 0.4167 0.8125 0.4167 0.8125 0.5000 0.7917 0.5000 0.8125 0.5000 0.8333 0.5000 0.8333 0.5833 0.8125 0.5833 0.8125 0.5833 0.8333 0.5833 0.8333 0.6667 0.8125 0.6667 0.8125 0.6667 0.8333 0.6667 0.8333 0.7500 0.8125 0.7500 0.8125 0.7500 0.8333 0.7500 0.8333 0.8333 0.8125 0.8333 0.8125 0.8333 0.8333 0.8333 0.8333 0.9167 0.8125 0.9167 0.8125 0.9167 0.8333 0.9167 0.8333 1.0000 0.8125 1.0000 0.8125 0.0000 0.8333 0.0000 0.8333 0.0833 0.8125 0.0833 0.8125 0.0833 0.8333 0.0833 0.8333 0.1667 0.8125 0.1667 0.8125 0.1667 0.8333 0.1667 0.8333 0.2500 0.8125 0.2500 0.8125 0.2500 0.8333 0.2500 0.8333 0.3333 0.8125 0.3333 0.8125 0.3333 0.8333 0.3333 0.8333 0.4167 0.8125 0.4167 0.8125 0.4167 0.8333 0.4167 0.8333 0.5000 0.8125 0.5000 0.8333 0.5000 0.8542 0.5000 0.8542 0.5833 0.8333 0.5833 0.8333 0.5833 0.8542 0.5833 0.8542 0.6667 0.8333 0.6667 0.8333 0.6667 0.8542 0.6667 0.8542 0.7500 0.8333 0.7500 0.8333 0.7500 0.8542 0.7500 0.8542 0.8333 0.8333 0.8333 0.8333 0.8333 0.8542 0.8333 0.8542 0.9167 0.8333 0.9167 0.8333 0.9167 0.8542 0.9167 0.8542 1.0000 0.8333 1.0000 0.8333 0.0000 0.8542 0.0000 0.8542 0.0833 0.8333 0.0833 0.8333 0.0833 0.8542 0.0833 0.8542 0.1667 0.8333 0.1667 0.8333 0.1667 0.8542 0.1667 0.8542 0.2500 0.8333 0.2500 0.8333 0.2500 0.8542 0.2500 0.8542 0.3333 0.8333 0.3333 0.8333 0.3333 0.8542 0.3333 0.8542 0.4167 0.8333 0.4167 0.8333 0.4167 0.8542 0.4167 0.8542 0.5000 0.8333 0.5000 0.8542 0.5000 0.8750 0.5000 0.8750 0.5833 0.8542 0.5833 0.8542 0.5833 0.8750 0.5833 0.8750 0.6667 0.8542 0.6667 0.8542 0.6667 0.8750 0.6667 0.8750 0.7500 0.8542 0.7500 0.8542 0.7500 0.8750 0.7500 0.8750 0.8333 0.8542 0.8333 0.8542 0.8333 0.8750 0.8333 0.8750 0.9167 0.8542 0.9167 0.8542 0.9167 0.8750 0.9167 0.8750 1.0000 0.8542 1.0000 0.8542 0.0000 0.8750 0.0000 0.8750 0.0833 0.8542 0.0833 0.8542 0.0833 0.8750 0.0833 0.8750 0.1667 0.8542 0.1667 0.8542 0.1667 0.8750 0.1667 0.8750 0.2500 0.8542 0.2500 0.8542 0.2500 0.8750 0.2500 0.8750 0.3333 0.8542 0.3333 0.8542 0.3333 0.8750 0.3333 0.8750 0.4167 0.8542 0.4167 0.8542 0.4167 0.8750 0.4167 0.8750 0.5000 0.8542 0.5000 0.8750 0.5000 0.8958 0.5000 0.8958 0.5833 0.8750 0.5833 0.8750 0.5833 0.8958 0.5833 0.8958 0.6667 0.8750 0.6667 0.8750 0.6667 0.8958 0.6667 0.8958 0.7500 0.8750 0.7500 0.8750 0.7500 0.8958 0.7500 0.8958 0.8333 0.8750 0.8333 0.8750 0.8333 0.8958 0.8333 0.8958 0.9167 0.8750 0.9167 0.8750 0.9167 0.8958 0.9167 0.8958 1.0000 0.8750 1.0000 0.8750 0.0000 0.8958 0.0000 0.8958 0.0833 0.8750 0.0833 0.8750 0.0833 0.8958 0.0833 0.8958 0.1667 0.8750 0.1667 0.8750 0.1667 0.8958 0.1667 0.8958 0.2500 0.8750 0.2500 0.8750 0.2500 0.8958 0.2500 0.8958 0.3333 0.8750 0.3333 0.8750 0.3333 0.8958 0.3333 0.8958 0.4167 0.8750 0.4167 0.8750 0.4167 0.8958 0.4167 0.8958 0.5000 0.8750 0.5000 0.8958 0.5000 0.9167 0.5000 0.9167 0.5833 0.8958 0.5833 0.8958 0.5833 0.9167 0.5833 0.9167 0.6667 0.8958 0.6667 0.8958 0.6667 0.9167 0.6667 0.9167 0.7500 0.8958 0.7500 0.8958 0.7500 0.9167 0.7500 0.9167 0.8333 0.8958 0.8333 0.8958 0.8333 0.9167 0.8333 0.9167 0.9167 0.8958 0.9167 0.8958 0.9167 0.9167 0.9167 0.9167 1.0000 0.8958 1.0000 0.8958 0.0000 0.9167 0.0000 0.9167 0.0833 0.8958 0.0833 0.8958 0.0833 0.9167 0.0833 0.9167 0.1667 0.8958 0.1667 0.8958 0.1667 0.9167 0.1667 0.9167 0.2500 0.8958 0.2500 0.8958 0.2500 0.9167 0.2500 0.9167 0.3333 0.8958 0.3333 0.8958 0.3333 0.9167 0.3333 0.9167 0.4167 0.8958 0.4167 0.8958 0.4167 0.9167 0.4167 0.9167 0.5000 0.8958 0.5000 0.9167 0.5000 0.9375 0.5000 0.9375 0.5833 0.9167 0.5833 0.9167 0.5833 0.9375 0.5833 0.9375 0.6667 0.9167 0.6667 0.9167 0.6667 0.9375 0.6667 0.9375 0.7500 0.9167 0.7500 0.9167 0.7500 0.9375 0.7500 0.9375 0.8333 0.9167 0.8333 0.9167 0.8333 0.9375 0.8333 0.9375 0.9167 0.9167 0.9167 0.9167 0.9167 0.9375 0.9167 0.9375 1.0000 0.9167 1.0000 0.9167 0.0000 0.9375 0.0000 0.9375 0.0833 0.9167 0.0833 0.9167 0.0833 0.9375 0.0833 0.9375 0.1667 0.9167 0.1667 0.9167 0.1667 0.9375 0.1667 0.9375 0.2500 0.9167 0.2500 0.9167 0.2500 0.9375 0.2500 0.9375 0.3333 0.9167 0.3333 0.9167 0.3333 0.9375 0.3333 0.9375 0.4167 0.9167 0.4167 0.9167 0.4167 0.9375 0.4167 0.9375 0.5000 0.9167 0.5000 0.9375 0.5000 0.9583 0.5000 0.9583 0.5833 0.9375 0.5833 0.9375 0.5833 0.9583 0.5833 0.9583 0.6667 0.9375 0.6667 0.9375 0.6667 0.9583 0.6667 0.9583 0.7500 0.9375 0.7500 0.9375 0.7500 0.9583 0.7500 0.9583 0.8333 0.9375 0.8333 0.9375 0.8333 0.9583 0.8333 0.9583 0.9167 0.9375 0.9167 0.9375 0.9167 0.9583 0.9167 0.9583 1.0000 0.9375 1.0000 0.9375 0.0000 0.9583 0.0000 0.9583 0.0833 0.9375 0.0833 0.9375 0.0833 0.9583 0.0833 0.9583 0.1667 0.9375 0.1667 0.9375 0.1667 0.9583 0.1667 0.9583 0.2500 0.9375 0.2500 0.9375 0.2500 0.9583 0.2500 0.9583 0.3333 0.9375 0.3333 0.9375 0.3333 0.9583 0.3333 0.9583 0.4167 0.9375 0.4167 0.9375 0.4167 0.9583 0.4167 0.9583 0.5000 0.9375 0.5000 0.9583 0.5000 0.9792 0.5000 0.9792 0.5833 0.9583 0.5833 0.9583 0.5833 0.9792 0.5833 0.9792 0.6667 0.9583 0.6667 0.9583 0.6667 0.9792 0.6667 0.9792 0.7500 0.9583 0.7500 0.9583 0.7500 0.9792 0.7500 0.9792 0.8333 0.9583 0.8333 0.9583 0.8333 0.9792 0.8333 0.9792 0.9167 0.9583 0.9167 0.9583 0.9167 0.9792 0.9167 0.9792 1.0000 0.9583 1.0000 0.9583 0.0000 0.9792 0.0000 0.9792 0.0833 0.9583 0.0833 0.9583 0.0833 0.9792 0.0833 0.9792 0.1667 0.9583 0.1667 0.9583 0.1667 0.9792 0.1667 0.9792 0.2500 0.9583 0.2500 0.9583 0.2500 0.9792 0.2500 0.9792 0.3333 0.9583 0.3333 0.9583 0.3333 0.9792 0.3333 0.9792 0.4167 0.9583 0.4167 0.9583 0.4167 0.9792 0.4167 0.9792 0.5000 0.9583 0.5000 0.9792 0.5000 1.0000 0.5000 1.0000 0.5833 0.9792 0.5833 0.9792 0.5833 1.0000 0.5833 1.0000 0.6667 0.9792 0.6667 0.9792 0.6667 1.0000 0.6667 1.0000 0.7500 0.9792 0.7500 0.9792 0.7500 1.0000 0.7500 1.0000 0.8333 0.9792 0.8333 0.9792 0.8333 1.0000 0.8333 1.0000 0.9167 0.9792 0.9167 0.9792 0.9167 1.0000 0.9167 1.0000 1.0000 0.9792 1.0000 0.9792 0.0000 1.0000 0.0000 1.0000 0.0833 0.9792 0.0833 0.9792 0.0833 1.0000 0.0833 1.0000 0.1667 0.9792 0.1667 0.9792 0.1667 1.0000 0.1667 1.0000 0.2500 0.9792 0.2500 0.9792 0.2500 1.0000 0.2500 1.0000 0.3333 0.9792 0.3333 0.9792 0.3333 1.0000 0.3333 1.0000 0.4167 0.9792 0.4167 0.9792 0.4167 1.0000 0.4167 1.0000 0.5000 0.9792 0.5000 0.0000 0.5000 0.0208 0.5000 0.0208 0.5833 0.0000 0.5833 0.0000 0.5833 0.0208 0.5833 0.0208 0.6667 0.0000 0.6667 0.0000 0.6667 0.0208 0.6667 0.0208 0.7500 0.0000 0.7500 0.0000 0.7500 0.0208 0.7500 0.0208 0.8333 0.0000 0.8333 0.0000 0.8333 0.0208 0.8333 0.0208 0.9167 0.0000 0.9167 0.0000 0.9167 0.0208 0.9167 0.0208 1.0000 0.0000 1.0000 0.0000 0.0000 0.0208 0.0000 0.0208 0.0833 0.0000 0.0833 0.0000 0.0833 0.0208 0.0833 0.0208 0.1667 0.0000 0.1667 0.0000 0.1667 0.0208 0.1667 0.0208 0.2500 0.0000 0.2500 0.0000 0.2500 0.0208 0.2500 0.0208 0.3333 0.0000 0.3333 0.0000 0.3333 0.0208 0.3333 0.0208 0.4167 0.0000 0.4167 0.0000 0.4167 0.0208 0.4167 0.0208 0.5000 0.0000 0.5000 0.0208 0.5000 0.0417 0.5000 0.0417 0.5833 0.0208 0.5833 0.0208 0.5833 0.0417 0.5833 0.0417 0.6667 0.0208 0.6667 0.0208 0.6667 0.0417 0.6667 0.0417 0.7500 0.0208 0.7500 0.0208 0.7500 0.0417 0.7500 0.0417 0.8333 0.0208 0.8333 0.0208 0.8333 0.0417 0.8333 0.0417 0.9167 0.0208 0.9167 0.0208 0.9167 0.0417 0.9167 0.0417 1.0000 0.0208 1.0000 0.0208 0.0000 0.0417 0.0000 0.0417 0.0833 0.0208 0.0833 0.0208 0.0833 0.0417 0.0833 0.0417 0.1667 0.0208 0.1667 0.0208 0.1667 0.0417 0.1667 0.0417 0.2500 0.0208 0.2500 0.0208 0.2500 0.0417 0.2500 0.0417 0.3333 0.0208 0.3333 0.0208 0.3333 0.0417 0.3333 0.0417 0.4167 0.0208 0.4167 0.0208 0.4167 0.0417 0.4167 0.0417 0.5000 0.0208 0.5000 0.0417 0.5000 0.0625 0.5000 0.0625 0.5833 0.0417 0.5833 0.0417 0.5833 0.0625 0.5833 0.0625 0.6667 0.0417 0.6667 0.0417 0.6667 0.0625 0.6667 0.0625 0.7500 0.0417 0.7500 0.0417 0.7500 0.0625 0.7500 0.0625 0.8333 0.0417 0.8333 0.0417 0.8333 0.0625 0.8333 0.0625 0.9167 0.0417 0.9167 0.0417 0.9167 0.0625 0.9167 0.0625 1.0000 0.0417 1.0000 0.0417 0.0000 0.0625 0.0000 0.0625 0.0833 0.0417 0.0833 0.0417 0.0833 0.0625 0.0833 0.0625 0.1667 0.0417 0.1667 0.0417 0.1667 0.0625 0.1667 0.0625 0.2500 0.0417 0.2500 0.0417 0.2500 0.0625 0.2500 0.0625 0.3333 0.0417 0.3333 0.0417 0.3333 0.0625 0.3333 0.0625 0.4167 0.0417 0.4167 0.0417 0.4167 0.0625 0.4167 0.0625 0.5000 0.0417 0.5000 0.0625 0.5000 0.0833 0.5000 0.0833 0.5833 0.0625 0.5833 0.0625 0.5833 0.0833 0.5833 0.0833 0.6667 0.0625 0.6667 0.0625 0.6667 0.0833 0.6667 0.0833 0.7500 0.0625 0.7500 0.0625 0.7500 0.0833 0.7500 0.0833 0.8333 0.0625 0.8333 0.0625 0.8333 0.0833 0.8333 0.0833 0.9167 0.0625 0.9167 0.0625 0.9167 0.0833 0.9167 0.0833 1.0000 0.0625 1.0000 0.0625 0.0000 0.0833 0.0000 0.0833 0.0833 0.0625 0.0833 0.0625 0.0833 0.0833 0.0833 0.0833 0.1667 0.0625 0.1667 0.0625 0.1667 0.0833 0.1667 0.0833 0.2500 0.0625 0.2500 0.0625 0.2500 0.0833 0.2500 0.0833 0.3333 0.0625 0.3333 0.0625 0.3333 0.0833 0.3333 0.0833 0.4167 0.0625 0.4167 0.0625 0.4167 0.0833 0.4167 0.0833 0.5000 0.0625 0.5000 0.0833 0.5000 0.1042 0.5000 0.1042 0.5833 0.0833 0.5833 0.0833 0.5833 0.1042 0.5833 0.1042 0.6667 0.0833 0.6667 0.0833 0.6667 0.1042 0.6667 0.1042 0.7500 0.0833 0.7500 0.0833 0.7500 0.1042 0.7500 0.1042 0.8333 0.0833 0.8333 0.0833 0.8333 0.1042 0.8333 0.1042 0.9167 0.0833 0.9167 0.0833 0.9167 0.1042 0.9167 0.1042 1.0000 0.0833 1.0000 0.0833 0.0000 0.1042 0.0000 0.1042 0.0833 0.0833 0.0833 0.0833 0.0833 0.1042 0.0833 0.1042 0.1667 0.0833 0.1667 0.0833 0.1667 0.1042 0.1667 0.1042 0.2500 0.0833 0.2500 0.0833 0.2500 0.1042 0.2500 0.1042 0.3333 0.0833 0.3333 0.0833 0.3333 0.1042 0.3333 0.1042 0.4167 0.0833 0.4167 0.0833 0.4167 0.1042 0.4167 0.1042 0.5000 0.0833 0.5000 0.1042 0.5000 0.1250 0.5000 0.1250 0.5833 0.1042 0.5833 0.1042 0.5833 0.1250 0.5833 0.1250 0.6667 0.1042 0.6667 0.1042 0.6667 0.1250 0.6667 0.1250 0.7500 0.1042 0.7500 0.1042 0.7500 0.1250 0.7500 0.1250 0.8333 0.1042 0.8333 0.1042 0.8333 0.1250 0.8333 0.1250 0.9167 0.1042 0.9167 0.1042 0.9167 0.1250 0.9167 0.1250 1.0000 0.1042 1.0000 0.1042 0.0000 0.1250 0.0000 0.1250 0.0833 0.1042 0.0833 0.1042 0.0833 0.1250 0.0833 0.1250 0.1667 0.1042 0.1667 0.1042 0.1667 0.1250 0.1667 0.1250 0.2500 0.1042 0.2500 0.1042 0.2500 0.1250 0.2500 0.1250 0.3333 0.1042 0.3333 0.1042 0.3333 0.1250 0.3333 0.1250 0.4167 0.1042 0.4167 0.1042 0.4167 0.1250 0.4167 0.1250 0.5000 0.1042 0.5000 0.1250 0.5000 0.1458 0.5000 0.1458 0.5833 0.1250 0.5833 0.1250 0.5833 0.1458 0.5833 0.1458 0.6667 0.1250 0.6667 0.1250 0.6667 0.1458 0.6667 0.1458 0.7500 0.1250 0.7500 0.1250 0.7500 0.1458 0.7500 0.1458 0.8333 0.1250 0.8333 0.1250 0.8333 0.1458 0.8333 0.1458 0.9167 0.1250 0.9167 0.1250 0.9167 0.1458 0.9167 0.1458 1.0000 0.1250 1.0000 0.1250 0.0000 0.1458 0.0000 0.1458 0.0833 0.1250 0.0833 0.1250 0.0833 0.1458 0.0833 0.1458 0.1667 0.1250 0.1667 0.1250 0.1667 0.1458 0.1667 0.1458 0.2500 0.1250 0.2500 0.1250 0.2500 0.1458 0.2500 0.1458 0.3333 0.1250 0.3333 0.1250 0.3333 0.1458 0.3333 0.1458 0.4167 0.1250 0.4167 0.1250 0.4167 0.1458 0.4167 0.1458 0.5000 0.1250 0.5000 0.1458 0.5000 0.1667 0.5000 0.1667 0.5833 0.1458 0.5833 0.1458 0.5833 0.1667 0.5833 0.1667 0.6667 0.1458 0.6667 0.1458 0.6667 0.1667 0.6667 0.1667 0.7500 0.1458 0.7500 0.1458 0.7500 0.1667 0.7500 0.1667 0.8333 0.1458 0.8333 0.1458 0.8333 0.1667 0.8333 0.1667 0.9167 0.1458 0.9167 0.1458 0.9167 0.1667 0.9167 0.1667 1.0000 0.1458 1.0000 0.1458 0.0000 0.1667 0.0000 0.1667 0.0833 0.1458 0.0833 0.1458 0.0833 0.1667 0.0833 0.1667 0.1667 0.1458 0.1667 0.1458 0.1667 0.1667 0.1667 0.1667 0.2500 0.1458 0.2500 0.1458 0.2500 0.1667 0.2500 0.1667 0.3333 0.1458 0.3333 0.1458 0.3333 0.1667 0.3333 0.1667 0.4167 0.1458 0.4167 0.1458 0.4167 0.1667 0.4167 0.1667 0.5000 0.1458 0.5000 0.1667 0.5000 0.1875 0.5000 0.1875 0.5833 0.1667 0.5833 0.1667 0.5833 0.1875 0.5833 0.1875 0.6667 0.1667 0.6667 0.1667 0.6667 0.1875 0.6667 0.1875 0.7500 0.1667 0.7500 0.1667 0.7500 0.1875 0.7500 0.1875 0.8333 0.1667 0.8333 0.1667 0.8333 0.1875 0.8333 0.1875 0.9167 0.1667 0.9167 0.1667 0.9167 0.1875 0.9167 0.1875 1.0000 0.1667 1.0000 0.1667 0.0000 0.1875 0.0000 0.1875 0.0833 0.1667 0.0833 0.1667 0.0833 0.1875 0.0833 0.1875 0.1667 0.1667 0.1667 0.1667 0.1667 0.1875 0.1667 0.1875 0.2500 0.1667 0.2500 0.1667 0.2500 0.1875 0.2500 0.1875 0.3333 0.1667 0.3333 0.1667 0.3333 0.1875 0.3333 0.1875 0.4167 0.1667 0.4167 0.1667 0.4167 0.1875 0.4167 0.1875 0.5000 0.1667 0.5000 0.1875 0.5000 0.2083 0.5000 0.2083 0.5833 0.1875 0.5833 0.1875 0.5833 0.2083 0.5833 0.2083 0.6667 0.1875 0.6667 0.1875 0.6667 0.2083 0.6667 0.2083 0.7500 0.1875 0.7500 0.1875 0.7500 0.2083 0.7500 0.2083 0.8333 0.1875 0.8333 0.1875 0.8333 0.2083 0.8333 0.2083 0.9167 0.1875 0.9167 0.1875 0.9167 0.2083 0.9167 0.2083 1.0000 0.1875 1.0000 0.1875 0.0000 0.2083 0.0000 0.2083 0.0833 0.1875 0.0833 0.1875 0.0833 0.2083 0.0833 0.2083 0.1667 0.1875 0.1667 0.1875 0.1667 0.2083 0.1667 0.2083 0.2500 0.1875 0.2500 0.1875 0.2500 0.2083 0.2500 0.2083 0.3333 0.1875 0.3333 0.1875 0.3333 0.2083 0.3333 0.2083 0.4167 0.1875 0.4167 0.1875 0.4167 0.2083 0.4167 0.2083 0.5000 0.1875 0.5000 0.2083 0.5000 0.2292 0.5000 0.2292 0.5833 0.2083 0.5833 0.2083 0.5833 0.2292 0.5833 0.2292 0.6667 0.2083 0.6667 0.2083 0.6667 0.2292 0.6667 0.2292 0.7500 0.2083 0.7500 0.2083 0.7500 0.2292 0.7500 0.2292 0.8333 0.2083 0.8333 0.2083 0.8333 0.2292 0.8333 0.2292 0.9167 0.2083 0.9167 0.2083 0.9167 0.2292 0.9167 0.2292 1.0000 0.2083 1.0000 0.2083 0.0000 0.2292 0.0000 0.2292 0.0833 0.2083 0.0833 0.2083 0.0833 0.2292 0.0833 0.2292 0.1667 0.2083 0.1667 0.2083 0.1667 0.2292 0.1667 0.2292 0.2500 0.2083 0.2500 0.2083 0.2500 0.2292 0.2500 0.2292 0.3333 0.2083 0.3333 0.2083 0.3333 0.2292 0.3333 0.2292 0.4167 0.2083 0.4167 0.2083 0.4167 0.2292 0.4167 0.2292 0.5000 0.2083 0.5000 0.2292 0.5000 0.2500 0.5000 0.2500 0.5833 0.2292 0.5833 0.2292 0.5833 0.2500 0.5833 0.2500 0.6667 0.2292 0.6667 0.2292 0.6667 0.2500 0.6667 0.2500 0.7500 0.2292 0.7500 0.2292 0.7500 0.2500 0.7500 0.2500 0.8333 0.2292 0.8333 0.2292 0.8333 0.2500 0.8333 0.2500 0.9167 0.2292 0.9167 0.2292 0.9167 0.2500 0.9167 0.2500 1.0000 0.2292 1.0000 0.2292 0.0000 0.2500 0.0000 0.2500 0.0833 0.2292 0.0833 0.2292 0.0833 0.2500 0.0833 0.2500 0.1667 0.2292 0.1667 0.2292 0.1667 0.2500 0.1667 0.2500 0.2500 0.2292 0.2500 0.2292 0.2500 0.2500 0.2500 0.2500 0.3333 0.2292 0.3333 0.2292 0.3333 0.2500 0.3333 0.2500 0.4167 0.2292 0.4167 0.2292 0.4167 0.2500 0.4167 0.2500 0.5000 0.2292 0.5000 0.2500 0.5000 0.2708 0.5000 0.2708 0.5833 0.2500 0.5833 0.2500 0.5833 0.2708 0.5833 0.2708 0.6667 0.2500 0.6667 0.2500 0.6667 0.2708 0.6667 0.2708 0.7500 0.2500 0.7500 0.2500 0.7500 0.2708 0.7500 0.2708 0.8333 0.2500 0.8333 0.2500 0.8333 0.2708 0.8333 0.2708 0.9167 0.2500 0.9167 0.2500 0.9167 0.2708 0.9167 0.2708 1.0000 0.2500 1.0000 0.2500 0.0000 0.2708 0.0000 0.2708 0.0833 0.2500 0.0833 0.2500 0.0833 0.2708 0.0833 0.2708 0.1667 0.2500 0.1667 0.2500 0.1667 0.2708 0.1667 0.2708 0.2500 0.2500 0.2500 0.2500 0.2500 0.2708 0.2500 0.2708 0.3333 0.2500 0.3333 0.2500 0.3333 0.2708 0.3333 0.2708 0.4167 0.2500 0.4167 0.2500 0.4167 0.2708 0.4167 0.2708 0.5000 0.2500 0.5000 0.2708 0.5000 0.2917 0.5000 0.2917 0.5833 0.2708 0.5833 0.2708 0.5833 0.2917 0.5833 0.2917 0.6667 0.2708 0.6667 0.2708 0.6667 0.2917 0.6667 0.2917 0.7500 0.2708 0.7500 0.2708 0.7500 0.2917 0.7500 0.2917 0.8333 0.2708 0.8333 0.2708 0.8333 0.2917 0.8333 0.2917 0.9167 0.2708 0.9167 0.2708 0.9167 0.2917 0.9167 0.2917 1.0000 0.2708 1.0000 0.2708 0.0000 0.2917 0.0000 0.2917 0.0833 0.2708 0.0833 0.2708 0.0833 0.2917 0.0833 0.2917 0.1667 0.2708 0.1667 0.2708 0.1667 0.2917 0.1667 0.2917 0.2500 0.2708 0.2500 0.2708 0.2500 0.2917 0.2500 0.2917 0.3333 0.2708 0.3333 0.2708 0.3333 0.2917 0.3333 0.2917 0.4167 0.2708 0.4167 0.2708 0.4167 0.2917 0.4167 0.2917 0.5000 0.2708 0.5000 0.2917 0.5000 0.3125 0.5000 0.3125 0.5833 0.2917 0.5833 0.2917 0.5833 0.3125 0.5833 0.3125 0.6667 0.2917 0.6667 0.2917 0.6667 0.3125 0.6667 0.3125 0.7500 0.2917 0.7500 0.2917 0.7500 0.3125 0.7500 0.3125 0.8333 0.2917 0.8333 0.2917 0.8333 0.3125 0.8333 0.3125 0.9167 0.2917 0.9167 0.2917 0.9167 0.3125 0.9167 0.3125 1.0000 0.2917 1.0000 0.2917 0.0000 0.3125 0.0000 0.3125 0.0833 0.2917 0.0833 0.2917 0.0833 0.3125 0.0833 0.3125 0.1667 0.2917 0.1667 0.2917 0.1667 0.3125 0.1667 0.3125 0.2500 0.2917 0.2500 0.2917 0.2500 0.3125 0.2500 0.3125 0.3333 0.2917 0.3333 0.2917 0.3333 0.3125 0.3333 0.3125 0.4167 0.2917 0.4167 0.2917 0.4167 0.3125 0.4167 0.3125 0.5000 0.2917 0.5000 0.3125 0.5000 0.3333 0.5000 0.3333 0.5833 0.3125 0.5833 0.3125 0.5833 0.3333 0.5833 0.3333 0.6667 0.3125 0.6667 0.3125 0.6667 0.3333 0.6667 0.3333 0.7500 0.3125 0.7500 0.3125 0.7500 0.3333 0.7500 0.3333 0.8333 0.3125 0.8333 0.3125 0.8333 0.3333 0.8333 0.3333 0.9167 0.3125 0.9167 0.3125 0.9167 0.3333 0.9167 0.3333 1.0000 0.3125 1.0000 0.3125 0.0000 0.3333 0.0000 0.3333 0.0833 0.3125 0.0833 0.3125 0.0833 0.3333 0.0833 0.3333 0.1667 0.3125 0.1667 0.3125 0.1667 0.3333 0.1667 0.3333 0.2500 0.3125 0.2500 0.3125 0.2500 0.3333 0.2500 0.3333 0.3333 0.3125 0.3333 0.3125 0.3333 0.3333 0.3333 0.3333 0.4167 0.3125 0.4167 0.3125 0.4167 0.3333 0.4167 0.3333 0.5000 0.3125 0.5000 0.3333 0.5000 0.3542 0.5000 0.3542 0.5833 0.3333 0.5833 0.3333 0.5833 0.3542 0.5833 0.3542 0.6667 0.3333 0.6667 0.3333 0.6667 0.3542 0.6667 0.3542 0.7500 0.3333 0.7500 0.3333 0.7500 0.3542 0.7500 0.3542 0.8333 0.3333 0.8333 0.3333 0.8333 0.3542 0.8333 0.3542 0.9167 0.3333 0.9167 0.3333 0.9167 0.3542 0.9167 0.3542 1.0000 0.3333 1.0000 0.3333 0.0000 0.3542 0.0000 0.3542 0.0833 0.3333 0.0833 0.3333 0.0833 0.3542 0.0833 0.3542 0.1667 0.3333 0.1667 0.3333 0.1667 0.3542 0.1667 0.3542 0.2500 0.3333 0.2500 0.3333 0.2500 0.3542 0.2500 0.3542 0.3333 0.3333 0.3333 0.3333 0.3333 0.3542 0.3333 0.3542 0.4167 0.3333 0.4167 0.3333 0.4167 0.3542 0.4167 0.3542 0.5000 0.3333 0.5000 0.3542 0.5000 0.3750 0.5000 0.3750 0.5833 0.3542 0.5833 0.3542 0.5833 0.3750 0.5833 0.3750 0.6667 0.3542 0.6667 0.3542 0.6667 0.3750 0.6667 0.3750 0.7500 0.3542 0.7500 0.3542 0.7500 0.3750 0.7500 0.3750 0.8333 0.3542 0.8333 0.3542 0.8333 0.3750 0.8333 0.3750 0.9167 0.3542 0.9167 0.3542 0.9167 0.3750 0.9167 0.3750 1.0000 0.3542 1.0000 0.3542 0.0000 0.3750 0.0000 0.3750 0.0833 0.3542 0.0833 0.3542 0.0833 0.3750 0.0833 0.3750 0.1667 0.3542 0.1667 0.3542 0.1667 0.3750 0.1667 0.3750 0.2500 0.3542 0.2500 0.3542 0.2500 0.3750 0.2500 0.3750 0.3333 0.3542 0.3333 0.3542 0.3333 0.3750 0.3333 0.3750 0.4167 0.3542 0.4167 0.3542 0.4167 0.3750 0.4167 0.3750 0.5000 0.3542 0.5000 0.3750 0.5000 0.3958 0.5000 0.3958 0.5833 0.3750 0.5833 0.3750 0.5833 0.3958 0.5833 0.3958 0.6667 0.3750 0.6667 0.3750 0.6667 0.3958 0.6667 0.3958 0.7500 0.3750 0.7500 0.3750 0.7500 0.3958 0.7500 0.3958 0.8333 0.3750 0.8333 0.3750 0.8333 0.3958 0.8333 0.3958 0.9167 0.3750 0.9167 0.3750 0.9167 0.3958 0.9167 0.3958 1.0000 0.3750 1.0000 0.3750 0.0000 0.3958 0.0000 0.3958 0.0833 0.3750 0.0833 0.3750 0.0833 0.3958 0.0833 0.3958 0.1667 0.3750 0.1667 0.3750 0.1667 0.3958 0.1667 0.3958 0.2500 0.3750 0.2500 0.3750 0.2500 0.3958 0.2500 0.3958 0.3333 0.3750 0.3333 0.3750 0.3333 0.3958 0.3333 0.3958 0.4167 0.3750 0.4167 0.3750 0.4167 0.3958 0.4167 0.3958 0.5000 0.3750 0.5000 0.3958 0.5000 0.4167 0.5000 0.4167 0.5833 0.3958 0.5833 0.3958 0.5833 0.4167 0.5833 0.4167 0.6667 0.3958 0.6667 0.3958 0.6667 0.4167 0.6667 0.4167 0.7500 0.3958 0.7500 0.3958 0.7500 0.4167 0.7500 0.4167 0.8333 0.3958 0.8333 0.3958 0.8333 0.4167 0.8333 0.4167 0.9167 0.3958 0.9167 0.3958 0.9167 0.4167 0.9167 0.4167 1.0000 0.3958 1.0000 0.3958 0.0000 0.4167 0.0000 0.4167 0.0833 0.3958 0.0833 0.3958 0.0833 0.4167 0.0833 0.4167 0.1667 0.3958 0.1667 0.3958 0.1667 0.4167 0.1667 0.4167 0.2500 0.3958 0.2500 0.3958 0.2500 0.4167 0.2500 0.4167 0.3333 0.3958 0.3333 0.3958 0.3333 0.4167 0.3333 0.4167 0.4167 0.3958 0.4167 0.3958 0.4167 0.4167 0.4167 0.4167 0.5000 0.3958 0.5000 0.4167 0.5000 0.4375 0.5000 0.4375 0.5833 0.4167 0.5833 0.4167 0.5833 0.4375 0.5833 0.4375 0.6667 0.4167 0.6667 0.4167 0.6667 0.4375 0.6667 0.4375 0.7500 0.4167 0.7500 0.4167 0.7500 0.4375 0.7500 0.4375 0.8333 0.4167 0.8333 0.4167 0.8333 0.4375 0.8333 0.4375 0.9167 0.4167 0.9167 0.4167 0.9167 0.4375 0.9167 0.4375 1.0000 0.4167 1.0000 0.4167 0.0000 0.4375 0.0000 0.4375 0.0833 0.4167 0.0833 0.4167 0.0833 0.4375 0.0833 0.4375 0.1667 0.4167 0.1667 0.4167 0.1667 0.4375 0.1667 0.4375 0.2500 0.4167 0.2500 0.4167 0.2500 0.4375 0.2500 0.4375 0.3333 0.4167 0.3333 0.4167 0.3333 0.4375 0.3333 0.4375 0.4167 0.4167 0.4167 0.4167 0.4167 0.4375 0.4167 0.4375 0.5000 0.4167 0.5000 0.4375 0.5000 0.4583 0.5000 0.4583 0.5833 0.4375 0.5833 0.4375 0.5833 0.4583 0.5833 0.4583 0.6667 0.4375 0.6667 0.4375 0.6667 0.4583 0.6667 0.4583 0.7500 0.4375 0.7500 0.4375 0.7500 0.4583 0.7500 0.4583 0.8333 0.4375 0.8333 0.4375 0.8333 0.4583 0.8333 0.4583 0.9167 0.4375 0.9167 0.4375 0.9167 0.4583 0.9167 0.4583 1.0000 0.4375 1.0000 0.4375 0.0000 0.4583 0.0000 0.4583 0.0833 0.4375 0.0833 0.4375 0.0833 0.4583 0.0833 0.4583 0.1667 0.4375 0.1667 0.4375 0.1667 0.4583 0.1667 0.4583 0.2500 0.4375 0.2500 0.4375 0.2500 0.4583 0.2500 0.4583 0.3333 0.4375 0.3333 0.4375 0.3333 0.4583 0.3333 0.4583 0.4167 0.4375 0.4167 0.4375 0.4167 0.4583 0.4167 0.4583 0.5000 0.4375 0.5000 0.4583 0.5000 0.4792 0.5000 0.4792 0.5833 0.4583 0.5833 0.4583 0.5833 0.4792 0.5833 0.4792 0.6667 0.4583 0.6667 0.4583 0.6667 0.4792 0.6667 0.4792 0.7500 0.4583 0.7500 0.4583 0.7500 0.4792 0.7500 0.4792 0.8333 0.4583 0.8333 0.4583 0.8333 0.4792 0.8333 0.4792 0.9167 0.4583 0.9167 0.4583 0.9167 0.4792 0.9167 0.4792 1.0000 0.4583 1.0000 0.4583 0.0000 0.4792 0.0000 0.4792 0.0833 0.4583 0.0833 0.4583 0.0833 0.4792 0.0833 0.4792 0.1667 0.4583 0.1667 0.4583 0.1667 0.4792 0.1667 0.4792 0.2500 0.4583 0.2500 0.4583 0.2500 0.4792 0.2500 0.4792 0.3333 0.4583 0.3333 0.4583 0.3333 0.4792 0.3333 0.4792 0.4167 0.4583 0.4167 0.4583 0.4167 0.4792 0.4167 0.4792 0.5000 0.4583 0.5000 0.4792 0.5000 0.5000 0.5000 0.5000 0.5833 0.4792 0.5833 0.4792 0.5833 0.5000 0.5833 0.5000 0.6667 0.4792 0.6667 0.4792 0.6667 0.5000 0.6667 0.5000 0.7500 0.4792 0.7500 0.4792 0.7500 0.5000 0.7500 0.5000 0.8333 0.4792 0.8333 0.4792 0.8333 0.5000 0.8333 0.5000 0.9167 0.4792 0.9167 0.4792 0.9167 0.5000 0.9167 0.5000 1.0000 0.4792 1.0000 0.4792 0.0000 0.5000 0.0000 0.5000 0.0833 0.4792 0.0833 0.4792 0.0833 0.5000 0.0833 0.5000 0.1667 0.4792 0.1667 0.4792 0.1667 0.5000 0.1667 0.5000 0.2500 0.4792 0.2500 0.4792 0.2500 0.5000 0.2500 0.5000 0.3333 0.4792 0.3333 0.4792 0.3333 0.5000 0.3333 0.5000 0.4167 0.4792 0.4167 0.4792 0.4167 0.5000 0.4167 0.5000 0.5000 0.4792 0.5000 " />
						</IndexedFaceSet>
					</Shape>
				</Group>
			</Transform>
		</Transform>
	</Scene>
</X3D>