ply
format ascii 1.0
comment Created by Blender 2.81 (sub 16) - www.blender.org, source file: 'column.blend'
element vertex 9419
property float x
property float y
property float z
property float nx
property float ny
property float nz
property float s
property float t
element face 2318
property list uchar uint vertex_indices
end_header
0.146318 0.985589 6.021790 0.604638 0.795941 -0.029836 0.976562 0.968750
0.146318 0.985589 6.882045 0.604638 0.795941 -0.029836 0.976562 1.000000
0.195090 0.980785 6.882045 0.604638 0.795941 -0.029836 0.968750 1.000000
0.180155 0.927638 6.021790 0.604638 0.795941 -0.029836 0.968750 0.968750
0.335785 0.938106 6.021790 0.826111 0.562373 -0.035737 0.945312 0.968750
0.335785 0.938106 6.882045 0.826111 0.562373 -0.035737 0.945312 1.000000
0.382683 0.923880 6.882045 0.826111 0.562373 -0.035737 0.937500 1.000000
0.350957 0.861153 6.021790 0.826111 0.562373 -0.035737 0.937500 0.968750
0.512349 0.854572 6.021790 0.881592 0.470950 -0.031646 0.914062 0.968750
0.512349 0.854572 6.882045 0.881592 0.470950 -0.031646 0.914062 1.000000
0.555570 0.831470 6.882045 0.881592 0.470950 -0.031646 0.906250 1.000000
0.525562 0.772032 6.021790 0.881592 0.470950 -0.031646 0.906250 0.968750
0.669223 0.738197 6.021790 0.926524 0.375249 -0.027241 0.882812 0.968750
0.669223 0.738197 6.882045 0.926524 0.375249 -0.027241 0.882812 1.000000
0.707107 0.707107 6.882045 0.926524 0.375249 -0.027241 0.875000 1.000000
0.679425 0.650559 6.021790 0.926524 0.375249 -0.027241 0.875000 0.968750
0.800379 0.593454 6.021790 0.983257 0.180120 -0.027604 0.851562 0.968750
0.800379 0.593454 6.882045 0.983257 0.180120 -0.027604 0.851562 1.000000
0.831470 0.555570 6.882045 0.983257 0.180120 -0.027604 0.843750 1.000000
0.787586 0.531452 6.021790 0.983257 0.180120 -0.027604 0.843750 0.968750
0.900777 0.425905 6.021790 0.999016 0.036641 -0.024988 0.820312 0.968750
0.900777 0.425905 6.882045 0.999016 0.036641 -0.024988 0.820312 1.000000
0.923880 0.382683 6.882045 0.999016 0.036641 -0.024988 0.812500 1.000000
0.881276 0.370941 6.021790 0.999016 0.036641 -0.024988 0.812500 0.968750
0.966559 0.241989 6.021790 0.997428 -0.068753 -0.020243 0.789062 0.968750
0.966559 0.241989 6.882045 0.997428 -0.068753 -0.020243 0.789062 1.000000
0.980785 0.195090 6.882045 0.997428 -0.068753 -0.020243 0.781250 1.000000
0.945215 0.185627 6.021790 0.997428 -0.068753 -0.020243 0.781250 0.968750
0.995196 0.048773 6.021790 0.984844 -0.172768 -0.015295 0.757812 0.968750
0.995196 0.048773 6.882045 0.984844 -0.172768 -0.015295 0.757812 1.000000
1.000000 0.000000 6.882045 0.984844 -0.172768 -0.015295 0.750000 1.000000
0.971772 -0.008600 6.021790 0.984844 -0.172768 -0.015295 0.750000 0.968750
0.985589 -0.146318 6.021790 0.711375 -0.701899 -0.035822 0.726562 0.968750
0.985589 -0.146318 6.882045 0.711375 -0.701899 -0.035822 0.726562 1.000000
0.980785 -0.195090 6.882045 0.711375 -0.701899 -0.035822 0.718750 1.000000
0.917119 -0.171808 6.021790 0.711375 -0.701899 -0.035822 0.718750 0.968750
0.938106 -0.335785 6.021790 0.577314 -0.815775 -0.034926 0.695312 0.968750
0.938106 -0.335785 6.882045 0.577314 -0.815775 -0.034926 0.695312 1.000000
0.923880 -0.382683 6.882045 0.577314 -0.815775 -0.034926 0.687500 1.000000
0.861711 -0.353019 6.021790 0.577314 -0.815775 -0.034926 0.687500 0.968750
0.854572 -0.512348 6.021790 0.456016 -0.889380 -0.032439 0.664062 0.968750
0.854572 -0.512348 6.882045 0.456016 -0.889380 -0.032439 0.664062 1.000000
0.831470 -0.555570 6.882045 0.456016 -0.889380 -0.032439 0.656250 1.000000
0.776758 -0.520870 6.021790 0.456016 -0.889380 -0.032439 0.656250 0.968750
0.738197 -0.669223 6.021790 0.386390 -0.921951 -0.026637 0.632812 0.968750
0.738197 -0.669223 6.882045 0.386390 -0.921951 -0.026637 0.632812 1.000000
0.707107 -0.707107 6.882045 0.386390 -0.921951 -0.026637 0.625000 1.000000
0.658970 -0.677573 6.021790 0.386390 -0.921951 -0.026637 0.625000 0.968750
0.593454 -0.800379 6.021790 0.058474 -0.997727 -0.033484 0.601562 0.968750
0.593454 -0.800379 6.882045 0.058474 -0.997727 -0.033484 0.601562 1.000000
0.555570 -0.831470 6.882045 0.058474 -0.997727 -0.033484 0.593750 1.000000
0.532540 -0.775078 6.021790 0.058474 -0.997727 -0.033484 0.593750 0.968750
0.425905 -0.900777 6.021790 -0.161790 -0.986218 -0.034614 0.570312 0.968750
0.425905 -0.900777 6.882045 -0.161790 -0.986218 -0.034614 0.570312 1.000000
0.382683 -0.923880 6.882045 -0.161790 -0.986218 -0.034614 0.562500 1.000000
0.355421 -0.859021 6.021790 -0.161790 -0.986218 -0.034614 0.562500 0.968750
0.241988 -0.966559 6.021790 -0.176764 -0.983912 -0.025908 0.539062 0.968750
0.241988 -0.966559 6.882045 -0.176764 -0.983912 -0.025908 0.539062 1.000000
0.195090 -0.980785 6.882045 -0.176764 -0.983912 -0.025908 0.531250 1.000000
0.189143 -0.934413 6.021790 -0.176764 -0.983912 -0.025908 0.531250 0.968750
0.048772 -0.995196 6.021790 -0.225720 -0.974021 -0.018236 0.507812 0.968750
0.048772 -0.995196 6.882045 -0.225720 -0.974021 -0.018236 0.507812 1.000000
-0.000000 -1.000000 6.882045 -0.225720 -0.974021 -0.018236 0.500000 1.000000
-0.004195 -0.966815 6.021790 -0.225720 -0.974021 -0.018236 0.500000 0.968750
-0.146318 -0.985589 6.021790 -0.497232 -0.867303 -0.023348 0.476562 0.968750
-0.146318 -0.985589 6.882045 -0.497232 -0.867303 -0.023348 0.476562 1.000000
-0.195091 -0.980785 6.882045 -0.497232 -0.867303 -0.023348 0.468750 1.000000
-0.185214 -0.940132 6.021790 -0.497232 -0.867303 -0.023348 0.468750 0.968750
-0.330638 -0.939667 6.021790 -0.568584 -0.822399 -0.019306 0.446170 0.968750
-0.330638 -0.939667 6.882045 -0.568584 -0.822399 -0.019306 0.446170 1.000000
-0.382684 -0.923879 6.882045 -0.568584 -0.822399 -0.019306 0.437500 1.000000
-0.367050 -0.894298 6.021790 -0.568584 -0.822399 -0.019306 0.437500 0.968750
-0.512349 -0.854572 6.021790 -0.857227 -0.514107 -0.029263 0.414062 0.968750
-0.512349 -0.854572 6.882045 -0.857227 -0.514107 -0.029263 0.414062 1.000000
-0.555571 -0.831469 6.882045 -0.857227 -0.514107 -0.029263 0.406250 1.000000
-0.519946 -0.792939 6.021790 -0.857227 -0.514107 -0.029263 0.406250 0.968750
-0.669223 -0.738197 6.021790 -0.921727 -0.386925 -0.026607 0.382812 0.968750
-0.669223 -0.738197 6.882045 -0.921727 -0.386925 -0.026607 0.382812 1.000000
-0.707107 -0.707106 6.882045 -0.921727 -0.386925 -0.026607 0.375000 1.000000
-0.668963 -0.679661 6.021790 -0.921727 -0.386925 -0.026607 0.375000 0.968750
-0.796722 -0.597911 6.021790 -0.996500 -0.075171 -0.036552 0.352482 0.968750
-0.796722 -0.597911 6.882045 -0.996500 -0.075171 -0.036552 0.352482 1.000000
-0.831470 -0.555570 6.882045 -0.996500 -0.075171 -0.036552 0.343750 1.000000
-0.770814 -0.523052 6.021790 -0.996500 -0.075171 -0.036552 0.343750 0.968750
-0.900777 -0.425904 6.021790 -0.998649 -0.045808 -0.024518 0.320312 0.968750
-0.900777 -0.425904 6.882045 -0.998649 -0.045808 -0.024518 0.320312 1.000000
-0.923880 -0.382683 6.882045 -0.998649 -0.045808 -0.024518 0.312500 1.000000
-0.882589 -0.362006 6.021790 -0.998649 -0.045808 -0.024518 0.312500 0.968750
-0.966559 -0.241988 6.021790 -0.989814 0.140329 -0.024019 0.289062 0.968750
-0.966559 -0.241988 6.882045 -0.989814 0.140329 -0.024019 0.289062 1.000000
-0.980785 -0.195089 6.882045 -0.989814 0.140329 -0.024019 0.281250 1.000000
-0.938226 -0.189384 6.021790 -0.989814 0.140329 -0.024019 0.281250 0.968750
-0.995196 -0.048772 6.021790 -0.889759 0.455391 -0.030787 0.257812 0.968750
-0.995196 -0.048772 6.882045 -0.889759 0.455391 -0.030787 0.257812 1.000000
-1.000000 0.000001 6.882045 -0.889759 0.455391 -0.030787 0.250000 1.000000
-0.940512 -0.000085 6.021790 -0.889759 0.455391 -0.030787 0.250000 0.968750
-0.985589 0.146319 6.021790 -0.442262 0.895584 -0.048306 0.226562 0.968750
-0.985589 0.146319 6.882045 -0.442262 0.895584 -0.048306 0.226562 1.000000
-0.980785 0.195091 6.882045 -0.442262 0.895584 -0.048306 0.218750 1.000000
-0.914996 0.134779 6.021790 -0.442262 0.895584 -0.048306 0.218750 0.968750
-0.939494 0.331211 6.021790 -0.463501 0.884976 -0.044540 0.196075 0.968750
-0.939494 0.331211 6.882045 -0.463501 0.884976 -0.044540 0.196075 1.000000
-0.923879 0.382684 6.882045 -0.463501 0.884976 -0.044540 0.187500 1.000000
-0.868342 0.325180 6.021790 -0.463501 0.884976 -0.044540 0.187500 0.968750
-0.854571 0.512350 6.021790 -0.342876 0.938614 -0.037951 0.164062 0.968750
-0.854571 0.512350 6.882045 -0.342876 0.938614 -0.037951 0.164062 1.000000
-0.831469 0.555571 6.882045 -0.342876 0.938614 -0.037951 0.156250 1.000000
-0.785438 0.502822 6.021790 -0.342876 0.938614 -0.037951 0.156250 0.968750
-0.738197 0.669224 6.021790 -0.283601 0.958410 -0.031957 0.132812 0.968750
-0.738197 0.669224 6.882045 -0.283601 0.958410 -0.031957 0.132812 1.000000
-0.707106 0.707108 6.882045 -0.283601 0.958410 -0.031957 0.125000 1.000000
-0.669471 0.660876 6.021790 -0.283601 0.958410 -0.031957 0.125000 0.968750
-0.593453 0.800380 6.021790 -0.219711 0.975230 -0.025570 0.101562 0.968750
-0.593453 0.800380 6.882045 -0.219711 0.975230 -0.025570 0.101562 1.000000
-0.555569 0.831470 6.882045 -0.219711 0.975230 -0.025570 0.093750 1.000000
-0.524897 0.793269 6.021790 -0.219711 0.975230 -0.025570 0.093750 0.968750
-0.425904 0.900778 6.021790 -0.152290 0.988155 -0.018886 0.070312 0.968750
-0.425904 0.900778 6.882045 -0.152290 0.988155 -0.018886 0.070312 1.000000
-0.382682 0.923880 6.882045 -0.152290 0.988155 -0.018886 0.062500 1.000000
-0.357273 0.894913 6.021790 -0.152290 0.988155 -0.018886 0.062500 0.968750
0.195090 0.980785 6.882045 -0.000000 0.000000 1.000000 0.296822 0.485388
0.146318 0.985589 6.882045 -0.000000 0.000000 1.000000 0.285116 0.486541
0.097545 0.990393 6.882045 -0.000000 0.000000 1.000000 0.273411 0.487694
0.048773 0.995196 6.882045 -0.000000 0.000000 1.000000 0.261705 0.488847
0.000000 1.000000 6.882045 -0.000000 0.000000 1.000000 0.250000 0.490000
-0.048772 0.995196 6.882045 -0.000000 0.000000 1.000000 0.238295 0.488847
-0.097544 0.990393 6.882045 -0.000000 0.000000 1.000000 0.226589 0.487694
-0.146317 0.985589 6.882045 -0.000000 0.000000 1.000000 0.214884 0.486541
-0.195089 0.980786 6.882045 -0.000000 0.000000 1.000000 0.203179 0.485389
-0.241987 0.966559 6.882045 -0.000000 0.000000 1.000000 0.191923 0.481974
-0.288885 0.952333 6.882045 -0.000000 0.000000 1.000000 0.180667 0.478560
-0.335784 0.938106 6.882045 -0.000000 0.000000 1.000000 0.169412 0.475146
-0.382682 0.923880 6.882045 -0.000000 0.000000 1.000000 0.158156 0.471731
-0.425904 0.900778 6.882045 -0.000000 0.000000 1.000000 0.147783 0.466187
-0.469126 0.877675 6.882045 -0.000000 0.000000 1.000000 0.137410 0.460642
-0.512347 0.854573 6.882045 -0.000000 0.000000 1.000000 0.127037 0.455097
-0.555569 0.831470 6.882045 -0.000000 0.000000 1.000000 0.116663 0.449553
-0.593453 0.800380 6.882045 -0.000000 0.000000 1.000000 0.107571 0.442091
-0.631338 0.769289 6.882045 -0.000000 0.000000 1.000000 0.098479 0.434629
-0.669222 0.738198 6.882045 -0.000000 0.000000 1.000000 0.089387 0.427168
-0.707106 0.707108 6.882045 -0.000000 0.000000 1.000000 0.080295 0.419706
-0.738197 0.669224 6.882045 -0.000000 0.000000 1.000000 0.072833 0.410614
-0.769287 0.631339 6.882045 -0.000000 0.000000 1.000000 0.065371 0.401521
-0.800378 0.593455 6.882045 -0.000000 0.000000 1.000000 0.057909 0.392429
-0.831469 0.555571 6.882045 -0.000000 0.000000 1.000000 0.050447 0.383337
-0.854571 0.512350 6.882045 -0.000000 0.000000 1.000000 0.044903 0.372964
-0.877674 0.469128 6.882045 -0.000000 0.000000 1.000000 0.039358 0.362591
-0.900777 0.425906 6.882045 -0.000000 0.000000 1.000000 0.033814 0.352217
-0.923879 0.382684 6.882045 -0.000000 0.000000 1.000000 0.028269 0.341844
-0.939494 0.331211 6.882045 -0.000000 0.000000 1.000000 0.024522 0.329491
-0.955108 0.279737 6.882045 -0.000000 0.000000 1.000000 0.020774 0.317137
-0.967947 0.237414 6.882045 -0.000000 0.000000 1.000000 0.017693 0.306979
-0.980785 0.195091 6.882045 -0.000000 0.000000 1.000000 0.014612 0.296822
-0.985589 0.146319 6.882045 -0.000000 0.000000 1.000000 0.013459 0.285116
-0.990393 0.097546 6.882045 -0.000000 0.000000 1.000000 0.012306 0.273411
-0.995196 0.048774 6.882045 -0.000000 0.000000 1.000000 0.011153 0.261706
-1.000000 0.000001 6.882045 -0.000000 0.000000 1.000000 0.010000 0.250000
-0.995196 -0.048772 6.882045 -0.000000 0.000000 1.000000 0.011153 0.238295
-0.990393 -0.097544 6.882045 -0.000000 0.000000 1.000000 0.012306 0.226589
-0.985589 -0.146317 6.882045 -0.000000 0.000000 1.000000 0.013459 0.214884
-0.980785 -0.195089 6.882045 -0.000000 0.000000 1.000000 0.014611 0.203179
-0.966559 -0.241988 6.882045 -0.000000 0.000000 1.000000 0.018026 0.191923
-0.952333 -0.288886 6.882045 -0.000000 0.000000 1.000000 0.021440 0.180667
-0.938106 -0.335784 6.882045 -0.000000 0.000000 1.000000 0.024855 0.169412
-0.923880 -0.382683 6.882045 -0.000000 0.000000 1.000000 0.028269 0.158156
-0.900777 -0.425904 6.882045 -0.000000 0.000000 1.000000 0.033813 0.147783
-0.877675 -0.469126 6.882045 -0.000000 0.000000 1.000000 0.039358 0.137410
-0.854572 -0.512348 6.882045 -0.000000 0.000000 1.000000 0.044903 0.127037
-0.831470 -0.555570 6.882045 -0.000000 0.000000 1.000000 0.050447 0.116663
-0.796722 -0.597911 6.882045 -0.000000 0.000000 1.000000 0.058787 0.106501
-0.761973 -0.640252 6.882045 -0.000000 0.000000 1.000000 0.067126 0.096340
-0.734540 -0.673679 6.882045 -0.000000 0.000000 1.000000 0.073710 0.088317
-0.707107 -0.707106 6.882045 -0.000000 0.000000 1.000000 0.080294 0.080294
-0.669223 -0.738197 6.882045 -0.000000 0.000000 1.000000 0.089386 0.072833
-0.631339 -0.769288 6.882045 -0.000000 0.000000 1.000000 0.098479 0.065371
-0.593455 -0.800379 6.882045 -0.000000 0.000000 1.000000 0.107571 0.057909
-0.555571 -0.831469 6.882045 -0.000000 0.000000 1.000000 0.116663 0.050447
-0.512349 -0.854572 6.882045 -0.000000 0.000000 1.000000 0.127036 0.044903
-0.469127 -0.877674 6.882045 -0.000000 0.000000 1.000000 0.137409 0.039358
-0.425906 -0.900777 6.882045 -0.000000 0.000000 1.000000 0.147783 0.033814
-0.382684 -0.923879 6.882045 -0.000000 0.000000 1.000000 0.158156 0.028269
-0.330638 -0.939667 6.882045 -0.000000 0.000000 1.000000 0.170647 0.024480
-0.278593 -0.955455 6.882045 -0.000000 0.000000 1.000000 0.183138 0.020691
-0.236842 -0.968120 6.882045 -0.000000 0.000000 1.000000 0.193158 0.017651
-0.195091 -0.980785 6.882045 -0.000000 0.000000 1.000000 0.203178 0.014612
-0.146318 -0.985589 6.882045 -0.000000 0.000000 1.000000 0.214884 0.013459
-0.097546 -0.990393 6.882045 -0.000000 0.000000 1.000000 0.226589 0.012306
-0.048773 -0.995196 6.882045 -0.000000 0.000000 1.000000 0.238295 0.011153
-0.000000 -1.000000 6.882045 -0.000000 0.000000 1.000000 0.250000 0.010000
0.048772 -0.995196 6.882045 -0.000000 0.000000 1.000000 0.261705 0.011153
0.097545 -0.990393 6.882045 -0.000000 0.000000 1.000000 0.273411 0.012306
0.146317 -0.985589 6.882045 -0.000000 0.000000 1.000000 0.285116 0.013459
0.195090 -0.980785 6.882045 -0.000000 0.000000 1.000000 0.296822 0.014612
0.241988 -0.966559 6.882045 -0.000000 0.000000 1.000000 0.308077 0.018026
0.288887 -0.952332 6.882045 -0.000000 0.000000 1.000000 0.319333 0.021440
0.335785 -0.938106 6.882045 -0.000000 0.000000 1.000000 0.330588 0.024855
0.382683 -0.923880 6.882045 -0.000000 0.000000 1.000000 0.341844 0.028269
0.425905 -0.900777 6.882045 -0.000000 0.000000 1.000000 0.352217 0.033813
0.469127 -0.877675 6.882045 -0.000000 0.000000 1.000000 0.362590 0.039358
0.512348 -0.854572 6.882045 -0.000000 0.000000 1.000000 0.372964 0.044903
0.555570 -0.831470 6.882045 -0.000000 0.000000 1.000000 0.383337 0.050447
0.593454 -0.800379 6.882045 -0.000000 0.000000 1.000000 0.392429 0.057909
0.631338 -0.769288 6.882045 -0.000000 0.000000 1.000000 0.401521 0.065371
0.669223 -0.738197 6.882045 -0.000000 0.000000 1.000000 0.410613 0.072833
0.707107 -0.707107 6.882045 -0.000000 0.000000 1.000000 0.419706 0.080294
0.738197 -0.669223 6.882045 -0.000000 0.000000 1.000000 0.427167 0.089387
0.769288 -0.631338 6.882045 -0.000000 0.000000 1.000000 0.434629 0.098479
0.800379 -0.593454 6.882045 -0.000000 0.000000 1.000000 0.442091 0.107571
0.831470 -0.555570 6.882045 -0.000000 0.000000 1.000000 0.449553 0.116663
0.854572 -0.512348 6.882045 -0.000000 0.000000 1.000000 0.455097 0.127036
0.877675 -0.469127 6.882045 -0.000000 0.000000 1.000000 0.460642 0.137410
0.900777 -0.425905 6.882045 -0.000000 0.000000 1.000000 0.466187 0.147783
0.923880 -0.382683 6.882045 -0.000000 0.000000 1.000000 0.471731 0.158156
0.938106 -0.335785 6.882045 -0.000000 0.000000 1.000000 0.475145 0.169412
0.952332 -0.288887 6.882045 -0.000000 0.000000 1.000000 0.478560 0.180667
0.966559 -0.241988 6.882045 -0.000000 0.000000 1.000000 0.481974 0.191923
0.980785 -0.195090 6.882045 -0.000000 0.000000 1.000000 0.485388 0.203178
0.985589 -0.146318 6.882045 -0.000000 0.000000 1.000000 0.486541 0.214884
0.990393 -0.097545 6.882045 -0.000000 0.000000 1.000000 0.487694 0.226589
0.995196 -0.048772 6.882045 -0.000000 0.000000 1.000000 0.488847 0.238295
1.000000 0.000000 6.882045 -0.000000 0.000000 1.000000 0.490000 0.250000
0.995196 0.048773 6.882045 -0.000000 0.000000 1.000000 0.488847 0.261705
0.990393 0.097545 6.882045 -0.000000 0.000000 1.000000 0.487694 0.273411
0.985589 0.146318 6.882045 -0.000000 0.000000 1.000000 0.486541 0.285116
0.980785 0.195090 6.882045 -0.000000 0.000000 1.000000 0.485388 0.296822
0.966559 0.241989 6.882045 -0.000000 0.000000 1.000000 0.481974 0.308077
0.952332 0.288887 6.882045 -0.000000 0.000000 1.000000 0.478560 0.319333
0.938106 0.335785 6.882045 -0.000000 0.000000 1.000000 0.475145 0.330588
0.923880 0.382683 6.882045 -0.000000 0.000000 1.000000 0.471731 0.341844
0.900777 0.425905 6.882045 -0.000000 0.000000 1.000000 0.466186 0.352217
0.877675 0.469127 6.882045 -0.000000 0.000000 1.000000 0.460642 0.362590
0.854572 0.512349 6.882045 -0.000000 0.000000 1.000000 0.455097 0.372964
0.831470 0.555570 6.882045 -0.000000 0.000000 1.000000 0.449553 0.383337
0.800379 0.593454 6.882045 -0.000000 0.000000 1.000000 0.442091 0.392429
0.769288 0.631338 6.882045 -0.000000 0.000000 1.000000 0.434629 0.401521
0.738197 0.669223 6.882045 -0.000000 0.000000 1.000000 0.427167 0.410613
0.707107 0.707107 6.882045 -0.000000 0.000000 1.000000 0.419706 0.419706
0.669223 0.738197 6.882045 -0.000000 0.000000 1.000000 0.410613 0.427167
0.631338 0.769288 6.882045 -0.000000 0.000000 1.000000 0.401521 0.434629
0.593454 0.800379 6.882045 -0.000000 0.000000 1.000000 0.392429 0.442091
0.555570 0.831470 6.882045 -0.000000 0.000000 1.000000 0.383337 0.449553
0.512349 0.854572 6.882045 -0.000000 0.000000 1.000000 0.372964 0.455097
0.469127 0.877675 6.882045 -0.000000 0.000000 1.000000 0.362590 0.460642
0.425905 0.900777 6.882045 -0.000000 0.000000 1.000000 0.352217 0.466186
0.382683 0.923880 6.882045 -0.000000 0.000000 1.000000 0.341844 0.471731
0.335785 0.938106 6.882045 -0.000000 0.000000 1.000000 0.330588 0.475145
0.288887 0.952332 6.882045 -0.000000 0.000000 1.000000 0.319333 0.478560
0.241989 0.966559 6.882045 -0.000000 0.000000 1.000000 0.308077 0.481974
-0.241987 0.966559 6.021790 0.115779 0.993015 -0.022734 0.039062 0.968750
-0.241987 0.966559 6.882045 0.115779 0.993015 -0.022734 0.039062 1.000000
-0.195089 0.980786 6.882045 0.115779 0.993015 -0.022734 0.031250 1.000000
-0.177383 0.939332 6.021790 0.115779 0.993015 -0.022734 0.031250 0.968750
-0.048772 0.995196 6.021790 0.440764 0.897121 -0.029999 0.007812 0.968750
-0.048772 0.995196 6.882045 0.440764 0.897121 -0.029999 0.007812 1.000000
0.000000 1.000000 6.882045 0.440764 0.897121 -0.029999 0.000000 1.000000
-0.009911 0.947338 6.021790 0.440764 0.897121 -0.029999 0.000000 0.968750
-0.000059 1.195691 -6.882045 0.000002 0.000000 -1.000000 0.750000 0.490000
0.058244 1.189949 -6.882045 0.000002 0.000000 -1.000000 0.761705 0.488847
0.116548 1.184206 -6.882045 0.000002 0.000000 -1.000000 0.773411 0.487694
0.174852 1.178464 -6.882045 0.000002 0.000000 -1.000000 0.785116 0.486541
0.233155 1.172722 -6.882045 0.000002 0.000000 -1.000000 0.796822 0.485388
0.289218 1.155715 -6.882045 0.000002 0.000000 -1.000000 0.808077 0.481974
0.345281 1.138709 -6.882045 0.000002 0.000000 -1.000000 0.819333 0.478560
0.401345 1.121702 -6.882045 0.000002 0.000000 -1.000000 0.830588 0.475145
0.457408 1.104695 -6.882045 0.000002 0.000000 -1.000000 0.841844 0.471731
0.509076 1.077078 -6.882045 0.000002 0.000000 -1.000000 0.852217 0.466186
0.560744 1.049461 -6.882045 0.000002 0.000000 -1.000000 0.862590 0.460642
0.612412 1.021844 -6.882045 0.000002 0.000000 -1.000000 0.872964 0.455097
0.664080 0.994227 -6.882045 0.000002 0.000000 -1.000000 0.883337 0.449553
0.709367 0.957061 -6.882045 0.000002 0.000000 -1.000000 0.892429 0.442091
0.754654 0.919894 -6.882045 0.000002 0.000000 -1.000000 0.901521 0.434629
0.799942 0.882728 -6.882045 0.000002 0.000000 -1.000000 0.910613 0.427167
0.845229 0.845561 -6.882045 0.000002 0.000000 -1.000000 0.919706 0.419706
0.882396 0.800274 -6.882045 0.000002 0.000000 -1.000000 0.927167 0.410613
0.919562 0.754987 -6.882045 0.000002 0.000000 -1.000000 0.934629 0.401521
0.956728 0.709699 -6.882045 0.000002 0.000000 -1.000000 0.942091 0.392429
0.993895 0.664412 -6.882045 0.000002 0.000000 -1.000000 0.949553 0.383337
1.021512 0.612744 -6.882045 0.000002 0.000000 -1.000000 0.955097 0.372964
1.049129 0.561076 -6.882045 0.000002 0.000000 -1.000000 0.960642 0.362590
1.076746 0.509408 -6.882045 0.000002 0.000000 -1.000000 0.966186 0.352217
1.104363 0.457740 -6.882045 0.000002 0.000000 -1.000000 0.971731 0.341844
1.121370 0.401677 -6.882045 0.000002 0.000000 -1.000000 0.975145 0.330588
1.138376 0.345614 -6.882045 0.000002 0.000000 -1.000000 0.978560 0.319333
1.155383 0.289551 -6.882045 0.000002 0.000000 -1.000000 0.981974 0.308077
1.172390 0.233488 -6.882045 0.000002 0.000000 -1.000000 0.985388 0.296822
1.178132 0.175184 -6.882045 0.000002 0.000000 -1.000000 0.986541 0.285116
1.183874 0.116880 -6.882045 0.000002 0.000000 -1.000000 0.987694 0.273411
1.189617 0.058577 -6.882045 0.000002 0.000000 -1.000000 0.988847 0.261705
1.195359 0.000273 -6.882045 0.000002 0.000000 -1.000000 0.990000 0.250000
1.189617 -0.058031 -6.882045 0.000002 0.000000 -1.000000 0.988847 0.238295
1.183874 -0.116334 -6.882045 0.000002 0.000000 -1.000000 0.987694 0.226589
1.178132 -0.174638 -6.882045 0.000002 0.000000 -1.000000 0.986541 0.214884
1.172390 -0.232941 -6.882045 0.000002 0.000000 -1.000000 0.985388 0.203178
1.155383 -0.289005 -6.882045 0.000002 0.000000 -1.000000 0.981974 0.191923
1.138376 -0.345068 -6.882045 0.000002 0.000000 -1.000000 0.978560 0.180667
1.121370 -0.401131 -6.882045 0.000002 0.000000 -1.000000 0.975145 0.169412
1.104363 -0.457194 -6.882045 0.000002 0.000000 -1.000000 0.971731 0.158156
1.076746 -0.508862 -6.882045 0.000002 0.000000 -1.000000 0.966186 0.147783
1.049129 -0.560530 -6.882045 0.000002 0.000000 -1.000000 0.960642 0.137410
1.021512 -0.612198 -6.882045 0.000002 0.000000 -1.000000 0.955097 0.127036
0.993895 -0.663866 -6.882045 0.000002 0.000000 -1.000000 0.949553 0.116663
0.956728 -0.709153 -6.882045 0.000002 0.000000 -1.000000 0.942091 0.107571
0.919562 -0.754441 -6.882045 0.000002 0.000000 -1.000000 0.934629 0.098479
0.882396 -0.799728 -6.882045 0.000002 0.000000 -1.000000 0.927167 0.089387
0.845229 -0.845016 -6.882045 0.000002 0.000000 -1.000000 0.919706 0.080294
0.799942 -0.882182 -6.882045 0.000002 0.000000 -1.000000 0.910613 0.072833
0.754654 -0.919348 -6.882045 0.000002 0.000000 -1.000000 0.901521 0.065371
0.709367 -0.956515 -6.882045 0.000002 0.000000 -1.000000 0.892429 0.057909
0.664080 -0.993681 -6.882045 0.000002 0.000000 -1.000000 0.883337 0.050447
0.612412 -1.021298 -6.882045 0.000002 0.000000 -1.000000 0.872964 0.044903
0.560743 -1.048916 -6.882045 0.000002 0.000000 -1.000000 0.862590 0.039358
0.509075 -1.076533 -6.882045 0.000002 0.000000 -1.000000 0.852217 0.033813
0.457407 -1.104150 -6.882045 0.000002 0.000000 -1.000000 0.841844 0.028269
0.401344 -1.121156 -6.882045 0.000002 0.000000 -1.000000 0.830588 0.024855
0.345281 -1.138163 -6.882045 0.000002 0.000000 -1.000000 0.819333 0.021440
0.289218 -1.155169 -6.882045 0.000002 0.000000 -1.000000 0.808077 0.018026
0.233155 -1.172176 -6.882045 0.000002 0.000000 -1.000000 0.796822 0.014612
0.174851 -1.177918 -6.882045 0.000002 0.000000 -1.000000 0.785116 0.013459
0.116548 -1.183661 -6.882045 0.000002 0.000000 -1.000000 0.773411 0.012306
0.058244 -1.189403 -6.882045 0.000002 0.000000 -1.000000 0.761705 0.011153
-0.000060 -1.195145 -6.882045 0.000002 0.000000 -1.000000 0.750000 0.010000
-0.058363 -1.189403 -6.882045 0.000002 0.000000 -1.000000 0.738294 0.011153
-0.116667 -1.183661 -6.882045 0.000002 0.000000 -1.000000 0.726589 0.012306
-0.174971 -1.177918 -6.882045 0.000002 0.000000 -1.000000 0.714884 0.013459
-0.233274 -1.172176 -6.882045 0.000002 0.000000 -1.000000 0.703178 0.014612
-0.283184 -1.157036 -6.882045 0.000002 0.000000 -1.000000 0.693158 0.017651
-0.333094 -1.141896 -6.882045 0.000002 0.000000 -1.000000 0.683138 0.020691
-0.395310 -1.123023 -6.882045 0.000002 0.000000 -1.000000 0.670647 0.024480
-0.457527 -1.104149 -6.882045 0.000002 0.000000 -1.000000 0.658156 0.028269
-0.509195 -1.076532 -6.882045 0.000002 0.000000 -1.000000 0.647783 0.033814
-0.560863 -1.048915 -6.882045 0.000002 0.000000 -1.000000 0.637409 0.039358
-0.612531 -1.021298 -6.882045 0.000002 0.000000 -1.000000 0.627036 0.044903
-0.664199 -0.993681 -6.882045 0.000002 0.000000 -1.000000 0.616663 0.050447
-0.709486 -0.956514 -6.882045 0.000002 0.000000 -1.000000 0.607571 0.057909
-0.754773 -0.919348 -6.882045 0.000002 0.000000 -1.000000 0.598479 0.065371
-0.800061 -0.882181 -6.882045 0.000002 0.000000 -1.000000 0.589386 0.072833
-0.845348 -0.845015 -6.882045 0.000002 0.000000 -1.000000 0.580294 0.080294
-0.878142 -0.805055 -6.882045 0.000002 0.000000 -1.000000 0.573710 0.088317
-0.910936 -0.765096 -6.882045 0.000002 0.000000 -1.000000 0.567126 0.096340
-0.952475 -0.714481 -6.882045 0.000002 0.000000 -1.000000 0.558787 0.106501
-0.994014 -0.663865 -6.882045 0.000002 0.000000 -1.000000 0.550447 0.116663
-1.021631 -0.612197 -6.882045 0.000002 0.000000 -1.000000 0.544903 0.127037
-1.049248 -0.560529 -6.882045 0.000002 0.000000 -1.000000 0.539358 0.137410
-1.076865 -0.508861 -6.882045 0.000002 0.000000 -1.000000 0.533813 0.147783
-1.104482 -0.457193 -6.882045 0.000002 0.000000 -1.000000 0.528269 0.158156
-1.121489 -0.401130 -6.882045 0.000002 0.000000 -1.000000 0.524854 0.169412
-1.138495 -0.345067 -6.882045 0.000002 0.000000 -1.000000 0.521440 0.180667
-1.155502 -0.289004 -6.882045 0.000002 0.000000 -1.000000 0.518026 0.191923
-1.172508 -0.232941 -6.882045 0.000002 0.000000 -1.000000 0.514611 0.203179
-1.178251 -0.174637 -6.882045 0.000002 0.000000 -1.000000 0.513459 0.214884
-1.183993 -0.116333 -6.882045 0.000002 0.000000 -1.000000 0.512306 0.226589
-1.189735 -0.058030 -6.882045 0.000002 0.000000 -1.000000 0.511153 0.238295
-1.195478 0.000274 -6.882045 0.000002 0.000000 -1.000000 0.510000 0.250000
-1.189735 0.058578 -6.882045 0.000002 0.000000 -1.000000 0.511153 0.261706
-1.183993 0.116881 -6.882045 0.000002 0.000000 -1.000000 0.512306 0.273411
-1.178250 0.175185 -6.882045 0.000002 0.000000 -1.000000 0.513459 0.285116
-1.172508 0.233489 -6.882045 0.000002 0.000000 -1.000000 0.514612 0.296822
-1.157160 0.284082 -6.882045 0.000002 0.000000 -1.000000 0.517693 0.306979
-1.141813 0.334676 -6.882045 0.000002 0.000000 -1.000000 0.520774 0.317137
-1.123147 0.396208 -6.882045 0.000002 0.000000 -1.000000 0.524522 0.329491
-1.104481 0.457741 -6.882045 0.000002 0.000000 -1.000000 0.528269 0.341844
-1.076864 0.509409 -6.882045 0.000002 0.000000 -1.000000 0.533814 0.352217
-1.049247 0.561077 -6.882045 0.000002 0.000000 -1.000000 0.539358 0.362591
-1.021630 0.612745 -6.882045 0.000002 0.000000 -1.000000 0.544903 0.372964
-0.994013 0.664413 -6.882045 0.000002 0.000000 -1.000000 0.550447 0.383337
-0.956846 0.709700 -6.882045 0.000002 0.000000 -1.000000 0.557909 0.392429
-0.919680 0.754988 -6.882045 0.000002 0.000000 -1.000000 0.565371 0.401521
-0.882513 0.800275 -6.882045 0.000002 0.000000 -1.000000 0.572833 0.410614
-0.845347 0.845562 -6.882045 0.000002 0.000000 -1.000000 0.580295 0.419706
-0.800059 0.882729 -6.882045 0.000002 0.000000 -1.000000 0.589387 0.427168
-0.754772 0.919895 -6.882045 0.000002 0.000000 -1.000000 0.598479 0.434629
-0.709484 0.957062 -6.882045 0.000002 0.000000 -1.000000 0.607571 0.442091
-0.664197 0.994228 -6.882045 0.000002 0.000000 -1.000000 0.616663 0.449553
-0.612529 1.021845 -6.882045 0.000002 0.000000 -1.000000 0.627037 0.455097
-0.560861 1.049462 -6.882045 0.000002 0.000000 -1.000000 0.637410 0.460642
-0.509193 1.077079 -6.882045 0.000002 0.000000 -1.000000 0.647783 0.466187
-0.457524 1.104696 -6.882045 0.000002 0.000000 -1.000000 0.658156 0.471731
-0.401461 1.121703 -6.882045 0.000002 0.000000 -1.000000 0.669412 0.475146
-0.345398 1.138709 -6.882045 0.000002 0.000000 -1.000000 0.680668 0.478560
-0.289335 1.155715 -6.882045 0.000002 0.000000 -1.000000 0.691923 0.481974
-0.233272 1.172722 -6.882045 0.000002 0.000000 -1.000000 0.703179 0.485389
-0.174969 1.178464 -6.882045 0.000002 0.000000 -1.000000 0.714884 0.486541
-0.116666 1.184207 -6.882045 0.000002 0.000000 -1.000000 0.726589 0.487694
-0.058362 1.189949 -6.882045 0.000002 0.000000 -1.000000 0.738295 0.488847
0.840473 -0.397186 6.021790 0.992056 0.121458 -0.032744 0.679688 0.968750
0.900777 -0.425905 6.882045 0.992056 0.121458 -0.032744 0.679688 1.000000
0.877675 -0.469127 6.882045 0.992056 0.121458 -0.032744 0.671875 1.000000
0.877675 -0.469127 6.021790 0.992056 0.121458 -0.032744 0.671875 0.968750
0.904906 -0.219270 6.021790 0.961263 0.273905 -0.030829 0.710938 0.968750
0.966559 -0.241988 6.882045 0.961263 0.273905 -0.030829 0.710938 1.000000
0.952332 -0.288887 6.882045 0.961263 0.273905 -0.030829 0.703125 1.000000
0.952332 -0.288887 6.021790 0.961263 0.273905 -0.030829 0.703125 0.968750
0.968811 -0.057519 6.021790 0.982488 0.185639 -0.016011 0.742188 0.968750
0.995196 -0.048772 6.882045 0.982488 0.185639 -0.016011 0.742188 1.000000
0.990393 -0.097545 6.882045 0.982488 0.185639 -0.016011 0.734375 1.000000
0.990393 -0.097545 6.021790 0.982488 0.185639 -0.016011 0.734375 0.968750
0.951854 0.137070 6.021790 0.897503 0.440556 -0.019966 0.773438 0.968750
0.985589 0.146318 6.882045 0.897503 0.440556 -0.019966 0.773438 1.000000
0.990393 0.097545 6.882045 0.897503 0.440556 -0.019966 0.765625 1.000000
0.990393 0.097545 6.021790 0.897503 0.440556 -0.019966 0.765625 0.968750
0.897260 0.324612 6.021790 0.765995 0.642458 -0.022357 0.804688 0.968750
0.938106 0.335785 6.882045 0.765995 0.642458 -0.022357 0.804688 1.000000
0.952332 0.288887 6.882045 0.765995 0.642458 -0.022357 0.796875 1.000000
0.952332 0.288887 6.021790 0.765995 0.642458 -0.022357 0.796875 0.968750
0.622447 -0.710250 6.021790 0.951506 -0.306079 -0.030841 0.617188 0.968750
0.669223 -0.738197 6.882045 0.951506 -0.306079 -0.030841 0.617188 1.000000
0.631338 -0.769288 6.882045 0.951506 -0.306079 -0.030841 0.609375 1.000000
0.631338 -0.769288 6.021790 0.951506 -0.306079 -0.030841 0.609375 0.968750
0.495923 -0.807652 6.021790 0.799053 -0.600782 -0.024013 0.585938 0.968750
0.512348 -0.854572 6.882045 0.799053 -0.600782 -0.024013 0.585938 1.000000
0.469127 -0.877675 6.882045 0.799053 -0.600782 -0.024013 0.578125 1.000000
0.469127 -0.877675 6.021790 0.799053 -0.600782 -0.024013 0.578125 0.968750
0.309596 -0.876396 6.021790 0.799609 -0.599576 -0.033677 0.554688 0.968750
0.335785 -0.938106 6.882045 0.799609 -0.599576 -0.033677 0.554688 1.000000
0.288887 -0.952332 6.882045 0.799609 -0.599576 -0.033677 0.546875 1.000000
0.288887 -0.952332 6.021790 0.799609 -0.599576 -0.033677 0.546875 0.968750
0.140808 -0.942514 6.021790 0.496648 -0.867639 -0.023313 0.523438 0.968750
0.146317 -0.985589 6.882045 0.496648 -0.867639 -0.023313 0.523438 1.000000
0.097545 -0.990393 6.882045 0.496648 -0.867639 -0.023313 0.515625 1.000000
0.097545 -0.990393 6.021790 0.496648 -0.867639 -0.023313 0.515625 0.968750
0.747311 -0.560046 6.021790 0.996013 -0.083143 -0.032336 0.648438 0.968750
0.800379 -0.593454 6.882045 0.996013 -0.083143 -0.032336 0.648438 1.000000
0.769288 -0.631338 6.882045 0.996013 -0.083143 -0.032336 0.640625 1.000000
0.769288 -0.631338 6.021790 0.996013 -0.083143 -0.032336 0.640625 0.968750
0.812302 0.489132 6.021790 0.581240 0.813340 -0.025255 0.835938 0.968750
0.854572 0.512349 6.882045 0.581240 0.813340 -0.025255 0.835938 1.000000
0.877675 0.469127 6.882045 0.581240 0.813340 -0.025255 0.828125 1.000000
0.877675 0.469127 6.021790 0.581240 0.813340 -0.025255 0.828125 0.968750
0.711227 0.613270 6.021790 0.216839 0.975575 -0.035126 0.867188 0.968750
0.738197 0.669223 6.882045 0.216839 0.975575 -0.035126 0.867188 1.000000
0.769288 0.631338 6.882045 0.216839 0.975575 -0.035126 0.859375 1.000000
0.769288 0.631338 6.021790 0.216839 0.975575 -0.035126 0.859375 0.968750
0.564027 0.741664 6.021790 0.032911 0.998857 -0.034651 0.898438 0.968750
0.593454 0.800379 6.882045 0.032911 0.998857 -0.034651 0.898438 1.000000
0.631338 0.769288 6.882045 0.032911 0.998857 -0.034651 0.890625 1.000000
0.631338 0.769288 6.021790 0.032911 0.998857 -0.034651 0.890625 0.968750
0.394608 0.838873 6.021790 -0.132096 0.990679 -0.033242 0.929688 0.968750
0.425905 0.900777 6.882045 -0.132096 0.990679 -0.033242 0.929688 1.000000
0.469127 0.877675 6.882045 -0.132096 0.990679 -0.033242 0.921875 1.000000
0.469127 0.877675 6.021790 -0.132096 0.990679 -0.033242 0.921875 0.968750
0.227315 0.914301 6.021790 -0.214273 0.976377 -0.027828 0.960938 0.968750
0.241989 0.966559 6.882045 -0.214273 0.976377 -0.027828 0.960938 1.000000
0.288887 0.952332 6.882045 -0.214273 0.976377 -0.027828 0.953125 1.000000
0.288887 0.952332 6.021790 -0.214273 0.976377 -0.027828 0.953125 0.968750
0.039050 0.945185 6.021790 -0.352379 0.935518 -0.025202 0.992188 0.968750
0.048773 0.995196 6.882045 -0.352379 0.935518 -0.025202 0.992188 1.000000
0.097545 0.990393 6.882045 -0.352379 0.935518 -0.025202 0.984375 1.000000
0.097545 0.990393 6.021790 -0.352379 0.935518 -0.025202 0.984375 0.968750
-0.128943 0.946772 6.021790 -0.516865 0.855716 -0.024525 0.023438 0.968750
-0.146317 0.985589 6.882045 -0.516865 0.855716 -0.024525 0.023438 1.000000
-0.097544 0.990393 6.882045 -0.516865 0.855716 -0.024525 0.015625 1.000000
-0.097544 0.990393 6.021790 -0.516865 0.855716 -0.024525 0.015625 0.968750
-0.311215 0.911661 6.021790 -0.621216 0.783360 -0.020912 0.054688 0.968750
-0.335784 0.938106 6.882045 -0.621216 0.783360 -0.020912 0.054688 1.000000
-0.288885 0.952333 6.882045 -0.621216 0.783360 -0.020912 0.046875 1.000000
-0.288885 0.952333 6.021790 -0.621216 0.783360 -0.020912 0.046875 0.968750
-0.482991 0.818680 6.021790 -0.820742 0.570710 -0.025910 0.085938 0.968750
-0.512347 0.854573 6.882045 -0.820742 0.570710 -0.025910 0.085938 1.000000
-0.469126 0.877675 6.882045 -0.820742 0.570710 -0.025910 0.078125 1.000000
-0.469126 0.877675 6.021790 -0.820742 0.570710 -0.025910 0.078125 0.968750
-0.633327 0.693974 6.021790 -0.936029 0.350764 -0.028544 0.117188 0.968750
-0.669222 0.738198 6.882045 -0.936029 0.350764 -0.028544 0.117188 1.000000
-0.631338 0.769289 6.882045 -0.936029 0.350764 -0.028544 0.109375 1.000000
-0.631338 0.769289 6.021790 -0.936029 0.350764 -0.028544 0.109375 0.968750
-0.756446 0.542335 6.021790 -0.989385 0.142295 -0.029491 0.148438 0.968750
-0.800378 0.593455 6.882045 -0.989385 0.142295 -0.029491 0.148438 1.000000
-0.769287 0.631339 6.882045 -0.989385 0.142295 -0.029491 0.140625 1.000000
-0.769287 0.631339 6.021790 -0.989385 0.142295 -0.029491 0.140625 0.968750
-0.847615 0.369591 6.021790 -0.998388 -0.048647 -0.029256 0.179688 0.968750
-0.900777 0.425906 6.882045 -0.998388 -0.048647 -0.029256 0.179688 1.000000
-0.877674 0.469128 6.882045 -0.998388 -0.048647 -0.029256 0.171875 1.000000
-0.877674 0.469128 6.021790 -0.998388 -0.048647 -0.029256 0.171875 0.968750
-0.904471 0.177735 6.021790 -0.967023 -0.253265 -0.026892 0.211700 0.968750
-0.967947 0.237414 6.882045 -0.967023 -0.253265 -0.026892 0.211700 1.000000
-0.955108 0.279737 6.882045 -0.967023 -0.253265 -0.026892 0.204649 1.000000
-0.955108 0.279737 6.021790 -0.967023 -0.253265 -0.026892 0.204649 0.968750
-0.943000 0.048860 6.021790 -0.915973 -0.400275 -0.027809 0.242188 0.968750
-0.995196 0.048774 6.882045 -0.915973 -0.400275 -0.027809 0.242188 1.000000
-0.990393 0.097546 6.882045 -0.915973 -0.400275 -0.027809 0.234375 1.000000
-0.990393 0.097546 6.021790 -0.915973 -0.400275 -0.027809 0.234375 0.968750
-0.953379 -0.142777 6.021790 -0.913532 -0.406372 -0.017938 0.273438 0.968750
-0.985589 -0.146317 6.882045 -0.913532 -0.406372 -0.017938 0.273438 1.000000
-0.990393 -0.097544 6.882045 -0.913532 -0.406372 -0.017938 0.265625 1.000000
-0.990393 -0.097544 6.021790 -0.913532 -0.406372 -0.017938 0.265625 0.968750
-0.902140 -0.317066 6.021790 -0.758730 -0.651001 -0.022943 0.304688 0.968750
-0.938106 -0.335784 6.882045 -0.758730 -0.651001 -0.022943 0.304688 1.000000
-0.952333 -0.288886 6.882045 -0.758730 -0.651001 -0.022943 0.296875 1.000000
-0.952333 -0.288886 6.021790 -0.758730 -0.651001 -0.022943 0.296875 0.968750
-0.798758 -0.482791 6.021790 -0.486778 -0.872983 -0.030789 0.335938 0.968750
-0.854572 -0.512348 6.882045 -0.486778 -0.872983 -0.030789 0.335938 1.000000
-0.877675 -0.469126 6.882045 -0.486778 -0.872983 -0.030789 0.328125 1.000000
-0.877675 -0.469126 6.021790 -0.486778 -0.872983 -0.030789 0.328125 0.968750
-0.700897 -0.650503 6.021790 -0.442442 -0.896557 -0.020729 0.368107 0.968750
-0.734540 -0.673679 6.882045 -0.442442 -0.896557 -0.020729 0.368107 1.000000
-0.761973 -0.640252 6.882045 -0.442442 -0.896557 -0.020729 0.361213 1.000000
-0.761973 -0.640252 6.021790 -0.442442 -0.896557 -0.020729 0.361213 0.968750
-0.561889 -0.767590 6.021790 -0.264046 -0.964230 -0.023220 0.398438 0.968750
-0.593455 -0.800379 6.882045 -0.264046 -0.964230 -0.023220 0.398438 1.000000
-0.631339 -0.769288 6.882045 -0.264046 -0.964230 -0.023220 0.390625 1.000000
-0.631339 -0.769288 6.021790 -0.264046 -0.964230 -0.023220 0.390625 0.968750
-0.411646 -0.873975 6.021790 -0.189172 -0.981799 -0.016862 0.429688 0.968750
-0.425906 -0.900777 6.882045 -0.189172 -0.981799 -0.016862 0.429688 1.000000
-0.469127 -0.877674 6.882045 -0.189172 -0.981799 -0.016862 0.421875 1.000000
-0.469127 -0.877674 6.021790 -0.189172 -0.981799 -0.016862 0.421875 0.968750
-0.227682 -0.930132 6.021790 0.135316 -0.990577 -0.021151 0.461795 0.968750
-0.236842 -0.968120 6.882045 0.135316 -0.990577 -0.021151 0.461795 1.000000
-0.278593 -0.955455 6.882045 0.135316 -0.990577 -0.021151 0.454840 1.000000
-0.278593 -0.955455 6.021790 0.135316 -0.990577 -0.021151 0.454840 0.968750
-0.053181 -0.965331 6.021790 0.212507 -0.977003 -0.017504 0.492188 0.968750
-0.048773 -0.995196 6.882045 0.212507 -0.977003 -0.017504 0.492188 1.000000
-0.097546 -0.990393 6.882045 0.212507 -0.977003 -0.017504 0.484375 1.000000
-0.097546 -0.990393 6.021790 0.212507 -0.977003 -0.017504 0.484375 0.968750
-0.062048 -1.124428 -3.441023 0.491804 -0.870586 0.014425 0.492188 0.625000
-0.058759 -1.065523 0.001871 0.491804 -0.870586 0.014425 0.492188 0.750000
-0.107741 -1.093194 0.001871 0.491804 -0.870586 0.014425 0.484375 0.750000
-0.113742 -1.153630 -3.441023 0.491804 -0.870586 0.014425 0.484375 0.625000
-0.265377 -1.083415 -3.441023 0.445313 -0.895281 0.012954 0.461795 0.625000
-0.251424 -1.026660 0.001871 0.445313 -0.895281 0.012954 0.461795 0.750000
-0.307634 -1.054619 0.001871 0.445313 -0.895281 0.012954 0.454840 0.750000
-0.324698 -1.112921 -3.441023 0.445313 -0.895281 0.012954 0.454840 0.625000
-0.479732 -1.017981 -3.441023 0.064216 -0.997824 0.014984 0.429688 0.625000
-0.454538 -0.964658 0.001871 0.064216 -0.997824 0.014984 0.429688 0.750000
-0.518002 -0.968742 0.001871 0.064216 -0.997824 0.014984 0.421875 0.750000
-0.546709 -1.022291 -3.441023 0.064216 -0.997824 0.014984 0.421875 0.625000
-0.654795 -0.894020 -3.441023 0.024442 -0.999612 0.013350 0.398438 0.625000
-0.620420 -0.847198 0.001871 0.024442 -0.999612 0.013350 0.398438 0.750000
-0.697099 -0.849073 0.001871 0.024442 -0.999612 0.013350 0.390625 0.750000
-0.735719 -0.895999 -3.441023 0.024442 -0.999612 0.013350 0.390625 0.625000
-0.816767 -0.757591 -3.441023 -0.165515 -0.986116 0.013422 0.368107 0.625000
-0.773897 -0.717924 0.001871 -0.165515 -0.986116 0.013422 0.368107 0.750000
-0.841331 -0.706605 0.001871 -0.165515 -0.986116 0.013422 0.361213 0.750000
-0.887934 -0.745646 -3.441023 -0.165515 -0.986116 0.013422 0.361213 0.625000
-0.930795 -0.562172 -3.441023 -0.170603 -0.985280 0.010840 0.335938 0.625000
-0.881945 -0.532754 0.001871 -0.170603 -0.985280 0.010840 0.335938 0.750000
-0.969077 -0.517667 0.001871 -0.170603 -0.985280 0.010840 0.328125 0.750000
-1.022750 -0.546250 -3.441023 -0.170603 -0.985280 0.010840 0.328125 0.625000
-1.051257 -0.369070 -3.441023 -0.327876 -0.944620 0.013806 0.304688 0.625000
-0.996089 -0.349778 0.001871 -0.327876 -0.944620 0.013806 0.304688 0.750000
-1.051506 -0.318664 0.001871 -0.327876 -0.944620 0.013806 0.296875 0.750000
-1.147461 -0.347556 -3.441023 -0.327876 -0.944620 0.013806 0.296875 0.625000
-1.110961 -0.165987 -3.441023 -0.773835 -0.633217 0.014693 0.273438 0.625000
-1.052662 -0.157346 0.001871 -0.773835 -0.633217 0.014693 0.273438 0.750000
-1.093528 -0.107405 0.001871 -0.773835 -0.633217 0.014693 0.265625 0.750000
-1.154088 -0.113282 -3.441023 -0.773835 -0.633217 0.014693 0.265625 0.625000
-1.098866 0.057308 -3.441023 -0.716516 -0.697478 0.011379 0.242188 0.625000
-1.041202 0.054239 0.001871 -0.716516 -0.697478 0.011379 0.242188 0.750000
-1.093528 0.107993 0.001871 -0.716516 -0.697478 0.011379 0.234375 0.750000
-1.154088 0.114038 -3.441023 -0.716516 -0.697478 0.011379 0.234375 0.625000
-1.053972 0.207474 -3.441023 -0.895625 -0.444621 0.012975 0.211700 0.625000
-0.998662 0.196529 0.001871 -0.895625 -0.444621 0.012975 0.211700 0.750000
-1.054570 0.309149 0.001871 -0.895625 -0.444621 0.012975 0.204649 0.750000
-1.112975 0.326327 -3.441023 -0.895625 -0.444621 0.012975 0.204649 0.625000
-0.987724 0.431024 -3.441023 -0.957227 -0.289067 0.012509 0.179688 0.625000
-0.935889 0.408356 0.001871 -0.957227 -0.289067 0.012509 0.179688 0.750000
-0.969076 0.518254 0.001871 -0.957227 -0.289067 0.012509 0.171875 0.750000
-1.022749 0.547005 -3.441023 -0.957227 -0.289067 0.012509 0.171875 0.625000
-0.881494 0.632307 -3.441023 -0.989681 -0.142791 0.011921 0.148438 0.625000
-0.835229 0.599082 0.001871 -0.989681 -0.142791 0.011921 0.148438 0.750000
-0.849407 0.697351 0.001871 -0.989681 -0.142791 0.011921 0.140625 0.750000
-0.896456 0.736014 -3.441023 -0.989681 -0.142791 0.011921 0.140625 0.625000
-0.738035 0.808997 -3.441023 -0.999584 0.026409 0.011574 0.117188 0.625000
-0.699294 0.766506 0.001871 -0.999584 0.026409 0.011574 0.117188 0.750000
-0.697097 0.849660 0.001871 -0.999584 0.026409 0.011574 0.109375 0.750000
-0.735717 0.896754 -3.441023 -0.999584 0.026409 0.011574 0.109375 0.625000
-0.562863 0.954304 -3.441023 -0.973408 0.228779 0.011686 0.085938 0.625000
-0.533309 0.904193 0.001871 -0.973408 0.228779 0.011686 0.085938 0.750000
-0.518000 0.969329 0.001871 -0.973408 0.228779 0.011686 0.078125 0.750000
-0.546707 1.023045 -3.441023 -0.973408 0.228779 0.011686 0.078125 0.625000
-0.362709 1.062645 -3.441023 -0.876514 0.481211 0.012650 0.054688 0.625000
-0.343652 1.006852 0.001871 -0.876514 0.481211 0.012650 0.054688 0.750000
-0.318998 1.051758 0.001871 -0.876514 0.481211 0.012650 0.046875 0.750000
-0.336691 1.110036 -3.441023 -0.876514 0.481211 0.012650 0.046875 0.625000
-0.150326 1.103558 -3.441023 -0.811554 0.584161 0.011697 0.023438 0.625000
-0.142406 1.045618 0.001871 -0.811554 0.584161 0.011697 0.023438 0.750000
-0.107740 1.093780 0.001871 -0.811554 0.584161 0.011697 0.015625 0.750000
-0.113740 1.154384 -3.441023 -0.811554 0.584161 0.011697 0.015625 0.625000
0.045420 1.101707 -3.441023 -0.611458 0.791172 0.012875 0.992188 0.625000
0.043073 1.043866 0.001871 -0.611458 0.791172 0.012875 0.992188 0.750000
0.107658 1.093779 0.001871 -0.611458 0.791172 0.012875 0.984375 0.750000
0.113578 1.154384 -3.441023 -0.611458 0.791172 0.012875 0.984375 0.625000
0.264786 1.065722 -3.441023 -0.525469 0.850732 0.011712 0.960938 0.625000
0.250935 1.009767 0.001871 -0.525469 0.850732 0.011712 0.960938 0.750000
0.318917 1.051757 0.001871 -0.525469 0.850732 0.011712 0.953125 0.750000
0.336530 1.110036 -3.441023 -0.525469 0.850732 0.011712 0.953125 0.625000
0.453883 0.977833 -3.454738 -0.440743 0.897573 0.010373 0.929688 0.625000
0.430115 0.926487 -0.033126 -0.440743 0.897573 0.010373 0.929688 0.750000
0.517919 0.969328 0.001871 -0.440743 0.897573 0.010373 0.921875 0.750000
0.546546 1.023045 -3.441023 -0.440743 0.897573 0.010373 0.921875 0.625000
0.657124 0.864564 -3.441023 -0.379659 0.925089 0.008404 0.898438 0.625000
0.622698 0.819159 0.001871 -0.379659 0.925089 0.008404 0.898438 0.750000
0.697016 0.849659 0.001871 -0.379659 0.925089 0.008404 0.890625 0.750000
0.735555 0.896753 -3.441023 -0.379659 0.925089 0.008404 0.890625 0.625000
0.828641 0.714960 -3.441023 -0.297133 0.954813 0.006669 0.867188 0.625000
0.785220 0.677401 0.001871 -0.297133 0.954813 0.006669 0.867188 0.750000
0.849325 0.697350 0.001871 -0.297133 0.954813 0.006669 0.859375 0.750000
0.896295 0.736013 -3.441023 -0.297133 0.954813 0.006669 0.859375 0.625000
0.946414 0.570315 -3.441023 0.292605 0.956151 0.012539 0.835938 0.625000
0.896816 0.540341 0.001871 0.292605 0.956151 0.012539 0.835938 0.750000
0.968994 0.518253 0.001871 0.292605 0.956151 0.012539 0.828125 0.750000
1.022586 0.547004 -3.441023 0.292605 0.956151 0.012539 0.828125 0.625000
0.870687 -0.652190 -3.441023 0.955579 0.294574 0.009743 0.648438 0.625000
0.825060 -0.618050 0.001871 0.955579 0.294574 0.009743 0.648438 0.750000
0.849325 -0.696764 0.001871 0.955579 0.294574 0.009743 0.640625 0.750000
0.896295 -0.735260 -3.441023 0.955579 0.294574 0.009743 0.640625 0.625000
0.163989 -1.097842 -3.441023 0.742013 -0.670258 0.013045 0.523438 0.625000
0.155424 -1.040331 0.000000 0.742013 -0.670258 0.013045 0.523438 0.750000
0.107657 -1.093194 0.001871 0.742013 -0.670258 0.013045 0.515625 0.750000
0.113578 -1.153630 -3.441023 0.742013 -0.670258 0.013045 0.515625 0.625000
0.360660 -1.020801 -3.441023 0.964749 -0.263003 0.009377 0.554688 0.625000
0.341782 -0.967330 0.000000 0.964749 -0.263003 0.009377 0.554688 0.750000
0.318917 -1.051172 0.001871 0.964749 -0.263003 0.009377 0.546875 0.750000
0.336530 -1.109283 -3.441023 0.964749 -0.263003 0.009377 0.546875 0.625000
0.577769 -0.940700 -3.441023 0.933868 -0.357370 0.013323 0.585938 0.625000
0.547504 -0.891430 0.001871 0.933868 -0.357370 0.013323 0.585938 0.750000
0.517918 -0.968742 0.001871 0.933868 -0.357370 0.013323 0.578125 0.750000
0.546546 -1.022291 -3.441023 0.933868 -0.357370 0.013323 0.578125 0.625000
0.725195 -0.827208 -3.441023 0.988807 0.148927 0.009039 0.617188 0.625000
0.687198 -0.783890 0.001871 0.988807 0.148927 0.009039 0.617188 0.750000
0.697016 -0.849074 0.001871 0.988807 0.148927 0.009039 0.609375 0.750000
0.735555 -0.895999 -3.441023 0.988807 0.148927 0.009039 0.609375 0.625000
1.045408 0.378615 -3.441023 0.544173 0.838864 0.013513 0.804688 0.625000
0.990618 0.358695 0.001871 0.544173 0.838864 0.013513 0.804688 0.750000
1.051423 0.319251 0.001871 0.544173 0.838864 0.013513 0.796875 0.750000
1.109578 0.336988 -3.441023 0.544173 0.838864 0.013513 0.796875 0.625000
1.109020 0.160091 -3.441023 0.715914 0.698052 0.013802 0.773438 0.625000
1.050895 0.151631 0.001871 0.715914 0.698052 0.013802 0.773438 0.750000
1.093445 0.107992 0.001871 0.715914 0.698052 0.013802 0.765625 0.750000
1.153926 0.114037 -3.441023 0.715914 0.698052 0.013802 0.765625 0.625000
1.128779 -0.066645 -3.441023 0.880105 0.474552 0.014651 0.742188 0.625000
1.069617 -0.063214 0.001871 0.880105 0.474552 0.014651 0.742188 0.750000
1.093445 -0.107406 0.001871 0.880105 0.474552 0.014651 0.734375 0.750000
1.153926 -0.113283 -3.441023 0.880105 0.474552 0.014651 0.734375 0.625000
1.054317 -0.255117 -3.441023 0.826394 0.562983 0.011086 0.710938 0.625000
0.999060 -0.241802 0.001871 0.826394 0.562983 0.011086 0.710938 0.750000
1.051423 -0.318665 0.001871 0.826394 0.562983 0.011086 0.703125 0.750000
1.109578 -0.336235 -3.441023 0.826394 0.562983 0.011086 0.703125 0.625000
0.940742 -0.438798 -3.391104 0.842936 0.537985 0.005487 0.679688 0.625000
0.927919 -0.432853 -0.015888 0.842936 0.537985 0.005487 0.679688 0.750000
0.968994 -0.517667 0.001871 0.842936 0.537985 0.005487 0.671875 0.750000
1.022586 -0.546251 -3.441023 0.842936 0.537985 0.005487 0.671875 0.625000
-0.056911 1.159981 -3.441023 0.776263 0.630322 0.010468 0.007812 0.625000
-0.053891 1.099083 0.001871 0.776263 0.630322 0.010468 0.007812 0.750000
-0.010984 1.046243 0.001871 0.776263 0.630322 0.010468 0.000000 0.750000
-0.011630 1.104216 -3.441023 0.776263 0.630322 0.010468 0.000000 0.625000
-0.282045 1.126613 -3.441023 0.388321 0.921416 0.014157 0.039062 0.625000
-0.267218 1.067465 0.001871 0.388321 0.921416 0.014157 0.039062 0.750000
-0.195889 1.037404 0.001871 0.388321 0.921416 0.014157 0.031250 0.750000
-0.206768 1.094888 -3.441023 0.388321 0.921416 0.014157 0.031250 0.625000
-0.496345 1.049964 -3.441023 0.085125 0.996253 0.015308 0.070312 0.625000
-0.470279 0.994836 0.001871 0.085125 0.996253 0.015308 0.070312 0.750000
-0.394504 0.988361 0.001871 0.085125 0.996253 0.015308 0.062500 0.750000
-0.416376 1.043131 -3.441023 0.085125 0.996253 0.015308 0.062500 0.625000
-0.691574 0.932980 -3.441023 0.103157 0.994579 0.013065 0.101562 0.625000
-0.655270 0.883987 0.001871 0.103157 0.994579 0.013065 0.101562 0.750000
-0.579577 0.876136 0.001871 0.103157 0.994579 0.013065 0.093750 0.750000
-0.611692 0.924695 -3.441023 0.103157 0.994579 0.013065 0.093750 0.625000
-0.860229 0.780157 -3.441023 0.120570 0.992652 0.010234 0.132812 0.625000
-0.815080 0.739179 0.001871 0.120570 0.992652 0.010234 0.132812 0.750000
-0.739200 0.729962 0.001871 0.120570 0.992652 0.010234 0.125000 0.750000
-0.780150 0.770430 -3.441023 0.120570 0.992652 0.010234 0.125000 0.625000
-0.995829 0.597367 -3.441023 0.136523 0.990613 0.006960 0.164062 0.625000
-0.943569 0.565975 0.001871 0.136523 0.990613 0.006960 0.164062 0.750000
-0.867238 0.555455 0.001871 0.136523 0.990613 0.006960 0.156250 0.750000
-0.915275 0.586265 -3.441023 0.136523 0.990613 0.006960 0.156250 0.625000
-1.094781 0.386304 -3.441023 0.084448 0.996418 0.004473 0.196075 0.625000
-1.037331 0.365981 0.001871 0.084448 0.996418 0.004473 0.196075 0.750000
-0.958772 0.359323 0.001871 0.084448 0.996418 0.004473 0.187500 0.750000
-1.011874 0.379277 -3.441023 0.084448 0.996418 0.004473 0.187500 0.625000
-1.148491 0.170868 -3.441023 0.158273 0.987395 -0.000111 0.226562 0.625000
-1.088224 0.161843 0.001871 0.158273 0.987395 -0.000111 0.226562 0.750000
-1.010283 0.149101 0.001871 0.158273 0.987395 -0.000111 0.218750 0.750000
-1.024256 0.151201 -3.441023 0.158273 0.987395 -0.000111 0.218750 0.625000
-1.159686 -0.056452 -3.441023 -0.664916 0.746835 0.011124 0.257812 0.625000
-1.098832 -0.053556 0.001871 -0.664916 0.746835 0.011124 0.257812 0.750000
-1.038455 0.000199 0.001871 -0.664916 0.746835 0.011124 0.250000 0.750000
-1.095968 0.000277 -3.441023 -0.664916 0.746835 0.011124 0.250000 0.625000
-1.126318 -0.281588 -3.441023 -0.880340 0.474163 0.013088 0.289062 0.625000
-1.067213 -0.266884 0.001871 -0.880340 0.474163 0.013088 0.289062 0.750000
-1.035931 -0.208805 0.001871 -0.880340 0.474163 0.013088 0.281250 0.750000
-1.093304 -0.220294 -3.441023 -0.880340 0.474163 0.013088 0.281250 0.625000
-1.049669 -0.495888 -3.441023 -0.961708 0.273753 0.013324 0.320312 0.625000
-0.994584 -0.469946 0.001871 -0.961708 0.273753 0.013324 0.320312 0.750000
-0.974502 -0.399396 0.001871 -0.961708 0.273753 0.013324 0.312500 0.750000
-1.028475 -0.421433 -3.441023 -0.961708 0.273753 0.013324 0.312500 0.625000
-0.928423 -0.696310 -3.441023 -0.944959 0.327038 0.009911 0.352482 0.625000
-0.879697 -0.659857 0.001871 -0.944959 0.327038 0.009911 0.352482 0.750000
-0.851093 -0.577206 0.001871 -0.944959 0.327038 0.009911 0.343750 0.750000
-0.898235 -0.609085 -3.441023 -0.944959 0.327038 0.009911 0.343750 0.625000
-0.779861 -0.859772 -3.441023 -0.999920 0.004449 0.011830 0.382812 0.625000
-0.738927 -0.814746 0.001871 -0.999920 0.004449 0.011830 0.382812 0.750000
-0.738639 -0.750117 0.001871 -0.999920 0.004449 0.011830 0.375000 0.750000
-0.779558 -0.791566 -3.441023 -0.999920 0.004449 0.011830 0.375000 0.625000
-0.597071 -0.995372 -3.441023 -0.992430 -0.122325 0.010889 0.414062 0.625000
-0.565723 -0.943235 0.001871 -0.992430 -0.122325 0.010889 0.414062 0.750000
-0.574110 -0.875187 0.001871 -0.992430 -0.122325 0.010889 0.406250 0.750000
-0.605923 -0.923558 -3.441023 -0.992430 -0.122325 0.010889 0.406250 0.625000
-0.385342 -1.094525 -3.441023 -0.779803 -0.625845 0.015008 0.446170 0.625000
-0.365097 -1.037188 0.001871 -0.779803 -0.625845 0.015008 0.446170 0.750000
-0.405299 -0.987096 0.001871 -0.779803 -0.625845 0.015008 0.437500 0.750000
-0.427769 -1.041661 -3.441023 -0.779803 -0.625845 0.015008 0.437500 0.625000
-0.170572 -1.148033 -3.441023 -0.759747 -0.650082 0.013338 0.476562 0.625000
-0.161590 -1.087890 0.001871 -0.759747 -0.650082 0.013338 0.476562 0.750000
-0.204535 -1.037701 0.001871 -0.759747 -0.650082 0.013338 0.468750 0.750000
-0.215893 -1.095066 -3.441023 -0.759747 -0.650082 0.013338 0.468750 0.625000
0.056748 -1.159228 -3.441023 -0.472239 -0.881341 0.015143 0.507812 0.625000
0.053808 -1.098497 0.001871 -0.472239 -0.881341 0.015143 0.507812 0.750000
-0.004673 -1.067162 0.001871 -0.472239 -0.881341 0.015143 0.500000 0.750000
-0.004970 -1.126158 -3.441023 -0.472239 -0.881341 0.015143 0.500000 0.625000
0.281884 -1.125859 -3.441023 -0.519798 -0.854199 0.012410 0.539062 0.625000
0.267136 -1.066879 0.001871 -0.519798 -0.854199 0.012410 0.539062 0.750000
0.208790 -1.031387 0.000000 -0.519798 -0.854199 0.012410 0.531250 0.750000
0.220308 -1.088403 -3.441023 -0.519798 -0.854199 0.012410 0.531250 0.625000
0.496184 -1.049210 -3.441023 -0.509754 -0.860263 0.009888 0.570312 0.625000
0.470198 -0.994250 0.001871 -0.509754 -0.860263 0.009888 0.570312 0.750000
0.392377 -0.948147 0.000000 -0.509754 -0.860263 0.009888 0.562500 0.750000
0.414056 -1.000556 -3.441023 -0.509754 -0.860263 0.009888 0.562500 0.625000
0.691413 -0.932226 -3.441023 -0.383665 -0.923428 0.009061 0.601562 0.625000
0.655188 -0.883401 0.001871 -0.383665 -0.923428 0.009061 0.601562 0.750000
0.587933 -0.855467 0.000000 -0.383665 -0.923428 0.009061 0.593750 0.750000
0.620435 -0.902746 -3.441023 -0.383665 -0.923428 0.009061 0.593750 0.625000
0.860068 -0.779403 -3.441023 0.104803 -0.994406 0.013159 0.632812 0.625000
0.814998 -0.738592 0.001871 0.104803 -0.994406 0.013159 0.632812 0.750000
0.727524 -0.747811 0.001871 0.104803 -0.994406 0.013159 0.625000 0.750000
0.767752 -0.789132 -3.441023 0.104803 -0.994406 0.013159 0.625000 0.625000
0.995667 -0.596613 -3.441023 0.108858 -0.994000 0.010665 0.664062 0.625000
0.943486 -0.565388 0.001871 0.108858 -0.994000 0.010665 0.664062 0.750000
0.857572 -0.574797 0.001871 0.108858 -0.994000 0.010665 0.656250 0.750000
0.904998 -0.606542 -3.441023 0.108858 -0.994000 0.010665 0.656250 0.625000
1.093001 -0.390881 -3.441023 0.161223 -0.986880 0.008624 0.695312 0.625000
1.035716 -0.370445 0.001871 0.161223 -0.986880 0.008624 0.695312 0.750000
0.951368 -0.384088 -0.015888 0.161223 -0.986880 0.008624 0.687500 0.750000
1.003986 -0.405278 -3.391104 0.161223 -0.986880 0.008624 0.687500 0.625000
1.148329 -0.170113 -3.441023 0.348877 -0.937130 0.008510 0.726562 0.625000
1.088141 -0.161256 0.001871 0.348877 -0.937130 0.008510 0.726562 0.750000
1.012545 -0.189399 0.001871 0.348877 -0.937130 0.008510 0.718750 0.750000
1.068548 -0.199814 -3.441023 0.348877 -0.937130 0.008510 0.718750 0.625000
1.159523 0.057207 -3.441023 0.925690 -0.377945 0.016004 0.757812 0.625000
1.098749 0.054142 0.001871 0.925690 -0.377945 0.016004 0.757812 0.750000
1.072886 -0.009203 0.001871 0.925690 -0.377945 0.016004 0.750000 0.750000
1.132229 -0.009644 -3.441023 0.925690 -0.377945 0.016004 0.750000 0.625000
1.126155 0.282342 -3.441023 0.935088 -0.354118 0.014501 0.789062 0.625000
1.067130 0.267471 0.001871 0.935088 -0.354118 0.014501 0.789062 0.750000
1.043564 0.205242 0.001871 0.935088 -0.354118 0.014501 0.781250 0.750000
1.101284 0.216669 -3.441023 0.935088 -0.354118 0.014501 0.781250 0.625000
1.049505 0.496642 -3.441023 0.942366 -0.334349 0.012520 0.820312 0.625000
0.994501 0.470532 0.001871 0.942366 -0.334349 0.012520 0.820312 0.750000
0.972970 0.409846 0.001871 0.942366 -0.334349 0.012520 0.812500 0.750000
1.026783 0.432597 -3.441023 0.942366 -0.334349 0.012520 0.812500 0.625000
0.932521 0.691871 -3.441023 0.979303 -0.202058 0.011767 0.851562 0.625000
0.883652 0.655522 0.001871 0.979303 -0.202058 0.011767 0.851562 0.750000
0.869528 0.587066 0.001871 0.979303 -0.202058 0.011767 0.843750 0.750000
0.917615 0.619626 -3.441023 0.979303 -0.202058 0.011767 0.843750 0.625000
0.779698 0.860526 -3.441023 0.993205 0.115619 0.013303 0.882812 0.625000
0.738843 0.815332 0.001871 0.993205 0.115619 0.013303 0.882812 0.750000
0.750107 0.718571 0.001871 0.993205 0.115619 0.013303 0.875000 0.750000
0.791585 0.758409 -3.441023 0.993205 0.115619 0.013303 0.875000 0.625000
0.596908 0.996126 -3.441023 0.987364 0.158058 0.011369 0.914062 0.625000
0.565639 0.943821 0.001871 0.987364 0.158058 0.011369 0.914062 0.750000
0.580228 0.852688 0.001871 0.987364 0.158058 0.011369 0.906250 0.750000
0.612304 0.899949 -3.441023 0.987364 0.158058 0.011369 0.906250 0.625000
0.391176 1.093459 -3.441023 0.991645 0.128741 0.008072 0.945312 0.625000
0.370697 1.036050 0.001871 0.991645 0.128741 0.008072 0.945312 0.750000
0.381920 0.951087 -0.033126 0.991645 0.128741 0.008072 0.937500 0.750000
0.403021 1.003794 -3.454738 0.991645 0.128741 0.008072 0.937500 0.625000
0.170408 1.148787 -3.441023 0.863514 0.504204 0.011065 0.976562 0.625000
0.161507 1.088476 0.001871 0.863514 0.504204 0.011065 0.976562 0.750000
0.198867 1.024492 0.001871 0.863514 0.504204 0.011065 0.968750 0.750000
0.209836 1.081262 -3.441023 0.863514 0.504204 0.011065 0.968750 0.625000
-0.058759 -1.065523 0.001871 0.491825 -0.870623 0.011102 0.492188 0.750000
-0.056243 -1.020246 3.441023 0.491825 -0.870623 0.011102 0.492188 0.875000
-0.103138 -1.046738 3.441023 0.491825 -0.870623 0.011102 0.484375 0.875000
-0.107741 -1.093194 0.001871 0.491825 -0.870623 0.011102 0.484375 0.750000
-0.251424 -1.026660 0.001871 0.445329 -0.895312 0.009967 0.461795 0.750000
-0.240700 -0.983039 3.441023 0.445329 -0.895312 0.009967 0.461795 0.875000
-0.294516 -1.009807 3.441023 0.445329 -0.895312 0.009967 0.454840 0.875000
-0.307634 -1.054619 0.001871 0.445329 -0.895312 0.009967 0.454840 0.750000
-0.454538 -0.964658 0.001871 0.064218 -0.997869 0.011529 0.429688 0.750000
-0.435161 -0.923678 3.441023 0.064218 -0.997869 0.011529 0.429688 0.875000
-0.495922 -0.927588 3.441023 0.064218 -0.997869 0.011529 0.421875 0.875000
-0.518002 -0.968742 0.001871 0.064218 -0.997869 0.011529 0.421875 0.750000
-0.620420 -0.847198 0.001871 0.024443 -0.999648 0.010269 0.398438 0.750000
-0.593976 -0.811222 3.441023 0.024443 -0.999648 0.010269 0.398438 0.875000
-0.667389 -0.813017 3.441023 0.024443 -0.999648 0.010269 0.390625 0.875000
-0.697099 -0.849073 0.001871 0.024443 -0.999648 0.010269 0.390625 0.750000
-0.773897 -0.717924 0.001871 -0.165521 -0.986152 0.010324 0.368107 0.750000
-0.740916 -0.687455 3.441023 -0.165521 -0.986152 0.010324 0.368107 0.875000
-0.805477 -0.676619 3.441023 -0.165521 -0.986152 0.010324 0.361213 0.875000
-0.841331 -0.706605 0.001871 -0.165521 -0.986152 0.010324 0.361213 0.750000
-0.881945 -0.532754 0.001871 -0.170607 -0.985304 0.008334 0.335938 0.750000
-0.844361 -0.510173 3.441023 -0.170607 -0.985304 0.008334 0.335938 0.875000
-0.927781 -0.495729 3.441023 -0.170607 -0.985304 0.008334 0.328125 0.875000
-0.969077 -0.517667 0.001871 -0.170607 -0.985304 0.008334 0.328125 0.750000
-0.996089 -0.349778 0.001871 -0.489541 -0.871925 0.009791 0.304688 0.750000
-0.953642 -0.334993 3.441023 -0.489541 -0.871925 0.009791 0.304688 0.875000
-1.006698 -0.305204 3.441023 -0.489541 -0.871925 0.009791 0.296875 0.875000
-1.051506 -0.318664 0.001871 -0.489541 -0.871925 0.009791 0.296875 0.750000
-1.052662 -0.157346 0.001871 -0.773869 -0.633245 0.011307 0.273438 0.750000
-1.007805 -0.150759 3.441023 -0.773869 -0.633245 0.011307 0.273438 0.875000
-1.046930 -0.102945 3.441023 -0.773869 -0.633245 0.011307 0.265625 0.875000
-1.093528 -0.107405 0.001871 -0.773869 -0.633245 0.011307 0.265625 0.750000
-1.041202 0.054239 0.001871 -0.716534 -0.697497 0.008752 0.242188 0.750000
-0.996833 0.051813 3.441023 -0.716534 -0.697497 0.008752 0.242188 0.875000
-1.046930 0.103277 3.441023 -0.716534 -0.697497 0.008752 0.234375 0.875000
-1.093528 0.107993 0.001871 -0.716534 -0.697497 0.008752 0.234375 0.750000
-0.998662 0.196529 0.001871 -0.895656 -0.444636 0.009986 0.211700 0.750000
-0.956105 0.188041 3.441023 -0.895656 -0.444636 0.009986 0.211700 0.875000
-1.009632 0.295863 3.441023 -0.895656 -0.444636 0.009986 0.204649 0.875000
-1.054570 0.309149 0.001871 -0.895656 -0.444636 0.009986 0.204649 0.750000
-0.935889 0.408356 0.001871 -0.957258 -0.289076 0.009629 0.179688 0.750000
-0.896006 0.390844 3.441023 -0.957258 -0.289076 0.009629 0.179688 0.875000
-0.927780 0.496060 3.441023 -0.957258 -0.289076 0.009629 0.171875 0.875000
-0.969076 0.518254 0.001871 -0.957258 -0.289076 0.009629 0.171875 0.750000
-0.835229 0.599082 0.001871 -0.989710 -0.142795 0.009179 0.148438 0.750000
-0.799635 0.573445 3.441023 -0.989710 -0.142795 0.009179 0.148438 0.875000
-0.813209 0.667527 3.441023 -0.989710 -0.142795 0.009179 0.140625 0.875000
-0.849407 0.697351 0.001871 -0.989710 -0.142795 0.009179 0.140625 0.750000
-0.699294 0.766506 0.001871 -0.999611 0.026410 0.008914 0.117188 0.750000
-0.669491 0.733736 3.441023 -0.999611 0.026410 0.008914 0.117188 0.875000
-0.667388 0.813348 3.441023 -0.999611 0.026410 0.008914 0.109375 0.875000
-0.697097 0.849660 0.001871 -0.999611 0.026410 0.008914 0.109375 0.750000
-0.533309 0.904193 0.001871 -0.973435 0.228785 0.009004 0.085938 0.750000
-0.510577 0.865557 3.441023 -0.973435 0.228785 0.009004 0.085938 0.875000
-0.495920 0.927919 3.441023 -0.973435 0.228785 0.009004 0.078125 0.875000
-0.518000 0.969329 0.001871 -0.973435 0.228785 0.009004 0.078125 0.750000
-0.343652 1.006852 0.001871 -0.876542 0.481226 0.009753 0.054688 0.750000
-0.328999 0.963843 3.441023 -0.876542 0.481226 0.009753 0.054688 0.875000
-0.305396 1.006836 3.441023 -0.876542 0.481226 0.009753 0.046875 0.875000
-0.318998 1.051758 0.001871 -0.876542 0.481226 0.009753 0.046875 0.750000
-0.142406 1.045618 0.001871 -0.811577 0.584176 0.009021 0.023438 0.750000
-0.136327 1.000958 3.441023 -0.811577 0.584176 0.009021 0.023438 0.875000
-0.103137 1.047068 3.441023 -0.811577 0.584176 0.009021 0.015625 0.875000
-0.107740 1.093780 0.001871 -0.811577 0.584176 0.009021 0.015625 0.750000
0.043073 1.043866 0.001871 -0.611478 0.791199 0.009933 0.992188 0.750000
0.041251 0.999280 3.441023 -0.611478 0.791199 0.009933 0.992188 0.875000
0.103084 1.047067 3.441023 -0.611478 0.791199 0.009933 0.984375 0.875000
0.107658 1.093779 0.001871 -0.611478 0.791199 0.009933 0.984375 0.750000
0.250935 1.009767 0.001871 -0.525483 0.850756 0.009038 0.960938 0.750000
0.240258 0.966634 3.441023 -0.525483 0.850756 0.009038 0.960938 0.875000
0.305343 1.006836 3.441023 -0.525483 0.850756 0.009038 0.953125 0.875000
0.318917 1.051757 0.001871 -0.525483 0.850756 0.009038 0.953125 0.750000
0.430115 0.926487 -0.033126 -0.451010 0.892482 0.008168 0.929688 0.750000
0.417097 0.886902 3.441023 -0.451010 0.892482 0.008168 0.929688 0.875000
0.495867 0.927918 3.441023 -0.451010 0.892482 0.008168 0.921875 0.875000
0.517919 0.969328 0.001871 -0.451010 0.892482 0.008168 0.921875 0.750000
0.622698 0.819159 0.001871 -0.379664 0.925102 0.006491 0.898438 0.750000
0.596183 0.784146 3.441023 -0.379664 0.925102 0.006491 0.898438 0.875000
0.667334 0.813347 3.441023 -0.379664 0.925102 0.006491 0.890625 0.875000
0.697016 0.849659 0.001871 -0.379664 0.925102 0.006491 0.890625 0.750000
0.785220 0.677401 0.001871 -0.297136 0.954821 0.005155 0.867188 0.750000
0.751781 0.648427 3.441023 -0.297136 0.954821 0.005155 0.867188 0.875000
0.813155 0.667526 3.441023 -0.297136 0.954821 0.005155 0.859375 0.875000
0.849325 0.697350 0.001871 -0.297136 0.954821 0.005155 0.859375 0.750000
0.896816 0.540341 0.001871 0.292614 0.956182 0.009682 0.835938 0.750000
0.858623 0.517206 3.441023 0.292614 0.956182 0.009682 0.835938 0.875000
0.927726 0.496059 3.441023 0.292614 0.956182 0.009682 0.828125 0.875000
0.968994 0.518253 0.001871 0.292614 0.956182 0.009682 0.828125 0.750000
0.825060 -0.618050 0.001871 0.955598 0.294579 0.007517 0.648438 0.750000
0.789924 -0.591836 3.441023 0.955598 0.294579 0.007517 0.648438 0.875000
0.813155 -0.667197 3.441023 0.955598 0.294579 0.007517 0.640625 0.875000
0.849325 -0.696764 0.001871 0.955598 0.294579 0.007517 0.640625 0.750000
0.155424 -1.040331 0.000000 0.742017 -0.670305 0.010039 0.523438 0.750000
0.148815 -0.996127 3.441023 0.742017 -0.670305 0.010039 0.523438 0.875000
0.103083 -1.046738 3.441023 0.742017 -0.670305 0.010039 0.515625 0.875000
0.107657 -1.093194 0.001871 0.742017 -0.670305 0.010039 0.515625 0.750000
0.341782 -0.967330 0.000000 0.964762 -0.263026 0.007222 0.554688 0.750000
0.327234 -0.926236 3.441023 0.964762 -0.263026 0.007222 0.554688 0.875000
0.305343 -1.006506 3.441023 0.964762 -0.263026 0.007222 0.546875 0.875000
0.318917 -1.051172 0.001871 0.964762 -0.263026 0.007222 0.546875 0.750000
0.547504 -0.891430 0.001871 0.933901 -0.357383 0.010265 0.585938 0.750000
0.524192 -0.853570 3.441023 0.933901 -0.357383 0.010265 0.585938 0.875000
0.495867 -0.927588 3.441023 0.933901 -0.357383 0.010265 0.578125 0.875000
0.517918 -0.968742 0.001871 0.933901 -0.357383 0.010265 0.578125 0.750000
0.687198 -0.783890 0.001871 0.988823 0.148929 0.006973 0.617188 0.750000
0.657935 -0.750611 3.441023 0.988823 0.148929 0.006973 0.617188 0.875000
0.667334 -0.813017 3.441023 0.988823 0.148929 0.006973 0.609375 0.875000
0.697016 -0.849074 0.001871 0.988823 0.148929 0.006973 0.609375 0.750000
0.990618 0.358695 0.001871 0.544194 0.838895 0.010431 0.804688 0.750000
0.948429 0.343299 3.441023 0.544194 0.838895 0.010431 0.804688 0.875000
1.006643 0.305535 3.441023 0.544194 0.838895 0.010431 0.796875 0.875000
1.051423 0.319251 0.001871 0.544194 0.838895 0.010431 0.796875 0.750000
1.050895 0.151631 0.001871 0.715941 0.698079 0.010652 0.773438 0.750000
1.006138 0.145056 3.441023 0.715941 0.698079 0.010652 0.773438 0.875000
1.046875 0.103276 3.441023 0.715941 0.698079 0.010652 0.765625 0.875000
1.093445 0.107992 0.001871 0.715941 0.698079 0.010652 0.765625 0.750000
1.069617 -0.063214 0.001871 0.880144 0.474573 0.011303 0.742188 0.750000
1.024062 -0.060636 3.441023 0.880144 0.474573 0.011303 0.742188 0.875000
1.046875 -0.102946 3.441023 0.880144 0.474573 0.011303 0.734375 0.875000
1.093445 -0.107406 0.001871 0.880144 0.474573 0.011303 0.734375 0.750000
0.999060 -0.241802 0.001871 0.826415 0.562996 0.008557 0.710938 0.750000
0.956511 -0.231616 3.441023 0.826415 0.562996 0.008557 0.710938 0.875000
1.006644 -0.305205 3.441023 0.826415 0.562996 0.008557 0.703125 0.875000
1.051423 -0.318665 0.001871 0.826415 0.562996 0.008557 0.703125 0.750000
0.927919 -0.432853 -0.015888 0.894103 0.447786 0.008195 0.679688 0.750000
0.888401 -0.419684 3.441023 0.894103 0.447786 0.008195 0.679688 0.875000
0.927726 -0.495729 3.441023 0.894103 0.447786 0.008195 0.671875 0.875000
0.968994 -0.517667 0.001871 0.894103 0.447786 0.008195 0.671875 0.750000
-0.053891 1.099083 0.001871 0.776280 0.630337 0.008082 0.007812 0.750000
-0.051582 1.052145 3.441023 0.776280 0.630337 0.008082 0.007812 0.875000
-0.010504 1.001556 3.441023 0.776280 0.630337 0.008082 0.000000 0.875000
-0.010984 1.046243 0.001871 0.776280 0.630337 0.008082 0.000000 0.750000
-0.267218 1.067465 0.001871 0.388336 0.921453 0.010928 0.039062 0.750000
-0.255822 1.021874 3.441023 0.388336 0.921453 0.010928 0.039062 0.875000
-0.187531 0.993094 3.441023 0.388336 0.921453 0.010928 0.031250 0.875000
-0.195889 1.037404 0.001871 0.388336 0.921453 0.010928 0.031250 0.750000
-0.470279 0.994836 0.001871 0.085129 0.996300 0.011815 0.070312 0.750000
-0.450232 0.952339 3.441023 0.085129 0.996300 0.011815 0.070312 0.875000
-0.377685 0.946140 3.441023 0.085129 0.996300 0.011815 0.062500 0.875000
-0.394504 0.988361 0.001871 0.085129 0.996300 0.011815 0.062500 0.750000
-0.655270 0.883987 0.001871 0.103161 0.994614 0.010087 0.101562 0.750000
-0.627342 0.846213 3.441023 0.103161 0.994614 0.010087 0.101562 0.875000
-0.554874 0.838696 3.441023 0.103161 0.994614 0.010087 0.093750 0.875000
-0.579577 0.876136 0.001871 0.103161 0.994614 0.010087 0.093750 0.750000
-0.815080 0.739179 0.001871 0.120573 0.992673 0.007905 0.132812 0.750000
-0.780344 0.707573 3.441023 0.120573 0.992673 0.007905 0.132812 0.875000
-0.707697 0.698749 3.441023 0.120573 0.992673 0.007905 0.125000 0.875000
-0.739200 0.729962 0.001871 0.120573 0.992673 0.007905 0.125000 0.750000
-0.943569 0.565975 0.001871 0.136524 0.990622 0.005382 0.164062 0.750000
-0.903359 0.541748 3.441023 0.136524 0.990622 0.005382 0.164062 0.875000
-0.830280 0.531677 3.441023 0.136524 0.990622 0.005382 0.156250 0.875000
-0.867238 0.555455 0.001871 0.136524 0.990622 0.005382 0.156250 0.750000
-1.037331 0.365981 0.001871 0.084449 0.996422 0.003465 0.196075 0.750000
-0.993126 0.350274 3.441023 0.084449 0.996422 0.003465 0.196075 0.875000
-0.917915 0.343900 3.441023 0.084449 0.996422 0.003465 0.187500 0.875000
-0.958772 0.359323 0.001871 0.084449 0.996422 0.003465 0.187500 0.750000
-1.088224 0.161843 0.001871 0.161332 0.986900 -0.000164 0.226562 0.750000
-1.041852 0.154832 3.441023 0.161332 0.986900 -0.000164 0.226562 0.875000
-0.967231 0.142634 3.441023 0.161332 0.986900 -0.000164 0.218750 0.875000
-1.010283 0.149101 0.001871 0.161332 0.986900 -0.000164 0.218750 0.750000
-1.098832 -0.053556 0.001871 -0.664933 0.746854 0.008583 0.257812 0.750000
-1.052008 -0.051390 3.441023 -0.664933 0.746854 0.008583 0.257812 0.875000
-0.994203 0.000075 3.441023 -0.664933 0.746854 0.008583 0.250000 0.875000
-1.038455 0.000199 0.001871 -0.664933 0.746854 0.008583 0.250000 0.750000
-1.067213 -0.266884 0.001871 -0.880370 0.474179 0.010090 0.289062 0.750000
-1.021736 -0.255630 3.441023 -0.880370 0.474179 0.010090 0.289062 0.875000
-0.991787 -0.200025 3.441023 -0.880370 0.474179 0.010090 0.281250 0.875000
-1.035931 -0.208805 0.001871 -0.880370 0.474179 0.010090 0.281250 0.750000
-0.994584 -0.469946 0.001871 -0.961742 0.273763 0.010268 0.320312 0.750000
-0.952201 -0.450041 3.441023 -0.961742 0.273763 0.010268 0.320312 0.875000
-0.932975 -0.382496 3.441023 -0.961742 0.273763 0.010268 0.312500 0.875000
-0.974502 -0.399396 0.001871 -0.961742 0.273763 0.010268 0.312500 0.750000
-0.879697 -0.659857 0.001871 -0.944978 0.327044 0.007639 0.352482 0.750000
-0.842208 -0.631862 3.441023 -0.944978 0.327044 0.007639 0.352482 0.875000
-0.814822 -0.552732 3.441023 -0.944978 0.327044 0.007639 0.343750 0.875000
-0.851093 -0.577206 0.001871 -0.944978 0.327044 0.007639 0.343750 0.750000
-0.738927 -0.814746 0.001871 -0.999949 0.004449 0.009112 0.382812 0.750000
-0.707435 -0.780152 3.441023 -0.999949 0.004449 0.009112 0.382812 0.875000
-0.707160 -0.718276 3.441023 -0.999949 0.004449 0.009112 0.375000 0.875000
-0.738639 -0.750117 0.001871 -0.999949 0.004449 0.009112 0.375000 0.750000
-0.565723 -0.943235 0.001871 -0.992454 -0.122327 0.008384 0.414062 0.750000
-0.541610 -0.903167 3.441023 -0.992454 -0.122327 0.008384 0.414062 0.875000
-0.549640 -0.838018 3.441023 -0.992454 -0.122327 0.008384 0.406250 0.875000
-0.574110 -0.875187 0.001871 -0.992454 -0.122327 0.008384 0.406250 0.750000
-0.365097 -1.037188 0.001871 -0.779839 -0.625874 0.011550 0.446170 0.750000
-0.349531 -0.993118 3.441023 -0.779839 -0.625874 0.011550 0.446170 0.875000
-0.388020 -0.945160 3.441023 -0.779839 -0.625874 0.011550 0.437500 0.875000
-0.405299 -0.987096 0.001871 -0.779839 -0.625874 0.011550 0.437500 0.750000
-0.161590 -1.087890 0.001871 -0.759774 -0.650106 0.010262 0.476562 0.750000
-0.154694 -1.041660 3.441023 -0.759774 -0.650106 0.010262 0.476562 0.875000
-0.195809 -0.993609 3.441023 -0.759774 -0.650106 0.010262 0.468750 0.875000
-0.204535 -1.037701 0.001871 -0.759774 -0.650106 0.010262 0.468750 0.750000
0.053808 -1.098497 0.001871 -0.472261 -0.881382 0.011651 0.507812 0.750000
0.051528 -1.051816 3.441023 -0.472261 -0.881382 0.011651 0.507812 0.875000
-0.004462 -1.021815 3.441023 -0.472261 -0.881382 0.011651 0.500000 0.875000
-0.004673 -1.067162 0.001871 -0.472261 -0.881382 0.011651 0.500000 0.750000
0.267136 -1.066879 0.001871 -0.519788 -0.854242 0.009540 0.539062 0.750000
0.255769 -1.021544 3.441023 -0.519788 -0.854242 0.009540 0.539062 0.875000
0.199908 -0.987564 3.441023 -0.519788 -0.854242 0.009540 0.531250 0.875000
0.208790 -1.031387 0.000000 -0.519788 -0.854242 0.009540 0.531250 0.750000
0.470198 -0.994250 0.001871 -0.509748 -0.860290 0.007597 0.570312 0.750000
0.450179 -0.952009 3.441023 -0.509748 -0.860290 0.007597 0.570312 0.875000
0.375674 -0.907870 3.441023 -0.509748 -0.860290 0.007597 0.562500 0.875000
0.392377 -0.948147 0.000000 -0.509748 -0.860290 0.007597 0.562500 0.750000
0.655188 -0.883401 0.001871 -0.383651 -0.923452 0.006960 0.601562 0.750000
0.627289 -0.845882 3.441023 -0.383651 -0.923452 0.006960 0.601562 0.875000
0.562899 -0.819138 3.441023 -0.383651 -0.923452 0.006960 0.593750 0.875000
0.587933 -0.855467 0.000000 -0.383651 -0.923452 0.006960 0.593750 0.750000
0.814998 -0.738592 0.001871 0.104807 -0.994441 0.010122 0.632812 0.750000
0.780290 -0.707242 3.441023 0.104807 -0.994441 0.010122 0.632812 0.875000
0.696543 -0.716069 3.441023 0.104807 -0.994441 0.010122 0.625000 0.875000
0.727524 -0.747811 0.001871 0.104807 -0.994441 0.010122 0.625000 0.750000
0.943486 -0.565388 0.001871 0.108860 -0.994023 0.008200 0.664062 0.750000
0.903305 -0.541417 3.441023 0.108860 -0.994023 0.008200 0.664062 0.875000
0.821051 -0.550425 3.441023 0.108860 -0.994023 0.008200 0.656250 0.875000
0.857572 -0.574797 0.001871 0.108860 -0.994023 0.008200 0.656250 0.750000
1.035716 -0.370445 0.001871 0.188836 -0.981990 0.006128 0.695312 0.750000
0.991605 -0.354779 3.441023 0.188836 -0.981990 0.006128 0.695312 0.875000
0.910851 -0.372996 3.441023 0.188836 -0.981990 0.006128 0.687500 0.875000
0.951368 -0.384088 -0.015888 0.188836 -0.981990 0.006128 0.687500 0.750000
1.088141 -0.161256 0.001871 0.348882 -0.937144 0.006542 0.726562 0.750000
1.041798 -0.154501 3.441023 0.348882 -0.937144 0.006542 0.726562 0.875000
0.969421 -0.181446 3.441023 0.348882 -0.937144 0.006542 0.718750 0.875000
1.012545 -0.189399 0.001871 0.348882 -0.937144 0.006542 0.718750 0.750000
1.098749 0.054142 0.001871 0.925738 -0.377964 0.012330 0.757812 0.750000
1.051953 0.051720 3.441023 0.925738 -0.377964 0.012330 0.757812 0.875000
1.027192 -0.008926 3.441023 0.925738 -0.377964 0.012330 0.750000 0.875000
1.072886 -0.009203 0.001871 0.925738 -0.377964 0.012330 0.750000 0.750000
1.067130 0.267471 0.001871 0.935128 -0.354133 0.011173 0.789062 0.750000
1.021682 0.255961 3.441023 0.935128 -0.354133 0.011173 0.789062 0.875000
0.999120 0.196383 3.441023 0.935128 -0.354133 0.011173 0.781250 0.875000
1.043564 0.205242 0.001871 0.935128 -0.354133 0.011173 0.781250 0.750000
0.994501 0.470532 0.001871 0.942396 -0.334360 0.009646 0.820312 0.750000
0.952146 0.450371 3.441023 0.942396 -0.334360 0.009646 0.820312 0.875000
0.931533 0.392271 3.441023 0.942396 -0.334360 0.009646 0.812500 0.875000
0.972970 0.409846 0.001871 0.942396 -0.334360 0.009646 0.812500 0.750000
0.883652 0.655522 0.001871 0.979330 -0.202063 0.009069 0.851562 0.750000
0.846020 0.627481 3.441023 0.979330 -0.202063 0.009069 0.851562 0.875000
0.832497 0.561941 3.441023 0.979330 -0.202063 0.009069 0.843750 0.875000
0.869528 0.587066 0.001871 0.979330 -0.202063 0.009069 0.843750 0.750000
0.738843 0.815332 0.001871 0.993240 0.115624 0.010258 0.882812 0.750000
0.707380 0.780482 3.441023 0.993240 0.115624 0.010258 0.882812 0.875000
0.718164 0.687844 3.441023 0.993240 0.115624 0.010258 0.875000 0.875000
0.750107 0.718571 0.001871 0.993240 0.115624 0.010258 0.875000 0.750000
0.565639 0.943821 0.001871 0.987390 0.158062 0.008768 0.914062 0.750000
0.541555 0.903497 3.441023 0.987390 0.158062 0.008768 0.914062 0.875000
0.555522 0.816247 3.441023 0.987390 0.158062 0.008768 0.906250 0.875000
0.580228 0.852688 0.001871 0.987390 0.158062 0.008768 0.906250 0.750000
0.370697 1.036050 0.001871 0.987007 0.160571 0.005790 0.945312 0.750000
0.354917 0.991797 3.441023 0.987007 0.160571 0.005790 0.945312 0.875000
0.370955 0.910454 3.441023 0.987007 0.160571 0.005790 0.937500 0.875000
0.381920 0.951087 -0.033126 0.987007 0.160571 0.005790 0.937500 0.750000
0.161507 1.088476 0.001871 0.863535 0.504217 0.008540 0.976562 0.750000
0.154639 1.041990 3.441023 0.863535 0.504217 0.008540 0.976562 0.875000
0.190408 0.980732 3.441023 0.863535 0.504217 0.008540 0.968750 0.875000
0.198867 1.024492 0.001871 0.863535 0.504217 0.008540 0.968750 0.750000
0.170596 1.148059 -5.161534 0.863567 0.504235 -0.000119 0.976562 0.562500
0.170408 1.148787 -3.441023 0.863567 0.504235 -0.000119 0.976562 0.625000
0.209836 1.081262 -3.441023 0.863567 0.504235 -0.000119 0.968750 0.625000
0.209997 1.080580 -5.161534 0.863567 0.504235 -0.000119 0.968750 0.562500
0.391211 1.092770 -5.161534 0.991387 0.130964 -0.000032 0.945312 0.562500
0.391176 1.093459 -3.441023 0.991387 0.130964 -0.000032 0.945312 0.625000
0.403021 1.003794 -3.454738 0.991387 0.130964 -0.000032 0.937500 0.625000
0.403048 1.003166 -5.175250 0.991387 0.130964 -0.000032 0.937500 0.562500
0.596801 0.995503 -5.161534 0.987428 0.158068 -0.000119 0.914062 0.562500
0.596908 0.996126 -3.441023 0.987428 0.158068 -0.000119 0.914062 0.625000
0.612304 0.899949 -3.441023 0.987428 0.158068 -0.000119 0.906250 0.625000
0.612186 0.899393 -5.161534 0.987428 0.158068 -0.000119 0.906250 0.562500
0.779464 0.859997 -5.161534 0.993292 0.115630 -0.000170 0.882812 0.562500
0.779698 0.860526 -3.441023 0.993292 0.115630 -0.000170 0.882812 0.625000
0.791585 0.758409 -3.441023 0.993292 0.115630 -0.000170 0.875000 0.625000
0.791344 0.757951 -5.161534 0.993292 0.115630 -0.000170 0.875000 0.562500
0.932182 0.691459 -5.161534 0.979371 -0.202072 -0.000145 0.851562 0.562500
0.932521 0.691871 -3.441023 0.979371 -0.202072 -0.000145 0.851562 0.625000
0.917615 0.619626 -3.441023 0.979371 -0.202072 -0.000145 0.843750 0.625000
0.917286 0.619264 -5.161534 0.979371 -0.202072 -0.000145 0.843750 0.562500
1.049085 0.496365 -5.161534 0.942440 -0.334375 -0.000176 0.820312 0.562500
1.049505 0.496642 -3.441023 0.942440 -0.334375 -0.000176 0.820312 0.625000
1.026783 0.432597 -3.441023 0.942440 -0.334375 -0.000176 0.812500 0.625000
1.026378 0.432365 -5.161534 0.942440 -0.334375 -0.000176 0.812500 0.562500
1.125681 0.282214 -5.161534 0.935187 -0.354155 -0.000231 0.789062 0.562500
1.126155 0.282342 -3.441023 0.935187 -0.354155 -0.000231 0.789062 0.625000
1.101284 0.216669 -3.441023 0.935187 -0.354155 -0.000231 0.781250 0.625000
1.100828 0.216586 -5.161534 0.935187 -0.354155 -0.000231 0.781250 0.562500
1.159027 0.057234 -5.161534 0.925809 -0.377992 -0.000273 0.757812 0.562500
1.159523 0.057207 -3.441023 0.925809 -0.377992 -0.000273 0.757812 0.625000
1.132229 -0.009644 -3.441023 0.925809 -0.377992 -0.000273 0.750000 0.625000
1.131751 -0.009571 -5.161534 0.925809 -0.377992 -0.000273 0.750000 0.562500
1.147840 -0.169928 -5.161534 0.348890 -0.937164 -0.000200 0.726562 0.562500
1.148329 -0.170113 -3.441023 0.348890 -0.937164 -0.000200 0.726562 0.625000
1.068548 -0.199814 -3.441023 0.348890 -0.937164 -0.000200 0.718750 0.625000
1.068114 -0.199609 -5.161534 0.348890 -0.937164 -0.000200 0.718750 0.562500
1.092551 -0.390543 -5.161534 0.159621 -0.987178 -0.000231 0.695312 0.562500
1.093001 -0.390881 -3.441023 0.159621 -0.987178 -0.000231 0.695312 0.625000
1.003986 -0.405278 -3.391104 0.159621 -0.987178 -0.000231 0.687500 0.625000
1.003597 -0.404931 -5.172100 0.159621 -0.987178 -0.000231 0.687500 0.562500
0.995284 -0.596133 -5.161534 0.108864 -0.994057 -0.000301 0.664062 0.562500
0.995667 -0.596613 -3.441023 0.108864 -0.994057 -0.000301 0.664062 0.625000
0.904998 -0.606542 -3.441023 0.108864 -0.994057 -0.000301 0.656250 0.625000
0.904678 -0.606056 -5.161534 0.108864 -0.994057 -0.000301 0.656250 0.562500
0.859778 -0.778796 -5.161534 0.104812 -0.994492 -0.000368 0.632812 0.562500
0.860068 -0.779403 -3.441023 0.104812 -0.994492 -0.000368 0.632812 0.625000
0.767752 -0.789132 -3.441023 0.104812 -0.994492 -0.000368 0.625000 0.625000
0.767527 -0.788519 -5.161534 0.104812 -0.994492 -0.000368 0.625000 0.562500
0.691240 -0.931514 -5.161534 -0.383577 -0.923509 -0.000344 0.601562 0.562500
0.691413 -0.932226 -3.441023 -0.383577 -0.923509 -0.000344 0.601562 0.625000
0.620435 -0.902746 -3.441023 -0.383577 -0.923509 -0.000344 0.593750 0.625000
0.620312 -0.902054 -5.161534 -0.383577 -0.923509 -0.000344 0.593750 0.562500
0.496147 -1.048417 -5.161534 -0.509693 -0.860356 -0.000385 0.570312 0.562500
0.496184 -1.049210 -3.441023 -0.509693 -0.860356 -0.000385 0.570312 0.625000
0.414056 -1.000556 -3.441023 -0.509693 -0.860356 -0.000385 0.562500 0.625000
0.414076 -0.999797 -5.161534 -0.509693 -0.860356 -0.000385 0.562500 0.562500
0.281995 -1.125013 -5.161534 -0.519697 -0.854351 -0.000453 0.539062 0.562500
0.281884 -1.125859 -3.441023 -0.519697 -0.854351 -0.000453 0.539062 0.625000
0.220308 -1.088403 -3.441023 -0.519697 -0.854351 -0.000453 0.531250 0.625000
0.220462 -1.087583 -5.161534 -0.519697 -0.854351 -0.000453 0.531250 0.562500
0.057015 -1.158359 -5.161534 -0.472292 -0.881442 -0.000518 0.507812 0.562500
0.056748 -1.159228 -3.441023 -0.472292 -0.881442 -0.000518 0.507812 0.625000
-0.004970 -1.126158 -3.441023 -0.472292 -0.881442 -0.000518 0.500000 0.625000
-0.004660 -1.125312 -5.161534 -0.472292 -0.881442 -0.000518 0.500000 0.562500
-0.170148 -1.147172 -5.161534 -0.759815 -0.650140 -0.000513 0.476562 0.562500
-0.170572 -1.148033 -3.441023 -0.759815 -0.650140 -0.000513 0.476562 0.625000
-0.215893 -1.095066 -3.441023 -0.759815 -0.650140 -0.000513 0.468750 0.625000
-0.215438 -1.094242 -5.161534 -0.759815 -0.650140 -0.000513 0.468750 0.562500
-0.384769 -1.093701 -5.161534 -0.779891 -0.625915 -0.000559 0.446170 0.562500
-0.385342 -1.094525 -3.441023 -0.779891 -0.625915 -0.000559 0.446170 0.625000
-0.427769 -1.041661 -3.441023 -0.779891 -0.625915 -0.000559 0.437500 0.625000
-0.427167 -1.040873 -5.161534 -0.779891 -0.625915 -0.000559 0.437500 0.562500
-0.596352 -0.994616 -5.161534 -0.992489 -0.122332 -0.000469 0.414062 0.562500
-0.597071 -0.995372 -3.441023 -0.992489 -0.122332 -0.000469 0.414062 0.625000
-0.605923 -0.923558 -3.441023 -0.992489 -0.122332 -0.000469 0.406250 0.625000
-0.605198 -0.922852 -5.161534 -0.992489 -0.122332 -0.000469 0.406250 0.562500
-0.779016 -0.859110 -5.161534 -0.999990 0.004450 -0.000490 0.382812 0.562500
-0.779861 -0.859772 -3.441023 -0.999990 0.004450 -0.000490 0.382812 0.625000
-0.779558 -0.791566 -3.441023 -0.999990 0.004450 -0.000490 0.375000 0.625000
-0.778712 -0.790951 -5.161534 -0.999990 0.004450 -0.000490 0.375000 0.562500
-0.927474 -0.695761 -5.161534 -0.945006 0.327054 -0.000417 0.352482 0.562500
-0.928423 -0.696310 -3.441023 -0.945006 0.327054 -0.000417 0.352482 0.625000
-0.898235 -0.609085 -3.441023 -0.945006 0.327054 -0.000417 0.343750 0.625000
-0.897308 -0.608596 -5.161534 -0.945006 0.327054 -0.000417 0.343750 0.562500
-1.048636 -0.495478 -5.161534 -0.961793 0.273776 -0.000512 0.320312 0.562500
-1.049669 -0.495888 -3.441023 -0.961793 0.273776 -0.000512 0.320312 0.625000
-1.028475 -0.421433 -3.441023 -0.961793 0.273776 -0.000512 0.312500 0.625000
-1.027457 -0.421075 -5.161534 -0.961793 0.273776 -0.000512 0.312500 0.562500
-1.125232 -0.281326 -5.161534 -0.880414 0.474205 -0.000483 0.289062 0.562500
-1.126318 -0.281588 -3.441023 -0.880414 0.474205 -0.000483 0.289062 0.625000
-1.093304 -0.220294 -3.441023 -0.880414 0.474205 -0.000483 0.281250 0.625000
-1.092242 -0.220075 -5.161534 -0.880414 0.474205 -0.000483 0.281250 0.562500
-1.158577 -0.056346 -5.161534 -0.664957 0.746881 -0.000382 0.257812 0.562500
-1.159686 -0.056452 -3.441023 -0.664957 0.746881 -0.000382 0.257812 0.625000
-1.095968 0.000277 -3.441023 -0.664957 0.746881 -0.000382 0.250000 0.625000
-1.094903 0.000344 -5.161534 -0.664957 0.746881 -0.000382 0.250000 0.562500
-1.147390 0.170816 -5.161534 0.158336 0.987385 -0.000075 0.226562 0.562500
-1.148491 0.170868 -3.441023 0.158336 0.987385 -0.000075 0.226562 0.625000
-1.024256 0.151201 -3.441023 0.158336 0.987385 -0.000075 0.218750 0.625000
-1.065193 0.157379 -5.161534 0.158336 0.987385 -0.000075 0.218750 0.562500
-1.093717 0.386104 -5.161534 0.084449 0.996428 -0.000064 0.196075 0.562500
-1.094781 0.386304 -3.441023 0.084449 0.996428 -0.000064 0.196075 0.625000
-1.011874 0.379277 -3.441023 0.084449 0.996428 -0.000064 0.187500 0.625000
-1.010868 0.379082 -5.161534 0.084449 0.996428 -0.000064 0.187500 0.562500
-0.994835 0.597021 -5.161534 0.136526 0.990636 -0.000120 0.164062 0.562500
-0.995829 0.597367 -3.441023 0.136526 0.990636 -0.000120 0.164062 0.625000
-0.915275 0.586265 -3.441023 0.136526 0.990636 -0.000120 0.156250 0.625000
-0.914335 0.585927 -5.161534 0.136526 0.990636 -0.000120 0.156250 0.562500
-0.859328 0.779684 -5.161534 0.120576 0.992704 -0.000210 0.132812 0.562500
-0.860229 0.780157 -3.441023 0.120576 0.992704 -0.000210 0.132812 0.625000
-0.780150 0.770430 -3.441023 0.120576 0.992704 -0.000210 0.125000 0.625000
-0.779304 0.769964 -5.161534 0.120576 0.992704 -0.000210 0.125000 0.562500
-0.690790 0.932402 -5.161534 0.103166 0.994664 -0.000288 0.101562 0.562500
-0.691574 0.932980 -3.441023 0.103166 0.994664 -0.000288 0.101562 0.625000
-0.611692 0.924695 -3.441023 0.103166 0.994664 -0.000288 0.093750 0.625000
-0.610963 0.924122 -5.161534 0.103166 0.994664 -0.000288 0.093750 0.562500
-0.495696 1.049305 -5.161534 0.085135 0.996369 -0.000350 0.070312 0.562500
-0.496345 1.049964 -3.441023 0.085135 0.996369 -0.000350 0.070312 0.625000
-0.416376 1.043131 -3.441023 0.085135 0.996369 -0.000350 0.062500 0.625000
-0.415782 1.042477 -5.161534 0.085135 0.996369 -0.000350 0.062500 0.562500
-0.281544 1.125900 -5.161534 0.388360 0.921508 -0.000269 0.039062 0.562500
-0.282045 1.126613 -3.441023 0.388360 0.921508 -0.000269 0.039062 0.625000
-0.206768 1.094888 -3.441023 0.388360 0.921508 -0.000269 0.031250 0.625000
-0.206319 1.094198 -5.161534 0.388360 0.921508 -0.000269 0.031250 0.562500
-0.056566 1.159245 -5.161534 0.776306 0.630357 -0.000114 0.007812 0.562500
-0.056911 1.159981 -3.441023 0.776306 0.630357 -0.000114 0.007812 0.625000
-0.011630 1.104216 -3.441023 0.776306 0.630357 -0.000114 0.000000 0.625000
-0.011316 1.103519 -5.161534 0.776306 0.630357 -0.000114 0.000000 0.562500
0.978867 -0.456360 -5.172100 0.844495 0.535524 0.006480 0.679688 0.562500
0.940742 -0.438798 -3.391104 0.844495 0.535524 0.006480 0.679688 0.625000
1.022586 -0.546251 -3.441023 0.844495 0.535524 0.006480 0.671875 0.625000
1.022185 -0.545806 -5.161534 0.844495 0.535524 0.006480 0.671875 0.562500
1.053893 -0.254874 -5.161534 0.826445 0.563018 -0.000124 0.710938 0.562500
1.054317 -0.255117 -3.441023 0.826445 0.563018 -0.000124 0.710938 0.625000
1.109578 -0.336235 -3.441023 0.826445 0.563018 -0.000124 0.703125 0.625000
1.109116 -0.335935 -5.161534 0.826445 0.563018 -0.000124 0.703125 0.562500
1.128303 -0.066532 -5.161534 0.880200 0.474603 -0.000212 0.742188 0.562500
1.128779 -0.066645 -3.441023 0.880200 0.474603 -0.000212 0.742188 0.625000
1.153926 -0.113283 -3.441023 0.880200 0.474603 -0.000212 0.734375 0.625000
1.153433 -0.113138 -5.161534 0.880200 0.474603 -0.000212 0.734375 0.562500
1.108559 0.160047 -5.161534 0.715982 0.698119 -0.000210 0.773438 0.562500
1.109020 0.160091 -3.441023 0.715982 0.698119 -0.000210 0.773438 0.625000
1.153926 0.114037 -3.441023 0.715982 0.698119 -0.000210 0.765625 0.625000
1.153433 0.114025 -5.161534 0.715982 0.698119 -0.000210 0.765625 0.562500
1.044991 0.378420 -5.161534 0.544223 0.838940 -0.000227 0.804688 0.562500
1.045408 0.378615 -3.441023 0.544223 0.838940 -0.000227 0.804688 0.625000
1.109578 0.336988 -3.441023 0.544223 0.838940 -0.000227 0.796875 0.625000
1.109116 0.336822 -5.161534 0.544223 0.838940 -0.000227 0.796875 0.562500
0.724999 -0.826569 -5.161534 0.988847 0.148932 -0.000057 0.617188 0.562500
0.725195 -0.827208 -3.441023 0.988847 0.148932 -0.000057 0.617188 0.625000
0.735555 -0.895999 -3.441023 0.988847 0.148932 -0.000057 0.609375 0.625000
0.735352 -0.895312 -5.161534 0.988847 0.148932 -0.000057 0.609375 0.562500
0.577675 -0.939983 -5.161534 0.933951 -0.357402 -0.000200 0.585938 0.562500
0.577769 -0.940700 -3.441023 0.933951 -0.357402 -0.000200 0.585938 0.625000
0.546546 -1.022291 -3.441023 0.933951 -0.357402 -0.000200 0.578125 0.625000
0.546474 -1.021517 -5.161534 0.933951 -0.357402 -0.000200 0.578125 0.562500
0.360717 -1.020028 -5.161534 0.964766 -0.263110 -0.000087 0.554688 0.562500
0.360660 -1.020801 -3.441023 0.964766 -0.263110 -0.000087 0.554688 0.625000
0.336530 -1.109283 -3.441023 0.964766 -0.263110 -0.000087 0.546875 0.625000
0.336603 -1.108448 -5.161534 0.964766 -0.263110 -0.000087 0.546875 0.562500
0.164181 -1.097016 -5.161534 0.741965 -0.670439 -0.000239 0.523438 0.562500
0.163989 -1.097842 -3.441023 0.741965 -0.670439 -0.000239 0.523438 0.625000
0.113578 -1.153630 -3.441023 0.741965 -0.670439 -0.000239 0.515625 0.625000
0.113805 -1.152765 -5.161534 0.741965 -0.670439 -0.000239 0.515625 0.562500
0.870390 -0.651672 -5.161534 0.955624 0.294588 -0.000076 0.648438 0.562500
0.870687 -0.652190 -3.441023 0.955624 0.294588 -0.000076 0.648438 0.625000
0.896295 -0.735260 -3.441023 0.955624 0.294588 -0.000076 0.640625 0.625000
0.895980 -0.734684 -5.161534 0.955624 0.294588 -0.000076 0.640625 0.562500
0.946065 0.569987 -5.161534 0.292628 0.956226 -0.000241 0.835938 0.562500
0.946414 0.570315 -3.441023 0.292628 0.956226 -0.000241 0.835938 0.625000
1.022586 0.547004 -3.441023 0.292628 0.956226 -0.000241 0.828125 0.625000
1.022185 0.546693 -5.161534 0.292628 0.956226 -0.000241 0.828125 0.562500
0.828374 0.714532 -5.161534 -0.297140 0.954834 -0.000191 0.867188 0.562500
0.828641 0.714960 -3.441023 -0.297140 0.954834 -0.000191 0.867188 0.625000
0.896295 0.736013 -3.441023 -0.297140 0.954834 -0.000191 0.859375 0.625000
0.895980 0.735571 -5.161534 -0.297140 0.954834 -0.000191 0.859375 0.562500
0.656976 0.864033 -5.161534 -0.379672 0.925121 -0.000253 0.898438 0.562500
0.657124 0.864564 -3.441023 -0.379672 0.925121 -0.000253 0.898438 0.625000
0.735555 0.896753 -3.441023 -0.379672 0.925121 -0.000253 0.890625 0.625000
0.735352 0.896199 -5.161534 -0.379672 0.925121 -0.000253 0.890625 0.562500
0.453875 0.977223 -5.175250 -0.438468 0.898747 -0.000316 0.929688 0.562500
0.453883 0.977833 -3.454738 -0.438468 0.898747 -0.000316 0.929688 0.625000
0.546546 1.023045 -3.441023 -0.438468 0.898747 -0.000316 0.921875 0.625000
0.546474 1.022404 -5.161534 -0.438468 0.898747 -0.000316 0.921875 0.562500
0.264909 1.065052 -5.161534 -0.525505 0.850790 -0.000369 0.960938 0.562500
0.264786 1.065722 -3.441023 -0.525505 0.850790 -0.000369 0.960938 0.625000
0.336530 1.110036 -3.441023 -0.525505 0.850790 -0.000369 0.953125 0.625000
0.336603 1.109335 -5.161534 -0.525505 0.850790 -0.000369 0.953125 0.562500
0.045694 1.101012 -5.161534 -0.611508 0.791238 -0.000417 0.992188 0.562500
0.045420 1.101707 -3.441023 -0.611508 0.791238 -0.000417 0.992188 0.625000
0.113578 1.154384 -3.441023 -0.611508 0.791238 -0.000417 0.984375 0.625000
0.113806 1.153652 -5.161534 -0.611508 0.791238 -0.000417 0.984375 0.562500
-0.149916 1.102861 -5.161534 -0.811609 0.584201 -0.000430 0.023438 0.562500
-0.150326 1.103558 -3.441023 -0.811609 0.584201 -0.000430 0.023438 0.625000
-0.113740 1.154384 -3.441023 -0.811609 0.584201 -0.000430 0.015625 0.625000
-0.113356 1.153652 -5.161534 -0.811609 0.584201 -0.000430 0.015625 0.562500
-0.362152 1.061977 -5.161534 -0.876584 0.481249 -0.000471 0.054688 0.562500
-0.362709 1.062645 -3.441023 -0.876584 0.481249 -0.000471 0.054688 0.625000
-0.336691 1.110036 -3.441023 -0.876584 0.481249 -0.000471 0.046875 0.625000
-0.336152 1.109335 -5.161534 -0.876584 0.481249 -0.000471 0.046875 0.562500
-0.562168 0.953711 -5.161534 -0.973475 0.228794 -0.000472 0.085938 0.562500
-0.562863 0.954304 -3.441023 -0.973475 0.228794 -0.000472 0.085938 0.625000
-0.546707 1.023045 -3.441023 -0.973475 0.228794 -0.000472 0.078125 0.625000
-0.546023 1.022404 -5.161534 -0.973475 0.228794 -0.000472 0.078125 0.562500
-0.737219 0.808504 -5.161534 -0.999651 0.026410 -0.000482 0.117188 0.562500
-0.738035 0.808997 -3.441023 -0.999651 0.026410 -0.000482 0.117188 0.625000
-0.735717 0.896754 -3.441023 -0.999651 0.026410 -0.000482 0.109375 0.625000
-0.734902 0.896200 -5.161534 -0.999651 0.026410 -0.000482 0.109375 0.562500
-0.880578 0.631936 -5.161534 -0.989751 -0.142800 -0.000496 0.148438 0.562500
-0.881494 0.632307 -3.441023 -0.989751 -0.142800 -0.000496 0.148438 0.625000
-0.896456 0.736014 -3.441023 -0.989751 -0.142800 -0.000496 0.140625 0.625000
-0.895530 0.735572 -5.161534 -0.989751 -0.142800 -0.000496 0.140625 0.562500
-0.986735 0.430793 -5.161534 -0.957302 -0.289089 -0.000512 0.179688 0.562500
-0.987724 0.431024 -3.441023 -0.957302 -0.289089 -0.000512 0.179688 0.625000
-1.022749 0.547005 -3.441023 -0.957302 -0.289089 -0.000512 0.171875 0.625000
-1.021735 0.546694 -5.161534 -0.957302 -0.289089 -0.000512 0.171875 0.562500
-1.052937 0.207397 -5.161534 -0.895700 -0.444658 -0.000519 0.211700 0.562500
-1.053972 0.207474 -3.441023 -0.895700 -0.444658 -0.000519 0.211700 0.625000
-1.112975 0.326327 -3.441023 -0.895700 -0.444658 -0.000519 0.204649 0.625000
-1.111899 0.326168 -5.161534 -0.895700 -0.444658 -0.000519 0.204649 0.562500
-1.097800 0.057336 -5.161534 -0.716562 -0.697523 -0.000455 0.242188 0.562500
-1.098866 0.057308 -3.441023 -0.716562 -0.697523 -0.000455 0.242188 0.625000
-1.154088 0.114038 -3.441023 -0.716562 -0.697523 -0.000455 0.234375 0.625000
-1.152984 0.114026 -5.161534 -0.716562 -0.697523 -0.000455 0.234375 0.562500
-1.109886 -0.165806 -5.161534 -0.773918 -0.633286 -0.000550 0.273438 0.562500
-1.110961 -0.165987 -3.441023 -0.773918 -0.633286 -0.000550 0.273438 0.625000
-1.154088 -0.113282 -3.441023 -0.773918 -0.633286 -0.000550 0.265625 0.625000
-1.152984 -0.113137 -5.161534 -0.773918 -0.633286 -0.000550 0.265625 0.562500
-1.050224 -0.368747 -5.161534 -0.331429 -0.943453 -0.007111 0.304688 0.562500
-1.051257 -0.369070 -3.441023 -0.331429 -0.943453 -0.007111 0.304688 0.625000
-1.147461 -0.347556 -3.441023 -0.331429 -0.943453 -0.007111 0.296875 0.625000
-1.108667 -0.335934 -5.161534 -0.331429 -0.943453 -0.007111 0.296875 0.562500
-0.929845 -0.561716 -5.161534 -0.170613 -0.985338 -0.000355 0.335938 0.562500
-0.930795 -0.562172 -3.441023 -0.170613 -0.985338 -0.000355 0.335938 0.625000
-1.022750 -0.546250 -3.441023 -0.170613 -0.985338 -0.000355 0.328125 0.625000
-1.021736 -0.545805 -5.161534 -0.170613 -0.985338 -0.000355 0.328125 0.562500
-0.815896 -0.757000 -5.161534 -0.165530 -0.986205 -0.000423 0.368107 0.562500
-0.816767 -0.757591 -3.441023 -0.165530 -0.986205 -0.000423 0.368107 0.625000
-0.887934 -0.745646 -3.441023 -0.165530 -0.986205 -0.000423 0.361213 0.625000
-0.887014 -0.745063 -5.161534 -0.165530 -0.986205 -0.000423 0.361213 0.562500
-0.654036 -0.893335 -5.161534 0.024444 -0.999701 -0.000388 0.398438 0.562500
-0.654795 -0.894020 -3.441023 0.024444 -0.999701 -0.000388 0.398438 0.625000
-0.735719 -0.895999 -3.441023 0.024444 -0.999701 -0.000388 0.390625 0.625000
-0.734904 -0.895312 -5.161534 0.024444 -0.999701 -0.000388 0.390625 0.562500
-0.479094 -1.017209 -5.161534 0.064222 -0.997935 -0.000424 0.429688 0.562500
-0.479732 -1.017981 -3.441023 0.064222 -0.997935 -0.000424 0.429688 0.625000
-0.546709 -1.022291 -3.441023 0.064222 -0.997935 -0.000424 0.421875 0.625000
-0.546025 -1.021517 -5.161534 0.064222 -0.997935 -0.000424 0.421875 0.562500
-0.264887 -1.082598 -5.161534 0.445351 -0.895356 -0.000298 0.461795 0.562500
-0.265377 -1.083415 -3.441023 0.445351 -0.895356 -0.000298 0.461795 0.625000
-0.324698 -1.112921 -3.441023 0.445351 -0.895356 -0.000298 0.454840 0.625000
-0.324167 -1.112084 -5.161534 0.445351 -0.895356 -0.000298 0.454840 0.562500
-0.061700 -1.123583 -5.161534 0.491856 -0.870677 -0.000328 0.492188 0.562500
-0.062048 -1.124428 -3.441023 0.491856 -0.870677 -0.000328 0.492188 0.625000
-0.113742 -1.153630 -3.441023 0.491856 -0.870677 -0.000328 0.484375 0.625000
-0.113357 -1.152765 -5.161534 0.491856 -0.870677 -0.000328 0.484375 0.562500
-0.056243 -1.020246 3.441023 0.491677 -0.870362 0.026905 0.492188 0.875000
-0.053181 -0.965331 5.161534 0.491677 -0.870362 0.026905 0.492188 0.937500
-0.097546 -0.990393 5.161534 0.491677 -0.870362 0.026905 0.484375 0.937500
-0.103138 -1.046738 3.441023 0.491677 -0.870362 0.026905 0.484375 0.875000
-0.240700 -0.983039 3.441023 0.445220 -0.895095 0.024156 0.461795 0.875000
-0.227682 -0.930132 5.161534 0.445220 -0.895095 0.024156 0.461795 0.937500
-0.278593 -0.955455 5.161534 0.445220 -0.895095 0.024156 0.454840 0.937500
-0.294516 -1.009807 3.441023 0.445220 -0.895095 0.024156 0.454840 0.875000
-0.435161 -0.923678 3.441023 0.064198 -0.997546 0.027940 0.429688 0.875000
-0.411646 -0.873975 5.161534 0.064198 -0.997546 0.027940 0.429688 0.937500
-0.469127 -0.877674 5.161534 0.064198 -0.997546 0.027940 0.421875 0.937500
-0.495922 -0.927588 3.441023 0.064198 -0.997546 0.027940 0.421875 0.875000
-0.593976 -0.811222 3.441023 0.024437 -0.999392 0.024889 0.398438 0.875000
-0.561889 -0.767590 5.161534 0.024437 -0.999392 0.024889 0.398438 0.937500
-0.631339 -0.769288 5.161534 0.024437 -0.999392 0.024889 0.390625 0.937500
-0.667389 -0.813017 3.441023 0.024437 -0.999392 0.024889 0.390625 0.875000
-0.740916 -0.687455 3.441023 -0.165478 -0.985896 0.025023 0.368107 0.875000
-0.700897 -0.650503 5.161534 -0.165478 -0.985896 0.025023 0.368107 0.937500
-0.761973 -0.640252 5.161534 -0.165478 -0.985896 0.025023 0.361213 0.937500
-0.805477 -0.676619 3.441023 -0.165478 -0.985896 0.025023 0.361213 0.875000
-0.844361 -0.510173 3.441023 -0.170578 -0.985137 0.020200 0.335938 0.875000
-0.798758 -0.482791 5.161534 -0.170578 -0.985137 0.020200 0.335938 0.937500
-0.877675 -0.469126 5.161534 -0.170578 -0.985137 0.020200 0.328125 0.937500
-0.927781 -0.495729 3.441023 -0.170578 -0.985137 0.020200 0.328125 0.875000
-0.953642 -0.334993 3.441023 -0.489427 -0.871721 0.023733 0.304688 0.875000
-0.902140 -0.317066 5.161534 -0.489427 -0.871721 0.023733 0.304688 0.937500
-0.952333 -0.288886 5.161534 -0.489427 -0.871721 0.023733 0.296875 0.937500
-1.006698 -0.305204 3.441023 -0.489427 -0.871721 0.023733 0.296875 0.875000
-1.007805 -0.150759 3.441023 -0.773627 -0.633048 0.027409 0.273438 0.875000
-0.953379 -0.142777 5.161534 -0.773627 -0.633048 0.027409 0.273438 0.937500
-0.990393 -0.097544 5.161534 -0.773627 -0.633048 0.027409 0.265625 0.937500
-1.046930 -0.102945 3.441023 -0.773627 -0.633048 0.027409 0.265625 0.875000
-0.996833 0.051813 3.441023 -0.716400 -0.697367 0.021219 0.242188 0.875000
-0.943000 0.048860 5.161534 -0.716400 -0.697367 0.021219 0.242188 0.937500
-0.990393 0.097546 5.161534 -0.716400 -0.697367 0.021219 0.234375 0.937500
-1.046930 0.103277 3.441023 -0.716400 -0.697367 0.021219 0.234375 0.875000
-0.956105 0.188041 3.441023 -0.895437 -0.444529 0.024210 0.211700 0.875000
-0.904471 0.177735 5.161534 -0.895437 -0.444529 0.024210 0.211700 0.937500
-0.955108 0.279737 5.161534 -0.895437 -0.444529 0.024210 0.204649 0.937500
-1.009632 0.295863 3.441023 -0.895437 -0.444529 0.024210 0.204649 0.875000
-0.896006 0.390844 3.441023 -0.957041 -0.289010 0.023347 0.179688 0.875000
-0.847615 0.369591 5.161534 -0.957041 -0.289010 0.023347 0.179688 0.937500
-0.877674 0.469128 5.161534 -0.957041 -0.289010 0.023347 0.171875 0.937500
-0.927780 0.496060 3.441023 -0.957041 -0.289010 0.023347 0.171875 0.875000
-0.799635 0.573445 3.441023 -0.989506 -0.142765 0.022257 0.148438 0.875000
-0.756446 0.542335 5.161534 -0.989506 -0.142765 0.022257 0.148438 0.937500
-0.769287 0.631339 5.161534 -0.989506 -0.142765 0.022257 0.140625 0.937500
-0.813209 0.667527 3.441023 -0.989506 -0.142765 0.022257 0.140625 0.875000
-0.669491 0.733736 3.441023 -0.999418 0.026404 0.021617 0.117188 0.875000
-0.633327 0.693974 5.161534 -0.999418 0.026404 0.021617 0.117188 0.937500
-0.631338 0.769289 5.161534 -0.999418 0.026404 0.021617 0.109375 0.937500
-0.667388 0.813348 3.441023 -0.999418 0.026404 0.021617 0.109375 0.875000
-0.510577 0.865557 3.441023 -0.973243 0.228739 0.021837 0.085938 0.875000
-0.482991 0.818680 5.161534 -0.973243 0.228739 0.021837 0.085938 0.937500
-0.469126 0.877675 5.161534 -0.973243 0.228739 0.021837 0.078125 0.937500
-0.495920 0.927919 3.441023 -0.973243 0.228739 0.021837 0.078125 0.875000
-0.328999 0.963843 3.441023 -0.876339 0.481115 0.023651 0.054688 0.875000
-0.311215 0.911661 5.161534 -0.876339 0.481115 0.023651 0.054688 0.937500
-0.288885 0.952333 5.161534 -0.876339 0.481115 0.023651 0.046875 0.937500
-0.305396 1.006836 3.441023 -0.876339 0.481115 0.023651 0.046875 0.875000
-0.136327 1.000958 3.441023 -0.811415 0.584060 0.021877 0.023438 0.875000
-0.128943 0.946772 5.161534 -0.811415 0.584060 0.021877 0.023438 0.937500
-0.097544 0.990393 5.161534 -0.811415 0.584060 0.021877 0.015625 0.937500
-0.103137 1.047068 3.441023 -0.811415 0.584060 0.021877 0.015625 0.875000
0.041251 0.999280 3.441023 -0.611331 0.791008 0.024088 0.992188 0.875000
0.039050 0.945185 5.161534 -0.611331 0.791008 0.024088 0.992188 0.937500
0.097545 0.990393 5.161534 -0.611331 0.791008 0.024088 0.984375 0.937500
0.103084 1.047067 3.441023 -0.611331 0.791008 0.024088 0.984375 0.875000
0.240258 0.966634 3.441023 -0.525378 0.850586 0.021920 0.960938 0.875000
0.227315 0.914301 5.161534 -0.525378 0.850586 0.021920 0.960938 0.937500
0.288887 0.952332 5.161534 -0.525378 0.850586 0.021920 0.953125 0.937500
0.305343 1.006836 3.441023 -0.525378 0.850586 0.021920 0.953125 0.875000
0.417097 0.886902 3.441023 -0.461760 0.886807 0.018720 0.929688 0.875000
0.394608 0.838873 5.161534 -0.461760 0.886807 0.018720 0.929688 0.937500
0.469127 0.877675 5.161534 -0.461760 0.886807 0.018720 0.921875 0.937500
0.495867 0.927918 3.441023 -0.461760 0.886807 0.018720 0.921875 0.875000
0.596183 0.784146 3.441023 -0.379625 0.925006 0.015745 0.898438 0.875000
0.564027 0.741664 5.161534 -0.379625 0.925006 0.015745 0.898438 0.937500
0.631338 0.769288 5.161534 -0.379625 0.925006 0.015745 0.890625 0.937500
0.667334 0.813347 3.441023 -0.379625 0.925006 0.015745 0.890625 0.875000
0.751781 0.648427 3.441023 -0.297117 0.954759 0.012506 0.867188 0.875000
0.711227 0.613270 5.161534 -0.297117 0.954759 0.012506 0.867188 0.937500
0.769288 0.631338 5.161534 -0.297117 0.954759 0.012506 0.859375 0.937500
0.813155 0.667526 3.441023 -0.297117 0.954759 0.012506 0.859375 0.875000
0.858623 0.517206 3.441023 0.292547 0.955963 0.023475 0.835938 0.875000
0.812302 0.489132 5.161534 0.292547 0.955963 0.023475 0.835938 0.937500
0.877675 0.469127 5.161534 0.292547 0.955963 0.023475 0.828125 0.937500
0.927726 0.496059 3.441023 0.292547 0.955963 0.023475 0.828125 0.875000
0.789924 -0.591836 3.441023 0.955466 0.294538 0.018222 0.648438 0.875000
0.747311 -0.560046 5.161534 0.955466 0.294538 0.018222 0.648438 0.937500
0.769288 -0.631338 5.161534 0.955466 0.294538 0.018222 0.640625 0.937500
0.813155 -0.667197 3.441023 0.955466 0.294538 0.018222 0.640625 0.875000
0.148815 -0.996127 3.441023 0.741745 -0.670240 0.024337 0.523438 0.875000
0.140808 -0.942514 5.161534 0.741745 -0.670240 0.024337 0.523438 0.937500
0.097545 -0.990393 5.161534 0.741745 -0.670240 0.024337 0.515625 0.937500
0.103083 -1.046738 3.441023 0.741745 -0.670240 0.024337 0.515625 0.875000
0.327234 -0.926236 3.441023 0.964618 -0.263069 0.017509 0.554688 0.875000
0.309596 -0.876396 5.161534 0.964618 -0.263069 0.017509 0.554688 0.937500
0.288887 -0.952332 5.161534 0.964618 -0.263069 0.017509 0.546875 0.937500
0.305343 -1.006506 3.441023 0.964618 -0.263069 0.017509 0.546875 0.875000
0.524192 -0.853570 3.441023 0.933662 -0.357292 0.024876 0.585938 0.875000
0.495923 -0.807652 5.161534 0.933662 -0.357292 0.024876 0.585938 0.937500
0.469127 -0.877675 5.161534 0.933662 -0.357292 0.024876 0.578125 0.937500
0.495867 -0.927588 3.441023 0.933662 -0.357292 0.024876 0.578125 0.875000
0.657935 -0.750611 3.441023 0.988706 0.148911 0.016901 0.617188 0.875000
0.622447 -0.710250 5.161534 0.988706 0.148911 0.016901 0.617188 0.937500
0.631338 -0.769288 5.161534 0.988706 0.148911 0.016901 0.609375 0.937500
0.667334 -0.813017 3.441023 0.988706 0.148911 0.016901 0.609375 0.875000
0.948429 0.343299 3.441023 0.544050 0.838672 0.025289 0.804688 0.875000
0.897260 0.324612 5.161534 0.544050 0.838672 0.025289 0.804688 0.937500
0.952332 0.288887 5.161534 0.544050 0.838672 0.025289 0.796875 0.937500
1.006643 0.305535 3.441023 0.544050 0.838672 0.025289 0.796875 0.875000
1.006138 0.145056 3.441023 0.715744 0.697886 0.025822 0.773438 0.875000
0.951854 0.137070 5.161534 0.715744 0.697886 0.025822 0.773438 0.937500
0.990393 0.097545 5.161534 0.715744 0.697886 0.025822 0.765625 0.937500
1.046875 0.103276 3.441023 0.715744 0.697886 0.025822 0.765625 0.875000
1.024062 -0.060636 3.441023 0.879870 0.474425 0.027396 0.742188 0.875000
0.968811 -0.057519 5.161534 0.879870 0.474425 0.027396 0.742188 0.937500
0.990393 -0.097545 5.161534 0.879870 0.474425 0.027396 0.734375 0.937500
1.046875 -0.102946 3.441023 0.879870 0.474425 0.027396 0.734375 0.875000
0.956511 -0.231616 3.441023 0.826267 0.562896 0.020744 0.710938 0.875000
0.904906 -0.219270 5.161534 0.826267 0.562896 0.020744 0.710938 0.937500
0.952332 -0.288887 5.161534 0.826267 0.562896 0.020744 0.703125 0.937500
1.006644 -0.305205 3.441023 0.826267 0.562896 0.020744 0.703125 0.875000
0.888401 -0.419684 3.441023 0.888106 0.459257 0.018735 0.679688 0.875000
0.840473 -0.397186 5.161534 0.888106 0.459257 0.018735 0.679688 0.937500
0.877675 -0.469127 5.161534 0.888106 0.459257 0.018735 0.671875 0.937500
0.927726 -0.495729 3.441023 0.888106 0.459257 0.018735 0.671875 0.875000
-0.051582 1.052145 3.441023 0.776156 0.630236 0.019593 0.007812 0.875000
-0.048772 0.995196 5.161534 0.776156 0.630236 0.019593 0.007812 0.937500
-0.009911 0.947338 5.161534 0.776156 0.630236 0.019593 0.000000 0.937500
-0.010504 1.001556 3.441023 0.776156 0.630236 0.019593 0.000000 0.875000
-0.255822 1.021874 3.441023 0.388223 0.921184 0.026495 0.039062 0.875000
-0.241987 0.966559 5.161534 0.388223 0.921184 0.026495 0.039062 0.937500
-0.177383 0.939332 5.161534 0.388223 0.921184 0.026495 0.031250 0.937500
-0.187531 0.993094 3.441023 0.388223 0.921184 0.026495 0.031250 0.875000
-0.450232 0.952339 3.441023 0.085100 0.995961 0.028644 0.070312 0.875000
-0.425904 0.900778 5.161534 0.085100 0.995961 0.028644 0.070312 0.937500
-0.357273 0.894913 5.161534 0.085100 0.995961 0.028644 0.062500 0.937500
-0.377685 0.946140 3.441023 0.085100 0.995961 0.028644 0.062500 0.875000
-0.627342 0.846213 3.441023 0.103135 0.994367 0.024458 0.101562 0.875000
-0.593453 0.800380 5.161534 0.103135 0.994367 0.024458 0.101562 0.937500
-0.524897 0.793269 5.161534 0.103135 0.994367 0.024458 0.093750 0.937500
-0.554874 0.838696 3.441023 0.103135 0.994367 0.024458 0.093750 0.875000
-0.780344 0.707573 3.441023 0.120554 0.992522 0.019170 0.132812 0.875000
-0.738197 0.669224 5.161534 0.120554 0.992522 0.019170 0.132812 0.937500
-0.669471 0.660876 5.161534 0.120554 0.992522 0.019170 0.125000 0.937500
-0.707697 0.698749 3.441023 0.120554 0.992522 0.019170 0.125000 0.875000
-0.903359 0.541748 3.441023 0.136515 0.990552 0.013055 0.164062 0.875000
-0.854571 0.512350 5.161534 0.136515 0.990552 0.013055 0.164062 0.937500
-0.785438 0.502822 5.161534 0.136515 0.990552 0.013055 0.156250 0.937500
-0.830280 0.531677 3.441023 0.136515 0.990552 0.013055 0.156250 0.875000
-0.993126 0.350274 3.441023 0.084446 0.996393 0.008408 0.196075 0.875000
-0.939494 0.331211 5.161534 0.084446 0.996393 0.008408 0.196075 0.937500
-0.868342 0.325180 5.161534 0.084446 0.996393 0.008408 0.187500 0.937500
-0.917915 0.343900 3.441023 0.084446 0.996393 0.008408 0.187500 0.875000
-1.041852 0.154832 3.441023 0.161332 0.986900 -0.000392 0.226562 0.875000
-0.985589 0.146319 5.161534 0.161332 0.986900 -0.000392 0.226562 0.937500
-0.914996 0.134779 5.161534 0.161332 0.986900 -0.000392 0.218750 0.937500
-0.967231 0.142634 3.441023 0.161332 0.986900 -0.000392 0.218750 0.875000
-1.052008 -0.051390 3.441023 -0.664813 0.746719 0.020816 0.257812 0.875000
-0.995196 -0.048772 5.161534 -0.664813 0.746719 0.020816 0.257812 0.937500
-0.940512 -0.000085 5.161534 -0.664813 0.746719 0.020816 0.250000 0.937500
-0.994203 0.000075 3.441023 -0.664813 0.746719 0.020816 0.250000 0.875000
-1.021736 -0.255630 3.441023 -0.880151 0.474062 0.024468 0.289062 0.875000
-0.966559 -0.241988 5.161534 -0.880151 0.474062 0.024468 0.289062 0.937500
-0.938226 -0.189384 5.161534 -0.880151 0.474062 0.024468 0.281250 0.937500
-0.991787 -0.200025 3.441023 -0.880151 0.474062 0.024468 0.281250 0.875000
-0.952201 -0.450041 3.441023 -0.961495 0.273692 0.024898 0.320312 0.875000
-0.900777 -0.425904 5.161534 -0.961495 0.273692 0.024898 0.320312 0.937500
-0.882589 -0.362006 5.161534 -0.961495 0.273692 0.024898 0.312500 0.937500
-0.932975 -0.382496 3.441023 -0.961495 0.273692 0.024898 0.312500 0.875000
-0.842208 -0.631862 3.441023 -0.944844 0.326998 0.018527 0.352482 0.875000
-0.796722 -0.597911 5.161534 -0.944844 0.326998 0.018527 0.352482 0.937500
-0.770814 -0.523052 5.161534 -0.944844 0.326998 0.018527 0.343750 0.937500
-0.814822 -0.552732 3.441023 -0.944844 0.326998 0.018527 0.343750 0.875000
-0.707435 -0.780152 3.441023 -0.999746 0.004448 0.022095 0.382812 0.875000
-0.669223 -0.738197 5.161534 -0.999746 0.004448 0.022095 0.382812 0.937500
-0.668963 -0.679661 5.161534 -0.999746 0.004448 0.022095 0.375000 0.937500
-0.707160 -0.718276 3.441023 -0.999746 0.004448 0.022095 0.375000 0.875000
-0.541610 -0.903167 3.441023 -0.992284 -0.122306 0.020330 0.414062 0.875000
-0.512349 -0.854572 5.161534 -0.992284 -0.122306 0.020330 0.414062 0.937500
-0.519946 -0.792939 5.161534 -0.992284 -0.122306 0.020330 0.406250 0.937500
-0.549640 -0.838018 3.441023 -0.992284 -0.122306 0.020330 0.406250 0.875000
-0.349531 -0.993118 3.441023 -0.779585 -0.625670 0.027998 0.446170 0.875000
-0.330638 -0.939667 5.161534 -0.779585 -0.625670 0.027998 0.446170 0.937500
-0.367050 -0.894298 5.161534 -0.779585 -0.625670 0.027998 0.437500 0.937500
-0.388020 -0.945160 3.441023 -0.779585 -0.625670 0.027998 0.437500 0.875000
-0.154694 -1.041660 3.441023 -0.759579 -0.649939 0.024879 0.476562 0.875000
-0.146318 -0.985589 5.161534 -0.759579 -0.649939 0.024879 0.476562 0.937500
-0.185214 -0.940132 5.161534 -0.759579 -0.649939 0.024879 0.468750 0.937500
-0.195809 -0.993609 3.441023 -0.759579 -0.649939 0.024879 0.468750 0.875000
0.051528 -1.051816 3.441023 -0.472104 -0.881090 0.028239 0.507812 0.875000
0.048772 -0.995196 5.161534 -0.472104 -0.881090 0.028239 0.507812 0.937500
-0.004195 -0.966815 5.161534 -0.472104 -0.881090 0.028239 0.500000 0.937500
-0.004462 -1.021815 3.441023 -0.472104 -0.881090 0.028239 0.500000 0.875000
0.255769 -1.021544 3.441023 -0.519559 -0.854121 0.023135 0.539062 0.875000
0.241988 -0.966559 5.161534 -0.519559 -0.854121 0.023135 0.539062 0.937500
0.189143 -0.934413 5.161534 -0.519559 -0.854121 0.023135 0.531250 0.937500
0.199908 -0.987564 3.441023 -0.519559 -0.854121 0.023135 0.531250 0.875000
0.450179 -0.952009 3.441023 -0.509607 -0.860210 0.018425 0.570312 0.875000
0.425905 -0.900777 5.161534 -0.509607 -0.860210 0.018425 0.570312 0.937500
0.355421 -0.859021 5.161534 -0.509607 -0.860210 0.018425 0.562500 0.937500
0.375674 -0.907870 3.441023 -0.509607 -0.860210 0.018425 0.562500 0.875000
0.627289 -0.845882 3.441023 -0.383522 -0.923378 0.016879 0.601562 0.875000
0.593454 -0.800379 5.161534 -0.383522 -0.923378 0.016879 0.601562 0.937500
0.532540 -0.775078 5.161534 -0.383522 -0.923378 0.016879 0.593750 0.937500
0.562899 -0.819138 3.441023 -0.383522 -0.923378 0.016879 0.593750 0.875000
0.780290 -0.707242 3.441023 0.104781 -0.994193 0.024533 0.632812 0.875000
0.738197 -0.669223 5.161534 0.104781 -0.994193 0.024533 0.632812 0.937500
0.658970 -0.677573 5.161534 0.104781 -0.994193 0.024533 0.625000 0.937500
0.696543 -0.716069 3.441023 0.104781 -0.994193 0.024533 0.625000 0.875000
0.903305 -0.541417 3.441023 0.108842 -0.993860 0.019875 0.664062 0.875000
0.854572 -0.512348 5.161534 0.108842 -0.993860 0.019875 0.664062 0.937500
0.776758 -0.520870 5.161534 0.108842 -0.993860 0.019875 0.656250 0.937500
0.821051 -0.550425 3.441023 0.108842 -0.993860 0.019875 0.656250 0.875000
0.991605 -0.354779 3.441023 0.220021 -0.975336 0.017609 0.695312 0.875000
0.938106 -0.335785 5.161534 0.220021 -0.975336 0.017609 0.695312 0.937500
0.861711 -0.353019 5.161534 0.220021 -0.975336 0.017609 0.687500 0.937500
0.910851 -0.372996 3.441023 0.220021 -0.975336 0.017609 0.687500 0.875000
1.041798 -0.154501 3.441023 0.348846 -0.937046 0.015854 0.726562 0.875000
0.985589 -0.146318 5.161534 0.348846 -0.937046 0.015854 0.726562 0.937500
0.917119 -0.171808 5.161534 0.348846 -0.937046 0.015854 0.718750 0.937500
0.969421 -0.181446 3.441023 0.348846 -0.937046 0.015854 0.718750 0.875000
1.051953 0.051720 3.441023 0.925395 -0.377824 0.029880 0.757812 0.875000
0.995196 0.048773 5.161534 0.925395 -0.377824 0.029880 0.757812 0.937500
0.971772 -0.008600 5.161534 0.925395 -0.377824 0.029880 0.750000 0.937500
1.027192 -0.008926 3.441023 0.925395 -0.377824 0.029880 0.750000 0.875000
1.021682 0.255961 3.441023 0.934844 -0.354025 0.027076 0.789062 0.875000
0.966559 0.241989 5.161534 0.934844 -0.354025 0.027076 0.789062 0.937500
0.945215 0.185627 5.161534 0.934844 -0.354025 0.027076 0.781250 0.937500
0.999120 0.196383 3.441023 0.934844 -0.354025 0.027076 0.781250 0.875000
0.952146 0.450371 3.441023 0.942182 -0.334285 0.023377 0.820312 0.875000
0.900777 0.425905 5.161534 0.942182 -0.334285 0.023377 0.820312 0.937500
0.881276 0.370941 5.161534 0.942182 -0.334285 0.023377 0.812500 0.937500
0.931533 0.392271 3.441023 0.942182 -0.334285 0.023377 0.812500 0.875000
0.846020 0.627481 3.441023 0.979134 -0.202023 0.021979 0.851562 0.875000
0.800379 0.593454 5.161534 0.979134 -0.202023 0.021979 0.851562 0.937500
0.787586 0.531452 5.161534 0.979134 -0.202023 0.021979 0.843750 0.937500
0.832497 0.561941 3.441023 0.979134 -0.202023 0.021979 0.843750 0.875000
0.707380 0.780482 3.441023 0.992985 0.115594 0.024863 0.882812 0.875000
0.669223 0.738197 5.161534 0.992985 0.115594 0.024863 0.882812 0.937500
0.679425 0.650559 5.161534 0.992985 0.115594 0.024863 0.875000 0.937500
0.718164 0.687844 3.441023 0.992985 0.115594 0.024863 0.875000 0.875000
0.541555 0.903497 3.441023 0.987205 0.158033 0.021252 0.914062 0.875000
0.512349 0.854572 5.161534 0.987205 0.158033 0.021252 0.914062 0.937500
0.525562 0.772032 5.161534 0.987205 0.158033 0.021252 0.906250 0.937500
0.555522 0.816247 3.441023 0.987205 0.158033 0.021252 0.906250 0.875000
0.354917 0.991797 3.441023 0.980973 0.193405 0.016944 0.945312 0.875000
0.335785 0.938106 5.161534 0.980973 0.193405 0.016944 0.945312 0.937500
0.350957 0.861153 5.161534 0.980973 0.193405 0.016944 0.937500 0.937500
0.370955 0.910454 3.441023 0.980973 0.193405 0.016944 0.937500 0.875000
0.154639 1.041990 3.441023 0.863381 0.504127 0.020702 0.976562 0.875000
0.146318 0.985589 5.161534 0.863381 0.504127 0.020702 0.976562 0.937500
0.180155 0.927638 5.161534 0.863381 0.504127 0.020702 0.968750 0.937500
0.190408 0.980732 3.441023 0.863381 0.504127 0.020702 0.968750 0.875000
-0.062809 -1.138507 -6.021790 0.491804 -0.870586 0.014468 0.492188 0.531250
-0.061700 -1.123583 -5.161534 0.491804 -0.870586 0.014468 0.492188 0.562500
-0.113357 -1.152765 -5.161534 0.491804 -0.870586 0.014468 0.484375 0.562500
-0.115150 -1.168075 -6.021790 0.491804 -0.870586 0.014468 0.484375 0.531250
-0.268687 -1.096979 -6.021790 0.445313 -0.895280 0.013000 0.461795 0.531250
-0.264887 -1.082598 -5.161534 0.445313 -0.895280 0.013000 0.461795 0.562500
-0.324167 -1.112084 -5.161534 0.445313 -0.895280 0.013000 0.454840 0.562500
-0.328751 -1.126855 -6.021790 0.445313 -0.895280 0.013000 0.454840 0.531250
-0.485730 -1.030724 -6.021790 0.064215 -0.997821 0.015181 0.429688 0.531250
-0.479094 -1.017209 -5.161534 0.064215 -0.997821 0.015181 0.429688 0.562500
-0.546025 -1.021517 -5.161534 0.064215 -0.997821 0.015181 0.421875 0.562500
-0.553546 -1.035089 -6.021790 0.064215 -0.997821 0.015181 0.421875 0.531250
-0.662988 -0.905209 -6.021790 0.024442 -0.999609 0.013544 0.398438 0.531250
-0.654036 -0.893335 -5.161534 0.024442 -0.999609 0.013544 0.398438 0.562500
-0.734904 -0.895312 -5.161534 0.024442 -0.999609 0.013544 0.390625 0.562500
-0.744926 -0.907213 -6.021790 0.024442 -0.999609 0.013544 0.390625 0.531250
-0.826990 -0.767070 -6.021790 -0.165515 -0.986113 0.013678 0.368107 0.531250
-0.815896 -0.757000 -5.161534 -0.165515 -0.986113 0.013678 0.368107 0.562500
-0.887014 -0.745063 -5.161534 -0.165515 -0.986113 0.013678 0.361213 0.562500
-0.899049 -0.754975 -6.021790 -0.165515 -0.986113 0.013678 0.361213 0.531250
-0.942448 -0.569200 -6.021790 -0.170603 -0.985278 0.011071 0.335938 0.531250
-0.929845 -0.561716 -5.161534 -0.170603 -0.985278 0.011071 0.335938 0.562500
-1.021736 -0.545805 -5.161534 -0.170603 -0.985278 0.011071 0.328125 0.562500
-1.035556 -0.553079 -6.021790 -0.170603 -0.985278 0.011071 0.328125 0.531250
-1.064420 -0.373677 -6.021790 -0.489523 -0.871892 0.013075 0.304688 0.531250
-1.050224 -0.368747 -5.161534 -0.489523 -0.871892 0.013075 0.304688 0.562500
-1.108667 -0.335934 -5.161534 -0.489523 -0.871892 0.013075 0.296875 0.562500
-1.123638 -0.340429 -6.021790 -0.489523 -0.871892 0.013075 0.296875 0.531250
-1.124873 -0.168048 -6.021790 -0.773829 -0.633214 0.015132 0.273438 0.531250
-1.109886 -0.165806 -5.161534 -0.773829 -0.633214 0.015132 0.273438 0.562500
-1.152984 -0.113137 -5.161534 -0.773829 -0.633214 0.015132 0.265625 0.562500
-1.168541 -0.114682 -6.021790 -0.773829 -0.633214 0.015132 0.265625 0.531250
-1.112627 0.058047 -6.021790 -0.716512 -0.697475 0.011772 0.242188 0.531250
-1.097800 0.057336 -5.161534 -0.716512 -0.697475 0.011772 0.242188 0.562500
-1.152984 0.114026 -5.161534 -0.716512 -0.697475 0.011772 0.234375 0.562500
-1.168541 0.115488 -6.021790 -0.716512 -0.697475 0.011772 0.234375 0.531250
-1.067169 0.210096 -6.021790 -0.895620 -0.444618 0.013423 0.211700 0.531250
-1.052937 0.207397 -5.161534 -0.895620 -0.444618 0.013423 0.211700 0.562500
-1.111899 0.326168 -5.161534 -0.895620 -0.444618 0.013423 0.204649 0.562500
-1.126912 0.330439 -6.021790 -0.895620 -0.444618 0.013423 0.204649 0.531250
-1.000091 0.436449 -6.021790 -0.957222 -0.289064 0.012961 0.179688 0.531250
-0.986735 0.430793 -5.161534 -0.957222 -0.289064 0.012961 0.179688 0.562500
-1.021735 0.546694 -5.161534 -0.957222 -0.289064 0.012961 0.171875 0.562500
-1.035555 0.553884 -6.021790 -0.957222 -0.289064 0.012961 0.171875 0.531250
-0.892528 0.640255 -6.021790 -0.989676 -0.142789 0.012368 0.148438 0.531250
-0.880578 0.631936 -5.161534 -0.989676 -0.142789 0.012368 0.148438 0.562500
-0.895530 0.735572 -5.161534 -0.989676 -0.142789 0.012368 0.140625 0.562500
-0.907679 0.745263 -6.021790 -0.989676 -0.142789 0.012368 0.140625 0.531250
-0.747271 0.819161 -6.021790 -0.999579 0.026408 0.012008 0.117188 0.531250
-0.737219 0.808504 -5.161534 -0.999579 0.026408 0.012008 0.117188 0.562500
-0.734902 0.896200 -5.161534 -0.999579 0.026408 0.012008 0.109375 0.562500
-0.744924 0.908018 -6.021790 -0.999579 0.026408 0.012008 0.109375 0.531250
-0.569903 0.966290 -6.021790 -0.973403 0.228778 0.012098 0.085938 0.531250
-0.562168 0.953711 -5.161534 -0.973403 0.228778 0.012098 0.085938 0.562500
-0.546023 1.022404 -5.161534 -0.973403 0.228778 0.012098 0.078125 0.562500
-0.553544 1.035893 -6.021790 -0.973403 0.228778 0.012098 0.078125 0.531250
-0.367239 1.075989 -6.021790 -0.876510 0.481208 0.013021 0.054688 0.531250
-0.362152 1.061977 -5.161534 -0.876510 0.481208 0.013021 0.054688 0.562500
-0.336152 1.109335 -5.161534 -0.876510 0.481208 0.013021 0.046875 0.562500
-0.340895 1.123975 -6.021790 -0.876510 0.481208 0.013021 0.046875 0.531250
-0.152193 1.117414 -6.021790 -0.811551 0.584158 0.012031 0.023438 0.531250
-0.149916 1.102861 -5.161534 -0.811551 0.584158 0.012031 0.023438 0.562500
-0.113356 1.153652 -5.161534 -0.811551 0.584158 0.012031 0.015625 0.562500
-0.115149 1.168879 -6.021790 -0.811551 0.584158 0.012031 0.015625 0.531250
0.046007 1.115541 -6.021790 -0.611455 0.791170 0.013140 0.992188 0.531250
0.045694 1.101012 -5.161534 -0.611455 0.791170 0.013140 0.992188 0.562500
0.113806 1.153652 -5.161534 -0.611455 0.791170 0.013140 0.984375 0.562500
0.115020 1.168878 -6.021790 -0.611455 0.791170 0.013140 0.984375 0.531250
0.268124 1.079105 -6.021790 -0.525467 0.850730 0.011934 0.960938 0.531250
0.264909 1.065052 -5.161534 -0.525467 0.850730 0.011934 0.960938 0.562500
0.336603 1.109335 -5.161534 -0.525467 0.850730 0.011934 0.953125 0.562500
0.340767 1.123974 -6.021790 -0.525467 0.850730 0.011934 0.953125 0.531250
0.459592 0.990114 -6.035505 -0.439732 0.898067 0.010534 0.929688 0.531250
0.453875 0.977223 -5.175250 -0.439732 0.898067 0.010534 0.929688 0.562500
0.546474 1.022404 -5.161534 -0.439732 0.898067 0.010534 0.921875 0.562500
0.553417 1.035892 -6.021790 -0.439732 0.898067 0.010534 0.921875 0.531250
0.665381 0.875425 -6.021790 -0.379659 0.925087 0.008541 0.898438 0.531250
0.656976 0.864033 -5.161534 -0.379659 0.925087 0.008541 0.898438 0.562500
0.735352 0.896199 -5.161534 -0.379659 0.925087 0.008541 0.890625 0.562500
0.744796 0.908017 -6.021790 -0.379659 0.925087 0.008541 0.890625 0.531250
0.839049 0.723945 -6.021790 -0.297134 0.954812 0.006760 0.867188 0.531250
0.828374 0.714532 -5.161534 -0.297134 0.954812 0.006760 0.867188 0.562500
0.895980 0.735571 -5.161534 -0.297134 0.954812 0.006760 0.859375 0.562500
0.907550 0.745262 -6.021790 -0.297134 0.954812 0.006760 0.859375 0.531250
0.958299 0.577486 -6.021790 0.292604 0.956152 0.012496 0.835938 0.531250
0.946065 0.569987 -5.161534 0.292604 0.956152 0.012496 0.835938 0.562500
1.022185 0.546693 -5.161534 0.292604 0.956152 0.012496 0.828125 0.562500
1.035426 0.553883 -6.021790 0.292604 0.956152 0.012496 0.828125 0.531250
0.881622 -0.660347 -6.021790 0.955581 0.294574 0.009505 0.648438 0.531250
0.870390 -0.651672 -5.161534 0.955581 0.294574 0.009505 0.648438 0.562500
0.895980 -0.734684 -5.161534 0.955581 0.294574 0.009505 0.640625 0.562500
0.907550 -0.744459 -6.021790 0.955581 0.294574 0.009505 0.640625 0.531250
0.166063 -1.111587 -6.021790 0.741902 -0.670383 0.012978 0.523438 0.531250
0.164181 -1.097016 -5.161534 0.741902 -0.670383 0.012978 0.523438 0.562500
0.113805 -1.152765 -5.161534 0.741902 -0.670383 0.012978 0.515625 0.562500
0.115020 -1.168075 -6.021790 0.741902 -0.670383 0.012978 0.515625 0.531250
0.365200 -1.033580 -6.021790 0.964725 -0.263098 0.009173 0.554688 0.531250
0.360717 -1.020028 -5.161534 0.964725 -0.263098 0.009173 0.554688 0.562500
0.336603 -1.108448 -5.161534 0.964725 -0.263098 0.009173 0.546875 0.562500
0.340767 -1.123171 -6.021790 0.964725 -0.263098 0.009173 0.546875 0.531250
0.585031 -0.952475 -6.021790 0.933869 -0.357372 0.013175 0.585938 0.531250
0.577675 -0.939983 -5.161534 0.933869 -0.357372 0.013175 0.585938 0.562500
0.546474 -1.021517 -5.161534 0.933869 -0.357372 0.013175 0.578125 0.562500
0.553416 -1.035089 -6.021790 0.933869 -0.357372 0.013175 0.578125 0.531250
0.734305 -0.837560 -6.021790 0.988809 0.148926 0.008794 0.617188 0.531250
0.724999 -0.826569 -5.161534 0.988809 0.148926 0.008794 0.617188 0.562500
0.735352 -0.895312 -5.161534 0.988809 0.148926 0.008794 0.609375 0.562500
0.744796 -0.907213 -6.021790 0.988809 0.148926 0.008794 0.609375 0.531250
1.058534 0.383383 -6.021790 0.544175 0.838865 0.013406 0.804688 0.531250
1.044991 0.378420 -5.161534 0.544175 0.838865 0.013406 0.804688 0.562500
1.109116 0.336822 -5.161534 0.544175 0.838865 0.013406 0.796875 0.562500
1.123508 0.341234 -6.021790 0.544175 0.838865 0.013406 0.796875 0.531250
1.122944 0.162119 -6.021790 0.715915 0.698054 0.013652 0.773438 0.531250
1.108559 0.160047 -5.161534 0.715915 0.698054 0.013652 0.773438 0.562500
1.153433 0.114025 -5.161534 0.715915 0.698054 0.013652 0.765625 0.562500
1.168412 0.115487 -6.021790 0.715915 0.698054 0.013652 0.765625 0.531250
1.142949 -0.067460 -6.021790 0.880107 0.474554 0.014472 0.742188 0.531250
1.128303 -0.066532 -5.161534 0.880107 0.474554 0.014472 0.742188 0.562500
1.153433 -0.113138 -5.161534 0.880107 0.474554 0.014472 0.734375 0.562500
1.168412 -0.114683 -6.021790 0.880107 0.474554 0.014472 0.734375 0.531250
1.067554 -0.258296 -6.021790 0.826396 0.562985 0.010884 0.710938 0.531250
1.053893 -0.254874 -5.161534 0.826396 0.562985 0.010884 0.710938 0.562500
1.109116 -0.335935 -5.161534 0.826396 0.562985 0.010884 0.703125 0.562500
1.123508 -0.340430 -6.021790 0.826396 0.562985 0.010884 0.703125 0.531250
0.991535 -0.462449 -6.028979 0.899571 0.436656 0.010175 0.679688 0.531250
0.978867 -0.456360 -5.172100 0.899571 0.436656 0.010175 0.679688 0.562500
1.022185 -0.545806 -5.161534 0.899571 0.436656 0.010175 0.671875 0.562500
1.035426 -0.553079 -6.021790 0.899571 0.436656 0.010175 0.671875 0.531250
-0.057607 1.174546 -6.021790 0.776265 0.630323 0.010271 0.007812 0.531250
-0.056566 1.159245 -5.161534 0.776265 0.630323 0.010271 0.007812 0.562500
-0.011316 1.103519 -5.161534 0.776265 0.630323 0.010271 0.000000 0.562500
-0.011758 1.118082 -6.021790 0.776265 0.630323 0.010271 0.000000 0.531250
-0.285564 1.140759 -6.021790 0.388320 0.921416 0.014101 0.039062 0.531250
-0.281544 1.125900 -5.161534 0.388320 0.921416 0.014101 0.039062 0.562500
-0.206319 1.094198 -5.161534 0.388320 0.921416 0.014101 0.031250 0.562500
-0.209343 1.108637 -6.021790 0.388320 0.921416 0.014101 0.031250 0.531250
-0.502551 1.063149 -6.021790 0.085123 0.996252 0.015355 0.070312 0.531250
-0.495696 1.049305 -5.161534 0.085123 0.996252 0.015355 0.070312 0.562500
-0.415782 1.042477 -5.161534 0.085123 0.996252 0.015355 0.062500 0.562500
-0.421579 1.056231 -6.021790 0.085123 0.996252 0.015355 0.062500 0.531250
-0.700228 0.944699 -6.021790 0.103156 0.994579 0.013086 0.101562 0.531250
-0.690790 0.932402 -5.161534 0.103156 0.994579 0.013086 0.101562 0.562500
-0.610963 0.924122 -5.161534 0.103156 0.994579 0.013086 0.093750 0.562500
-0.619344 0.936310 -6.021790 0.103156 0.994579 0.013086 0.093750 0.531250
-0.870997 0.789959 -6.021790 0.120570 0.992652 0.010221 0.132812 0.531250
-0.859328 0.779684 -5.161534 0.120570 0.992652 0.010221 0.132812 0.562500
-0.779304 0.769964 -5.161534 0.120570 0.992652 0.010221 0.125000 0.562500
-0.789914 0.780111 -6.021790 0.120570 0.992652 0.010221 0.125000 0.531250
-1.008298 0.604878 -6.021790 0.136523 0.990613 0.006911 0.164062 0.531250
-0.994835 0.597021 -5.161534 0.136523 0.990613 0.006911 0.164062 0.562500
-0.914335 0.585927 -5.161534 0.136523 0.990613 0.006911 0.156250 0.562500
-0.926733 0.593637 -6.021790 0.136523 0.990613 0.006911 0.156250 0.531250
-1.108490 0.391168 -6.021790 0.084449 0.996418 0.004416 0.196075 0.531250
-1.093717 0.386104 -5.161534 0.084449 0.996418 0.004416 0.196075 0.562500
-1.010868 0.379082 -5.161534 0.084449 0.996418 0.004416 0.187500 0.562500
-1.024544 0.384053 -6.021790 0.084449 0.996418 0.004416 0.187500 0.531250
-1.162874 0.173030 -6.021790 0.161332 0.986900 -0.000364 0.226562 0.531250
-1.147390 0.170816 -5.161534 0.161332 0.986900 -0.000364 0.226562 0.562500
-1.065193 0.157379 -5.161534 0.161332 0.986900 -0.000364 0.218750 0.562500
-1.079588 0.159415 -6.021790 0.161332 0.986900 -0.000364 0.218750 0.531250
-1.174209 -0.057140 -6.021790 -0.664914 0.746833 0.011393 0.257812 0.531250
-1.158577 -0.056346 -5.161534 -0.664914 0.746833 0.011393 0.257812 0.562500
-1.094903 0.000344 -5.161534 -0.664914 0.746833 0.011393 0.250000 0.562500
-1.109691 0.000301 -6.021790 -0.664914 0.746833 0.011393 0.250000 0.531250
-1.140422 -0.285098 -6.021790 -0.880335 0.474161 0.013465 0.289062 0.531250
-1.125232 -0.281326 -5.161534 -0.880335 0.474161 0.013465 0.289062 0.562500
-1.092242 -0.220075 -5.161534 -0.880335 0.474161 0.013465 0.281250 0.562500
-1.106995 -0.223036 -6.021790 -0.880335 0.474161 0.013465 0.281250 0.531250
-1.062812 -0.502085 -6.021790 -0.961702 0.273750 0.013745 0.320312 0.531250
-1.048636 -0.495478 -5.161534 -0.961702 0.273750 0.013745 0.320312 0.562500
-1.027457 -0.421075 -5.161534 -0.961702 0.273750 0.013745 0.312500 0.562500
-1.041353 -0.426697 -6.021790 -0.961702 0.273750 0.013745 0.312500 0.531250
-0.940046 -0.705020 -6.021790 -0.944956 0.327036 0.010289 0.352482 0.531250
-0.927474 -0.695761 -5.161534 -0.944956 0.327036 0.010289 0.352482 0.562500
-0.897308 -0.608596 -5.161534 -0.944956 0.327036 0.010289 0.343750 0.562500
-0.909480 -0.616701 -6.021790 -0.944956 0.327036 0.010289 0.343750 0.531250
-0.789622 -0.870532 -6.021790 -0.999915 0.004450 0.012269 0.382812 0.531250
-0.779016 -0.859110 -5.161534 -0.999915 0.004450 0.012269 0.382812 0.562500
-0.778712 -0.790951 -5.161534 -0.999915 0.004450 0.012269 0.375000 0.562500
-0.789314 -0.801470 -6.021790 -0.999915 0.004450 0.012269 0.375000 0.531250
-0.604540 -1.007832 -6.021790 -0.992426 -0.122324 0.011325 0.414062 0.531250
-0.596352 -0.994616 -5.161534 -0.992426 -0.122324 0.011325 0.414062 0.562500
-0.605198 -0.922852 -5.161534 -0.992426 -0.122324 0.011325 0.406250 0.562500
-0.613503 -0.935117 -6.021790 -0.992426 -0.122324 0.011325 0.406250 0.531250
-0.390155 -1.108229 -6.021790 -0.779799 -0.625839 0.015452 0.446170 0.531250
-0.384769 -1.093701 -5.161534 -0.779799 -0.625839 0.015452 0.446170 0.562500
-0.427167 -1.040873 -5.161534 -0.779799 -0.625839 0.015452 0.437500 0.562500
-0.433115 -1.054701 -6.021790 -0.779799 -0.625839 0.015452 0.437500 0.531250
-0.172692 -1.162408 -6.021790 -0.759743 -0.650078 0.013761 0.476562 0.531250
-0.170148 -1.147172 -5.161534 -0.759743 -0.650078 0.013761 0.476562 0.562500
-0.215438 -1.094242 -5.161534 -0.759743 -0.650078 0.013761 0.468750 0.562500
-0.218582 -1.108777 -6.021790 -0.759743 -0.650078 0.013761 0.468750 0.531250
0.057477 -1.173743 -6.021790 -0.472235 -0.881336 0.015507 0.507812 0.531250
0.057015 -1.158359 -5.161534 -0.472235 -0.881336 0.015507 0.507812 0.562500
-0.004660 -1.125312 -5.161534 -0.472235 -0.881336 0.015507 0.500000 0.562500
-0.005014 -1.140258 -6.021790 -0.472235 -0.881336 0.015507 0.500000 0.531250
0.285436 -1.139956 -6.021790 -0.519655 -0.854281 0.012760 0.539062 0.531250
0.281995 -1.125013 -5.161534 -0.519655 -0.854281 0.012760 0.539062 0.562500
0.220462 -1.087583 -5.161534 -0.519655 -0.854281 0.012760 0.531250 0.562500
0.223088 -1.102030 -6.021790 -0.519655 -0.854281 0.012760 0.531250 0.531250
0.502423 -1.062346 -6.021790 -0.509668 -0.860311 0.010210 0.570312 0.531250
0.496147 -1.048417 -5.161534 -0.509668 -0.860311 0.010210 0.570312 0.562500
0.414076 -0.999797 -5.161534 -0.509668 -0.860311 0.010210 0.562500 0.562500
0.419266 -1.013081 -6.021790 -0.509668 -0.860311 0.010210 0.562500 0.531250
0.700100 -0.943895 -6.021790 -0.383560 -0.923469 0.009340 0.601562 0.531250
0.691240 -0.931514 -5.161534 -0.383560 -0.923469 0.009340 0.601562 0.562500
0.620312 -0.902054 -5.161534 -0.383560 -0.923469 0.009340 0.593750 0.562500
0.628233 -0.914045 -6.021790 -0.383560 -0.923469 0.009340 0.593750 0.531250
0.870869 -0.789155 -6.021790 0.104803 -0.994404 0.013325 0.632812 0.531250
0.859778 -0.778796 -5.161534 0.104803 -0.994404 0.013325 0.632812 0.562500
0.767527 -0.788519 -5.161534 0.104803 -0.994404 0.013325 0.625000 0.562500
0.777396 -0.799006 -6.021790 0.104803 -0.994404 0.013325 0.625000 0.531250
1.008169 -0.604073 -6.021790 0.108858 -0.993999 0.010805 0.664062 0.531250
0.995284 -0.596133 -5.161534 0.108858 -0.993999 0.010805 0.664062 0.562500
0.904678 -0.606056 -5.161534 0.108858 -0.993999 0.010805 0.656250 0.562500
0.916363 -0.614127 -6.021790 0.108858 -0.993999 0.010805 0.656250 0.531250
1.106724 -0.395761 -6.021790 0.158832 -0.987268 0.008623 0.695312 0.531250
1.092551 -0.390543 -5.161534 0.158832 -0.987268 0.008623 0.695312 0.562500
1.003597 -0.404931 -5.172100 0.158832 -0.987268 0.008623 0.687500 0.562500
1.016592 -0.410340 -6.028979 0.158832 -0.987268 0.008623 0.687500 0.531250
1.162745 -0.172225 -6.021790 0.348877 -0.937129 0.008547 0.726562 0.531250
1.147840 -0.169928 -5.161534 0.348877 -0.937129 0.008547 0.726562 0.562500
1.068114 -0.199609 -5.161534 0.348877 -0.937129 0.008547 0.718750 0.562500
1.081963 -0.202299 -6.021790 0.348877 -0.937129 0.008547 0.718750 0.531250
1.174080 0.057944 -6.021790 0.925692 -0.377945 0.015886 0.757812 0.531250
1.159027 0.057234 -5.161534 0.925692 -0.377945 0.015886 0.757812 0.562500
1.131751 -0.009571 -5.161534 0.925692 -0.377945 0.015886 0.750000 0.562500
1.146443 -0.009745 -6.021790 0.925692 -0.377945 0.015886 0.750000 0.531250
1.140293 0.285903 -6.021790 0.935090 -0.354118 0.014364 0.789062 0.531250
1.125681 0.282214 -5.161534 0.935090 -0.354118 0.014364 0.789062 0.562500
1.100828 0.216586 -5.161534 0.935090 -0.354118 0.014364 0.781250 0.562500
1.115111 0.219406 -6.021790 0.935090 -0.354118 0.014364 0.781250 0.531250
1.062683 0.502890 -6.021790 0.942368 -0.334350 0.012359 0.820312 0.531250
1.049085 0.496365 -5.161534 0.942368 -0.334350 0.012359 0.820312 0.562500
1.026378 0.432365 -5.161534 0.942368 -0.334350 0.012359 0.812500 0.562500
1.039675 0.438042 -6.021790 0.942368 -0.334350 0.012359 0.812500 0.531250
0.944232 0.700566 -6.021790 0.979305 -0.202058 0.011578 0.851562 0.531250
0.932182 0.691459 -5.161534 0.979305 -0.202058 0.011578 0.851562 0.562500
0.917286 0.619264 -5.161534 0.979305 -0.202058 0.011578 0.843750 0.562500
0.929139 0.627415 -6.021790 0.979305 -0.202058 0.011578 0.843750 0.531250
0.789492 0.871336 -6.021790 0.993207 0.115620 0.013101 0.882812 0.531250
0.779464 0.859997 -5.161534 0.993207 0.115620 0.013101 0.882812 0.562500
0.791344 0.757951 -5.161534 0.993207 0.115620 0.013101 0.875000 0.562500
0.801528 0.767939 -6.021790 0.993207 0.115620 0.013101 0.875000 0.531250
0.604410 1.008636 -6.021790 0.987367 0.158059 0.011146 0.914062 0.531250
0.596801 0.995503 -5.161534 0.987367 0.158059 0.011146 0.914062 0.562500
0.612186 0.899393 -5.161534 0.987367 0.158059 0.011146 0.906250 0.562500
0.619999 0.911254 -6.021790 0.987367 0.158059 0.011146 0.906250 0.531250
0.396099 1.107190 -6.021790 0.991511 0.129788 0.007809 0.945312 0.531250
0.391211 1.092770 -5.161534 0.991511 0.129788 0.007809 0.945312 0.562500
0.403048 1.003166 -5.175250 0.991511 0.129788 0.007809 0.937500 0.562500
0.408092 1.016400 -6.035505 0.991511 0.129788 0.007809 0.937500 0.531250
0.172563 1.163211 -6.021790 0.863516 0.504205 0.010855 0.976562 0.531250
0.170596 1.148059 -5.161534 0.863516 0.504205 0.010855 0.976562 0.562500
0.209997 1.080580 -5.161534 0.863516 0.504205 0.010855 0.968750 0.562500
0.212485 1.094839 -6.021790 0.863516 0.504205 0.010855 0.968750 0.531250
0.174852 1.178464 -6.882045 0.601522 0.797215 0.051182 0.976562 0.500000
0.172563 1.163211 -6.021790 0.601522 0.797215 0.051182 0.976562 0.531250
0.212485 1.094839 -6.021790 0.601522 0.797215 0.051182 0.968750 0.531250
0.233155 1.172722 -6.882045 0.601522 0.797215 0.051182 0.968750 0.500000
0.401345 1.121702 -6.882045 0.847478 0.527556 0.058869 0.945312 0.500000
0.396099 1.107190 -6.021790 0.847478 0.527556 0.058869 0.945312 0.531250
0.408092 1.016400 -6.035505 0.847478 0.527556 0.058869 0.937500 0.531250
0.457408 1.104695 -6.882045 0.847478 0.527556 0.058869 0.937500 0.500000
0.612412 1.021844 -6.882045 0.879378 0.473158 0.053071 0.914062 0.500000
0.604410 1.008636 -6.021790 0.879378 0.473158 0.053071 0.914062 0.531250
0.619999 0.911254 -6.021790 0.879378 0.473158 0.053071 0.906250 0.531250
0.664080 0.994227 -6.882045 0.879378 0.473158 0.053071 0.906250 0.500000
0.799942 0.882728 -6.882045 0.924865 0.377175 0.048623 0.882812 0.500000
0.789492 0.871336 -6.021790 0.924865 0.377175 0.048623 0.882812 0.531250
0.801528 0.767939 -6.021790 0.924865 0.377175 0.048623 0.875000 0.531250
0.845229 0.845561 -6.882045 0.924865 0.377175 0.048623 0.875000 0.500000
0.956728 0.709699 -6.882045 0.981892 0.182995 0.048995 0.851562 0.500000
0.944232 0.700566 -6.021790 0.981892 0.182995 0.048995 0.851562 0.531250
0.929139 0.627415 -6.021790 0.981892 0.182995 0.048995 0.843750 0.531250
0.993895 0.664412 -6.882045 0.981892 0.182995 0.048995 0.843750 0.500000
1.076746 0.509408 -6.882045 0.998147 0.039486 0.046290 0.820312 0.500000
1.062683 0.502890 -6.021790 0.998147 0.039486 0.046290 0.820312 0.531250
1.039675 0.438042 -6.021790 0.998147 0.039486 0.046290 0.812500 0.531250
1.104363 0.457740 -6.882045 0.998147 0.039486 0.046290 0.812500 0.500000
1.155383 0.289551 -6.882045 0.996933 -0.066502 0.041248 0.789062 0.500000
1.140293 0.285903 -6.021790 0.996933 -0.066502 0.041248 0.789062 0.531250
1.115111 0.219406 -6.021790 0.996933 -0.066502 0.041248 0.781250 0.531250
1.172390 0.233488 -6.882045 0.996933 -0.066502 0.041248 0.781250 0.500000
1.189617 0.058577 -6.882045 0.984603 -0.171096 0.035826 0.757812 0.500000
1.174080 0.057944 -6.021790 0.984603 -0.171096 0.035826 0.757812 0.531250
1.146443 -0.009745 -6.021790 0.984603 -0.171096 0.035826 0.750000 0.531250
1.195359 0.000273 -6.882045 0.984603 -0.171096 0.035826 0.750000 0.500000
1.178132 -0.174638 -6.882045 0.713387 -0.698425 0.057292 0.726562 0.500000
1.162745 -0.172225 -6.021790 0.713387 -0.698425 0.057292 0.726562 0.531250
1.081963 -0.202299 -6.021790 0.713387 -0.698425 0.057292 0.718750 0.531250
1.172390 -0.232941 -6.882045 0.713387 -0.698425 0.057292 0.718750 0.500000
1.121370 -0.401131 -6.882045 0.546810 -0.835236 0.058145 0.695312 0.500000
1.106724 -0.395761 -6.021790 0.546810 -0.835236 0.058145 0.695312 0.531250
1.016592 -0.410340 -6.028979 0.546810 -0.835236 0.058145 0.687500 0.531250
1.104363 -0.457194 -6.882045 0.546810 -0.835236 0.058145 0.687500 0.500000
1.021512 -0.612198 -6.882045 0.458468 -0.887066 0.054049 0.664062 0.500000
1.008169 -0.604073 -6.021790 0.458468 -0.887066 0.054049 0.664062 0.531250
0.916363 -0.614127 -6.021790 0.458468 -0.887066 0.054049 0.656250 0.531250
0.993895 -0.663866 -6.882045 0.458468 -0.887066 0.054049 0.656250 0.500000
0.882396 -0.799728 -6.882045 0.388401 -0.920230 0.048179 0.632812 0.500000
0.870869 -0.789155 -6.021790 0.388401 -0.920230 0.048179 0.632812 0.531250
0.777396 -0.799006 -6.021790 0.388401 -0.920230 0.048179 0.625000 0.531250
0.845229 -0.845016 -6.882045 0.388401 -0.920230 0.048179 0.625000 0.500000
0.709367 -0.956515 -6.882045 0.062238 -0.996541 0.055068 0.601562 0.500000
0.700100 -0.943895 -6.021790 0.062238 -0.996541 0.055068 0.601562 0.531250
0.628233 -0.914045 -6.021790 0.062238 -0.996541 0.055068 0.593750 0.531250
0.664080 -0.993681 -6.882045 0.062238 -0.996541 0.055068 0.593750 0.500000
0.509075 -1.076533 -6.882045 -0.158277 -0.985795 0.056187 0.570312 0.500000
0.502423 -1.062346 -6.021790 -0.158277 -0.985795 0.056187 0.570312 0.531250
0.419266 -1.013081 -6.021790 -0.158277 -0.985795 0.056187 0.562500 0.531250
0.457407 -1.104150 -6.882045 -0.158277 -0.985795 0.056187 0.562500 0.500000
0.289218 -1.155169 -6.882045 -0.173778 -0.983643 0.047403 0.539062 0.500000
0.285436 -1.139956 -6.021790 -0.173778 -0.983643 0.047403 0.539062 0.531250
0.223088 -1.102030 -6.021790 -0.173778 -0.983643 0.047403 0.531250 0.531250
0.233155 -1.172176 -6.882045 -0.173778 -0.983643 0.047403 0.531250 0.500000
0.058244 -1.189403 -6.882045 -0.223661 -0.973879 0.039189 0.507812 0.500000
0.057477 -1.173743 -6.021790 -0.223661 -0.973879 0.039189 0.507812 0.531250
-0.005014 -1.140258 -6.021790 -0.223661 -0.973879 0.039189 0.500000 0.531250
-0.000060 -1.195145 -6.882045 -0.223661 -0.973879 0.039189 0.500000 0.500000
-0.174971 -1.177918 -6.882045 -0.494604 -0.867969 0.044687 0.476562 0.500000
-0.172692 -1.162408 -6.021790 -0.494604 -0.867969 0.044687 0.476562 0.531250
-0.218582 -1.108777 -6.021790 -0.494604 -0.867969 0.044687 0.468750 0.531250
-0.233274 -1.172176 -6.882045 -0.494604 -0.867969 0.044687 0.468750 0.500000
-0.395310 -1.123023 -6.882045 -0.566556 -0.823029 0.040467 0.446170 0.500000
-0.390155 -1.108229 -6.021790 -0.566556 -0.823029 0.040467 0.446170 0.531250
-0.433115 -1.054701 -6.021790 -0.566556 -0.823029 0.040467 0.437500 0.531250
-0.457527 -1.104149 -6.882045 -0.566556 -0.823029 0.040467 0.437500 0.500000
-0.612531 -1.021298 -6.882045 -0.854760 -0.516533 0.050781 0.414062 0.500000
-0.604540 -1.007832 -6.021790 -0.854760 -0.516533 0.050781 0.414062 0.531250
-0.613503 -0.935117 -6.021790 -0.854760 -0.516533 0.050781 0.406250 0.531250
-0.664199 -0.993681 -6.882045 -0.854760 -0.516533 0.050781 0.406250 0.500000
-0.800061 -0.882181 -6.882045 -0.919788 -0.389466 0.048031 0.382812 0.500000
-0.789622 -0.870532 -6.021790 -0.919788 -0.389466 0.048031 0.382812 0.531250
-0.789314 -0.801470 -6.021790 -0.919788 -0.389466 0.048031 0.375000 0.531250
-0.845348 -0.845015 -6.882045 -0.919788 -0.389466 0.048031 0.375000 0.500000
-0.952475 -0.714481 -6.882045 -0.995178 -0.078599 0.058672 0.352482 0.500000
-0.940046 -0.705020 -6.021790 -0.995178 -0.078599 0.058672 0.352482 0.531250
-0.909480 -0.616701 -6.021790 -0.995178 -0.078599 0.058672 0.343750 0.531250
-0.994014 -0.663865 -6.882045 -0.995178 -0.078599 0.058672 0.343750 0.500000
-1.076865 -0.508861 -6.882045 -0.997779 -0.048357 0.045808 0.320312 0.500000
-1.062812 -0.502085 -6.021790 -0.997779 -0.048357 0.045808 0.320312 0.531250
-1.041353 -0.426697 -6.021790 -0.997779 -0.048357 0.045808 0.312500 0.531250
-1.104482 -0.457193 -6.882045 -0.997779 -0.048357 0.045808 0.312500 0.500000
-1.155502 -0.289004 -6.882045 -0.989461 0.137551 0.045245 0.289062 0.500000
-1.140422 -0.285098 -6.021790 -0.989461 0.137551 0.045245 0.289062 0.531250
-1.106995 -0.223036 -6.021790 -0.989461 0.137551 0.045245 0.281250 0.531250
-1.172508 -0.232941 -6.882045 -0.989461 0.137551 0.045245 0.281250 0.500000
-1.189735 -0.058030 -6.882045 -0.890413 0.452152 0.052191 0.257812 0.500000
-1.174209 -0.057140 -6.021790 -0.890413 0.452152 0.052191 0.257812 0.531250
-1.109691 0.000301 -6.021790 -0.890413 0.452152 0.052191 0.250000 0.531250
-1.195478 0.000274 -6.882045 -0.890413 0.452152 0.052191 0.250000 0.500000
-1.178250 0.175185 -6.882045 -0.447585 0.891677 0.067679 0.226562 0.500000
-1.162874 0.173030 -6.021790 -0.447585 0.891677 0.067679 0.226562 0.531250
-1.079588 0.159415 -6.021790 -0.447585 0.891677 0.067679 0.218750 0.531250
-1.172508 0.233489 -6.882045 -0.447585 0.891677 0.067679 0.218750 0.500000
-1.123147 0.396208 -6.882045 -0.467498 0.881524 0.066040 0.196075 0.500000
-1.108490 0.391168 -6.021790 -0.467498 0.881524 0.066040 0.196075 0.531250
-1.024544 0.384053 -6.021790 -0.467498 0.881524 0.066040 0.187500 0.531250
-1.104481 0.457741 -6.882045 -0.467498 0.881524 0.066040 0.187500 0.500000
-1.021630 0.612745 -6.882045 -0.346627 0.936144 0.059031 0.164062 0.500000
-1.008298 0.604878 -6.021790 -0.346627 0.936144 0.059031 0.164062 0.531250
-0.926733 0.593637 -6.021790 -0.346627 0.936144 0.059031 0.156250 0.531250
-0.994013 0.664413 -6.882045 -0.346627 0.936144 0.059031 0.156250 0.500000
-0.882513 0.800275 -6.882045 -0.286671 0.956546 0.053279 0.132812 0.500000
-0.870997 0.789959 -6.021790 -0.286671 0.956546 0.053279 0.132812 0.531250
-0.789914 0.780111 -6.021790 -0.286671 0.956546 0.053279 0.125000 0.531250
-0.845347 0.845562 -6.882045 -0.286671 0.956546 0.053279 0.125000 0.500000
-0.709484 0.957062 -6.882045 -0.222128 0.973895 0.046768 0.101562 0.500000
-0.700228 0.944699 -6.021790 -0.222128 0.973895 0.046768 0.101562 0.531250
-0.619344 0.936310 -6.021790 -0.222128 0.973895 0.046768 0.093750 0.531250
-0.664197 0.994228 -6.882045 -0.222128 0.973895 0.046768 0.093750 0.500000
-0.509193 1.077079 -6.882045 -0.154065 0.987266 0.039617 0.070312 0.500000
-0.502551 1.063149 -6.021790 -0.154065 0.987266 0.039617 0.070312 0.531250
-0.421579 1.056231 -6.021790 -0.154065 0.987266 0.039617 0.062500 0.531250
-0.457524 1.104696 -6.882045 -0.154065 0.987266 0.039617 0.062500 0.500000
-0.289335 1.155715 -6.882045 0.113421 0.992582 0.043774 0.039062 0.500000
-0.285564 1.140759 -6.021790 0.113421 0.992582 0.043774 0.039062 0.531250
-0.209343 1.108637 -6.021790 0.113421 0.992582 0.043774 0.031250 0.531250
-0.233272 1.172722 -6.882045 0.113421 0.992582 0.043774 0.031250 0.500000
-0.058362 1.189949 -6.882045 0.437263 0.897868 0.051321 0.007812 0.500000
-0.057607 1.174546 -6.021790 0.437263 0.897868 0.051321 0.007812 0.531250
-0.011758 1.118082 -6.021790 0.437263 0.897868 0.051321 0.000000 0.531250
-0.000059 1.195691 -6.882045 0.437263 0.897868 0.051321 0.000000 0.500000
1.076746 -0.508862 -6.882045 0.991786 0.116135 0.053607 0.679688 0.500000
0.991535 -0.462449 -6.028979 0.991786 0.116135 0.053607 0.679688 0.531250
1.035426 -0.553079 -6.021790 0.991786 0.116135 0.053607 0.671875 0.531250
1.049129 -0.560530 -6.882045 0.991786 0.116135 0.053607 0.671875 0.500000
1.155383 -0.289005 -6.882045 0.961213 0.270896 0.051810 0.710938 0.500000
1.067554 -0.258296 -6.021790 0.961213 0.270896 0.051810 0.710938 0.531250
1.123508 -0.340430 -6.021790 0.961213 0.270896 0.051810 0.703125 0.531250
1.138376 -0.345068 -6.882045 0.961213 0.270896 0.051810 0.703125 0.500000
1.189617 -0.058031 -6.882045 0.982335 0.183574 0.036303 0.742188 0.500000
1.142949 -0.067460 -6.021790 0.982335 0.183574 0.036303 0.742188 0.531250
1.168412 -0.114683 -6.021790 0.982335 0.183574 0.036303 0.734375 0.531250
1.183874 -0.116334 -6.882045 0.982335 0.183574 0.036303 0.734375 0.500000
1.178132 0.175184 -6.882045 0.897952 0.438222 0.040556 0.773438 0.500000
1.122944 0.162119 -6.021790 0.897952 0.438222 0.040556 0.773438 0.531250
1.168412 0.115487 -6.021790 0.897952 0.438222 0.040556 0.765625 0.531250
1.183874 0.116880 -6.882045 0.897952 0.438222 0.040556 0.765625 0.500000
1.121370 0.401677 -6.882045 0.766980 0.640223 0.043077 0.804688 0.500000
1.058534 0.383383 -6.021790 0.766980 0.640223 0.043077 0.804688 0.531250
1.123508 0.341234 -6.021790 0.766980 0.640223 0.043077 0.796875 0.531250
1.138376 0.345614 -6.882045 0.766980 0.640223 0.043077 0.796875 0.500000
0.799942 -0.882182 -6.882045 0.949544 -0.309316 0.051869 0.617188 0.500000
0.734305 -0.837560 -6.021790 0.949544 -0.309316 0.051869 0.617188 0.531250
0.744796 -0.907213 -6.021790 0.949544 -0.309316 0.051869 0.609375 0.531250
0.754654 -0.919348 -6.882045 0.949544 -0.309316 0.051869 0.609375 0.500000
0.612412 -1.021298 -6.882045 0.797069 -0.602208 0.045008 0.585938 0.500000
0.585031 -0.952475 -6.021790 0.797069 -0.602208 0.045008 0.585938 0.531250
0.553416 -1.035089 -6.021790 0.797069 -0.602208 0.045008 0.578125 0.531250
0.560743 -1.048916 -6.882045 0.797069 -0.602208 0.045008 0.578125 0.500000
0.401344 -1.121156 -6.882045 0.796832 -0.601720 0.054702 0.554688 0.500000
0.365200 -1.033580 -6.021790 0.796832 -0.601720 0.054702 0.554688 0.531250
0.340767 -1.123171 -6.021790 0.796832 -0.601720 0.054702 0.546875 0.531250
0.345281 -1.138163 -6.882045 0.796832 -0.601720 0.054702 0.546875 0.500000
0.174851 -1.177918 -6.882045 0.494135 -0.868255 0.044302 0.523438 0.500000
0.166063 -1.111587 -6.021790 0.494135 -0.868255 0.044302 0.523438 0.531250
0.115020 -1.168075 -6.021790 0.494135 -0.868255 0.044302 0.515625 0.531250
0.116548 -1.183661 -6.882045 0.494135 -0.868255 0.044302 0.515625 0.500000
0.956728 -0.709153 -6.882045 0.994833 -0.086395 0.053326 0.648438 0.500000
0.881622 -0.660347 -6.021790 0.994833 -0.086395 0.053326 0.648438 0.531250
0.907550 -0.744459 -6.021790 0.994833 -0.086395 0.053326 0.640625 0.531250
0.919562 -0.754441 -6.882045 0.994833 -0.086395 0.053326 0.640625 0.500000
1.021512 0.612744 -6.882045 0.582942 0.811206 0.046076 0.835938 0.500000
0.958299 0.577486 -6.021790 0.582942 0.811206 0.046076 0.835938 0.531250
1.035426 0.553883 -6.021790 0.582942 0.811206 0.046076 0.828125 0.531250
1.049129 0.561076 -6.882045 0.582942 0.811206 0.046076 0.828125 0.500000
0.882396 0.800274 -6.882045 0.220878 0.973704 0.055808 0.867188 0.500000
0.839049 0.723945 -6.021790 0.220878 0.973704 0.055808 0.867188 0.531250
0.907550 0.745262 -6.021790 0.220878 0.973704 0.055808 0.859375 0.531250
0.919562 0.754987 -6.882045 0.220878 0.973704 0.055808 0.859375 0.500000
0.709367 0.957061 -6.882045 0.036603 0.997794 0.055377 0.898438 0.500000
0.665381 0.875425 -6.021790 0.036603 0.997794 0.055377 0.898438 0.531250
0.744796 0.908017 -6.021790 0.036603 0.997794 0.055377 0.890625 0.531250
0.754654 0.919894 -6.882045 0.036603 0.997794 0.055377 0.890625 0.500000
0.509076 1.077078 -6.882045 -0.128701 0.990210 0.054042 0.929688 0.500000
0.459592 0.990114 -6.035505 -0.128701 0.990210 0.054042 0.929688 0.531250
0.553417 1.035892 -6.021790 -0.128701 0.990210 0.054042 0.921875 0.531250
0.560744 1.049461 -6.882045 -0.128701 0.990210 0.054042 0.921875 0.500000
0.289218 1.155715 -6.882045 -0.211332 0.976201 0.048682 0.960938 0.500000
0.268124 1.079105 -6.021790 -0.211332 0.976201 0.048682 0.960938 0.531250
0.340767 1.123974 -6.021790 -0.211332 0.976201 0.048682 0.953125 0.531250
0.345281 1.138709 -6.882045 -0.211332 0.976201 0.048682 0.953125 0.500000
0.058244 1.189949 -6.882045 -0.349788 0.935699 0.046004 0.992188 0.500000
0.046007 1.115541 -6.021790 -0.349788 0.935699 0.046004 0.992188 0.531250
0.115020 1.168878 -6.021790 -0.349788 0.935699 0.046004 0.984375 0.531250
0.116548 1.184206 -6.882045 -0.349788 0.935699 0.046004 0.984375 0.500000
-0.174969 1.178464 -6.882045 -0.513955 0.856621 0.045284 0.023438 0.500000
-0.152193 1.117414 -6.021790 -0.513955 0.856621 0.045284 0.023438 0.531250
-0.115149 1.168879 -6.021790 -0.513955 0.856621 0.045284 0.015625 0.531250
-0.116666 1.184207 -6.882045 -0.513955 0.856621 0.045284 0.015625 0.500000
-0.401461 1.121703 -6.882045 -0.618720 0.784515 0.041489 0.054688 0.500000
-0.367239 1.075989 -6.021790 -0.618720 0.784515 0.041489 0.054688 0.531250
-0.340895 1.123975 -6.021790 -0.618720 0.784515 0.041489 0.046875 0.531250
-0.345398 1.138709 -6.882045 -0.618720 0.784515 0.041489 0.046875 0.500000
-0.612529 1.021845 -6.882045 -0.818443 0.572681 0.046765 0.085938 0.500000
-0.569903 0.966290 -6.021790 -0.818443 0.572681 0.046765 0.085938 0.531250
-0.553544 1.035893 -6.021790 -0.818443 0.572681 0.046765 0.078125 0.531250
-0.560861 1.049462 -6.882045 -0.818443 0.572681 0.046765 0.078125 0.500000
-0.800059 0.882729 -6.882045 -0.934262 0.353136 0.049497 0.117188 0.500000
-0.747271 0.819161 -6.021790 -0.934262 0.353136 0.049497 0.117188 0.531250
-0.744924 0.908018 -6.021790 -0.934262 0.353136 0.049497 0.109375 0.531250
-0.754772 0.919895 -6.882045 -0.934262 0.353136 0.049497 0.109375 0.500000
-0.956846 0.709700 -6.882045 -0.988179 0.144753 0.050495 0.148438 0.500000
-0.892528 0.640255 -6.021790 -0.988179 0.144753 0.050495 0.148438 0.531250
-0.907679 0.745263 -6.021790 -0.988179 0.144753 0.050495 0.140625 0.531250
-0.919680 0.754988 -6.882045 -0.988179 0.144753 0.050495 0.140625 0.500000
-1.076864 0.509409 -6.882045 -0.997661 -0.046290 0.050301 0.179688 0.500000
-1.000091 0.436449 -6.021790 -0.997661 -0.046290 0.050301 0.179688 0.531250
-1.035555 0.553884 -6.021790 -0.997661 -0.046290 0.050301 0.171875 0.531250
-1.049247 0.561077 -6.882045 -0.997661 -0.046290 0.050301 0.171875 0.500000
-1.157160 0.284082 -6.882045 -0.966795 -0.251093 0.047525 0.211700 0.500000
-1.067169 0.210096 -6.021790 -0.966795 -0.251093 0.047525 0.211700 0.531250
-1.126912 0.330439 -6.021790 -0.966795 -0.251093 0.047525 0.204649 0.531250
-1.141813 0.334676 -6.882045 -0.966795 -0.251093 0.047525 0.204649 0.500000
-1.189735 0.058578 -6.882045 -0.916413 -0.397240 0.048857 0.242188 0.500000
-1.112627 0.058047 -6.021790 -0.916413 -0.397240 0.048857 0.242188 0.531250
-1.168541 0.115488 -6.021790 -0.916413 -0.397240 0.048857 0.234375 0.531250
-1.183993 0.116881 -6.882045 -0.916413 -0.397240 0.048857 0.234375 0.500000
-1.178251 -0.174637 -6.882045 -0.913801 -0.404334 0.038493 0.273438 0.500000
-1.124873 -0.168048 -6.021790 -0.913801 -0.404334 0.038493 0.273438 0.531250
-1.168541 -0.114682 -6.021790 -0.913801 -0.404334 0.038493 0.265625 0.531250
-1.183993 -0.116333 -6.882045 -0.913801 -0.404334 0.038493 0.265625 0.500000
-1.121489 -0.401130 -6.882045 -0.759904 -0.648554 0.043864 0.304688 0.500000
-1.064420 -0.373677 -6.021790 -0.759904 -0.648554 0.043864 0.304688 0.531250
-1.123638 -0.340429 -6.021790 -0.759904 -0.648554 0.043864 0.296875 0.531250
-1.138495 -0.345067 -6.882045 -0.759904 -0.648554 0.043864 0.296875 0.500000
-1.021631 -0.612197 -6.882045 -0.488955 -0.870762 0.051926 0.335938 0.500000
-0.942448 -0.569200 -6.021790 -0.488955 -0.870762 0.051926 0.335938 0.531250
-1.035556 -0.553079 -6.021790 -0.488955 -0.870762 0.051926 0.328125 0.531250
-1.049248 -0.560529 -6.882045 -0.488955 -0.870762 0.051926 0.328125 0.500000
-0.878142 -0.805055 -6.882045 -0.444289 -0.894931 0.041301 0.368107 0.500000
-0.826990 -0.767070 -6.021790 -0.444289 -0.894931 0.041301 0.368107 0.531250
-0.899049 -0.754975 -6.021790 -0.444289 -0.894931 0.041301 0.361213 0.531250
-0.910936 -0.765096 -6.882045 -0.444289 -0.894931 0.041301 0.361213 0.500000
-0.709486 -0.956514 -6.882045 -0.266135 -0.962921 0.044221 0.398438 0.500000
-0.662988 -0.905209 -6.021790 -0.266135 -0.962921 0.044221 0.398438 0.531250
-0.744926 -0.907213 -6.021790 -0.266135 -0.962921 0.044221 0.390625 0.531250
-0.754773 -0.919348 -6.882045 -0.266135 -0.962921 0.044221 0.390625 0.500000
-0.509195 -1.076532 -6.882045 -0.190891 -0.980898 0.037414 0.429688 0.500000
-0.485730 -1.030724 -6.021790 -0.190891 -0.980898 0.037414 0.429688 0.531250
-0.553546 -1.035089 -6.021790 -0.190891 -0.980898 0.037414 0.421875 0.531250
-0.560863 -1.048915 -6.882045 -0.190891 -0.980898 0.037414 0.421875 0.500000
-0.283184 -1.157036 -6.882045 0.132693 -0.990277 0.041771 0.461795 0.500000
-0.268687 -1.096979 -6.021790 0.132693 -0.990277 0.041771 0.461795 0.531250
-0.328751 -1.126855 -6.021790 0.132693 -0.990277 0.041771 0.454840 0.531250
-0.333094 -1.141896 -6.882045 0.132693 -0.990277 0.041771 0.454840 0.500000
-0.058363 -1.189403 -6.882045 0.210357 -0.976882 0.038106 0.492188 0.500000
-0.062809 -1.138507 -6.021790 0.210357 -0.976882 0.038106 0.492188 0.531250
-0.115150 -1.168075 -6.021790 0.210357 -0.976882 0.038106 0.484375 0.531250
-0.116667 -1.183661 -6.882045 0.210357 -0.976882 0.038106 0.484375 0.500000
-0.053181 -0.965331 5.161534 0.491856 -0.870677 0.000000 0.492188 0.937500
-0.053181 -0.965331 6.021790 0.491856 -0.870677 0.000000 0.492188 0.968750
-0.097546 -0.990393 6.021790 0.491856 -0.870677 0.000000 0.484375 0.968750
-0.097546 -0.990393 5.161534 0.491856 -0.870677 0.000000 0.484375 0.937500
-0.227682 -0.930132 5.161534 0.445351 -0.895356 0.000000 0.461795 0.937500
-0.227682 -0.930132 6.021790 0.445351 -0.895356 0.000000 0.461795 0.968750
-0.278593 -0.955455 6.021790 0.445351 -0.895356 0.000000 0.454840 0.968750
-0.278593 -0.955455 5.161534 0.445351 -0.895356 0.000000 0.454840 0.937500
-0.411646 -0.873975 5.161534 0.064223 -0.997936 0.000000 0.429688 0.937500
-0.411646 -0.873975 6.021790 0.064223 -0.997936 0.000000 0.429688 0.968750
-0.469127 -0.877674 6.021790 0.064223 -0.997936 0.000000 0.421875 0.968750
-0.469127 -0.877674 5.161534 0.064223 -0.997936 0.000000 0.421875 0.937500
-0.561889 -0.767590 5.161534 0.024445 -0.999701 0.000000 0.398438 0.937500
-0.561889 -0.767590 6.021790 0.024445 -0.999701 0.000000 0.398438 0.968750
-0.631339 -0.769288 6.021790 0.024445 -0.999701 0.000000 0.390625 0.968750
-0.631339 -0.769288 5.161534 0.024445 -0.999701 0.000000 0.390625 0.937500
-0.700897 -0.650503 5.161534 -0.165530 -0.986205 0.000000 0.368107 0.937500
-0.700897 -0.650503 6.021790 -0.165530 -0.986205 0.000000 0.368107 0.968750
-0.761973 -0.640252 6.021790 -0.165530 -0.986205 0.000000 0.361213 0.968750
-0.761973 -0.640252 5.161534 -0.165530 -0.986205 0.000000 0.361213 0.937500
-0.798758 -0.482791 5.161534 -0.170613 -0.985338 0.000000 0.335938 0.937500
-0.798758 -0.482791 6.021790 -0.170613 -0.985338 0.000000 0.335938 0.968750
-0.877675 -0.469126 6.021790 -0.170613 -0.985338 0.000000 0.328125 0.968750
-0.877675 -0.469126 5.161534 -0.170613 -0.985338 0.000000 0.328125 0.937500
-0.902140 -0.317066 5.161534 -0.489565 -0.871967 0.000000 0.304688 0.937500
-0.902140 -0.317066 6.021790 -0.489565 -0.871967 0.000000 0.304688 0.968750
-0.952333 -0.288886 6.021790 -0.489565 -0.871967 0.000000 0.296875 0.968750
-0.952333 -0.288886 5.161534 -0.489565 -0.871967 0.000000 0.296875 0.937500
-0.953379 -0.142777 5.161534 -0.773918 -0.633286 0.000000 0.273438 0.937500
-0.953379 -0.142777 6.021790 -0.773918 -0.633286 0.000000 0.273438 0.968750
-0.990393 -0.097544 6.021790 -0.773918 -0.633286 0.000000 0.265625 0.968750
-0.990393 -0.097544 5.161534 -0.773918 -0.633286 0.000000 0.265625 0.937500
-0.943000 0.048860 5.161534 -0.716562 -0.697524 0.000000 0.242188 0.937500
-0.943000 0.048860 6.021790 -0.716562 -0.697524 0.000000 0.242188 0.968750
-0.990393 0.097546 6.021790 -0.716562 -0.697524 0.000000 0.234375 0.968750
-0.990393 0.097546 5.161534 -0.716562 -0.697524 0.000000 0.234375 0.937500
-0.904471 0.177735 5.161534 -0.895700 -0.444659 0.000000 0.211700 0.937500
-0.904471 0.177735 6.021790 -0.895700 -0.444659 0.000000 0.211700 0.968750
-0.955108 0.279737 6.021790 -0.895700 -0.444659 0.000000 0.204649 0.968750
-0.955108 0.279737 5.161534 -0.895700 -0.444659 0.000000 0.204649 0.937500
-0.847615 0.369591 5.161534 -0.957302 -0.289089 0.000000 0.179688 0.937500
-0.847615 0.369591 6.021790 -0.957302 -0.289089 0.000000 0.179688 0.968750
-0.877674 0.469128 6.021790 -0.957302 -0.289089 0.000000 0.171875 0.968750
-0.877674 0.469128 5.161534 -0.957302 -0.289089 0.000000 0.171875 0.937500
-0.756446 0.542335 5.161534 -0.989752 -0.142801 0.000000 0.148438 0.937500
-0.756446 0.542335 6.021790 -0.989752 -0.142801 0.000000 0.148438 0.968750
-0.769287 0.631339 6.021790 -0.989752 -0.142801 0.000000 0.140625 0.968750
-0.769287 0.631339 5.161534 -0.989752 -0.142801 0.000000 0.140625 0.937500
-0.633327 0.693974 5.161534 -0.999651 0.026410 0.000000 0.117188 0.937500
-0.633327 0.693974 6.021790 -0.999651 0.026410 0.000000 0.117188 0.968750
-0.631338 0.769289 6.021790 -0.999651 0.026410 0.000000 0.109375 0.968750
-0.631338 0.769289 5.161534 -0.999651 0.026410 0.000000 0.109375 0.937500
-0.482991 0.818680 5.161534 -0.973475 0.228794 0.000000 0.085938 0.937500
-0.482991 0.818680 6.021790 -0.973475 0.228794 0.000000 0.085938 0.968750
-0.469126 0.877675 6.021790 -0.973475 0.228794 0.000000 0.078125 0.968750
-0.469126 0.877675 5.161534 -0.973475 0.228794 0.000000 0.078125 0.937500
-0.311215 0.911661 5.161534 -0.876584 0.481249 0.000000 0.054688 0.937500
-0.311215 0.911661 6.021790 -0.876584 0.481249 0.000000 0.054688 0.968750
-0.288885 0.952333 6.021790 -0.876584 0.481249 0.000000 0.046875 0.968750
-0.288885 0.952333 5.161534 -0.876584 0.481249 0.000000 0.046875 0.937500
-0.128943 0.946772 5.161534 -0.811609 0.584201 0.000000 0.023438 0.937500
-0.128943 0.946772 6.021790 -0.811609 0.584201 0.000000 0.023438 0.968750
-0.097544 0.990393 6.021790 -0.811609 0.584201 0.000000 0.015625 0.968750
-0.097544 0.990393 5.161534 -0.811609 0.584201 0.000000 0.015625 0.937500
0.039050 0.945185 5.161534 -0.611508 0.791238 0.000000 0.992188 0.937500
0.039050 0.945185 6.021790 -0.611508 0.791238 0.000000 0.992188 0.968750
0.097545 0.990393 6.021790 -0.611508 0.791238 0.000000 0.984375 0.968750
0.097545 0.990393 5.161534 -0.611508 0.791238 0.000000 0.984375 0.937500
0.227315 0.914301 5.161534 -0.525504 0.850791 0.000000 0.960938 0.937500
0.227315 0.914301 6.021790 -0.525504 0.850791 0.000000 0.960938 0.968750
0.288887 0.952332 6.021790 -0.525504 0.850791 0.000000 0.953125 0.968750
0.288887 0.952332 5.161534 -0.525504 0.850791 0.000000 0.953125 0.937500
0.394608 0.838873 5.161534 -0.461841 0.886963 0.000000 0.929688 0.937500
0.394608 0.838873 6.021790 -0.461841 0.886963 0.000000 0.929688 0.968750
0.469127 0.877675 6.021790 -0.461841 0.886963 0.000000 0.921875 0.968750
0.469127 0.877675 5.161534 -0.461841 0.886963 0.000000 0.921875 0.937500
0.564027 0.741664 5.161534 -0.379673 0.925121 0.000000 0.898438 0.937500
0.564027 0.741664 6.021790 -0.379673 0.925121 0.000000 0.898438 0.968750
0.631338 0.769288 6.021790 -0.379673 0.925121 0.000000 0.890625 0.968750
0.631338 0.769288 5.161534 -0.379673 0.925121 0.000000 0.890625 0.937500
0.711227 0.613270 5.161534 -0.297141 0.954834 0.000000 0.867188 0.937500
0.711227 0.613270 6.021790 -0.297141 0.954834 0.000000 0.867188 0.968750
0.769288 0.631338 6.021790 -0.297141 0.954834 0.000000 0.859375 0.968750
0.769288 0.631338 5.161534 -0.297141 0.954834 0.000000 0.859375 0.937500
0.812302 0.489132 5.161534 0.292627 0.956227 0.000000 0.835938 0.937500
0.812302 0.489132 6.021790 0.292627 0.956227 0.000000 0.835938 0.968750
0.877675 0.469127 6.021790 0.292627 0.956227 0.000000 0.828125 0.968750
0.877675 0.469127 5.161534 0.292627 0.956227 0.000000 0.828125 0.937500
0.747311 -0.560046 5.161534 0.955625 0.294587 0.000000 0.648438 0.937500
0.747311 -0.560046 6.021790 0.955625 0.294587 0.000000 0.648438 0.968750
0.769288 -0.631338 6.021790 0.955625 0.294587 0.000000 0.640625 0.968750
0.769288 -0.631338 5.161534 0.955625 0.294587 0.000000 0.640625 0.937500
0.140808 -0.942514 5.161534 0.741965 -0.670439 0.000000 0.523438 0.937500
0.140808 -0.942514 6.021790 0.741965 -0.670439 0.000000 0.523438 0.968750
0.097545 -0.990393 6.021790 0.741965 -0.670439 0.000000 0.515625 0.968750
0.097545 -0.990393 5.161534 0.741965 -0.670439 0.000000 0.515625 0.937500
0.309596 -0.876396 5.161534 0.964766 -0.263109 0.000000 0.554688 0.937500
0.309596 -0.876396 6.021790 0.964766 -0.263109 0.000000 0.554688 0.968750
0.288887 -0.952332 6.021790 0.964766 -0.263109 0.000000 0.546875 0.968750
0.288887 -0.952332 5.161534 0.964766 -0.263109 0.000000 0.546875 0.937500
0.495923 -0.807652 5.161534 0.933951 -0.357402 0.000000 0.585938 0.937500
0.495923 -0.807652 6.021790 0.933951 -0.357402 0.000000 0.585938 0.968750
0.469127 -0.877675 6.021790 0.933951 -0.357402 0.000000 0.578125 0.968750
0.469127 -0.877675 5.161534 0.933951 -0.357402 0.000000 0.578125 0.937500
0.622447 -0.710250 5.161534 0.988847 0.148932 0.000000 0.617188 0.937500
0.622447 -0.710250 6.021790 0.988847 0.148932 0.000000 0.617188 0.968750
0.631338 -0.769288 6.021790 0.988847 0.148932 0.000000 0.609375 0.968750
0.631338 -0.769288 5.161534 0.988847 0.148932 0.000000 0.609375 0.937500
0.897260 0.324612 5.161534 0.544223 0.838940 0.000000 0.804688 0.937500
0.897260 0.324612 6.021790 0.544223 0.838940 0.000000 0.804688 0.968750
0.952332 0.288887 6.021790 0.544223 0.838940 0.000000 0.796875 0.968750
0.952332 0.288887 5.161534 0.544223 0.838940 0.000000 0.796875 0.937500
0.951854 0.137070 5.161534 0.715982 0.698119 0.000000 0.773438 0.937500
0.951854 0.137070 6.021790 0.715982 0.698119 0.000000 0.773438 0.968750
0.990393 0.097545 6.021790 0.715982 0.698119 0.000000 0.765625 0.968750
0.990393 0.097545 5.161534 0.715982 0.698119 0.000000 0.765625 0.937500
0.968811 -0.057519 5.161534 0.880200 0.474603 0.000000 0.742188 0.937500
0.968811 -0.057519 6.021790 0.880200 0.474603 0.000000 0.742188 0.968750
0.990393 -0.097545 6.021790 0.880200 0.474603 0.000000 0.734375 0.968750
0.990393 -0.097545 5.161534 0.880200 0.474603 0.000000 0.734375 0.937500
0.904906 -0.219270 5.161534 0.826445 0.563017 0.000000 0.710938 0.937500
0.904906 -0.219270 6.021790 0.826445 0.563017 0.000000 0.710938 0.968750
0.952332 -0.288887 6.021790 0.826445 0.563017 0.000000 0.703125 0.968750
0.952332 -0.288887 5.161534 0.826445 0.563017 0.000000 0.703125 0.937500
0.840473 -0.397186 5.161534 0.888262 0.459338 0.000000 0.679688 0.937500
0.840473 -0.397186 6.021790 0.888262 0.459338 0.000000 0.679688 0.968750
0.877675 -0.469127 6.021790 0.888262 0.459338 0.000000 0.671875 0.968750
0.877675 -0.469127 5.161534 0.888262 0.459338 0.000000 0.671875 0.937500
-0.048772 0.995196 5.161534 0.776305 0.630357 0.000000 0.007812 0.937500
-0.048772 0.995196 6.021790 0.776305 0.630357 0.000000 0.007812 0.968750
-0.009911 0.947338 6.021790 0.776305 0.630357 0.000000 0.000000 0.968750
-0.009911 0.947338 5.161534 0.776305 0.630357 0.000000 0.000000 0.937500
-0.241987 0.966559 5.161534 0.388360 0.921508 0.000000 0.039062 0.937500
-0.241987 0.966559 6.021790 0.388360 0.921508 0.000000 0.039062 0.968750
-0.177383 0.939332 6.021790 0.388360 0.921508 0.000000 0.031250 0.968750
-0.177383 0.939332 5.161534 0.388360 0.921508 0.000000 0.031250 0.937500
-0.425904 0.900778 5.161534 0.085135 0.996369 0.000000 0.070312 0.937500
-0.425904 0.900778 6.021790 0.085135 0.996369 0.000000 0.070312 0.968750
-0.357273 0.894913 6.021790 0.085135 0.996369 0.000000 0.062500 0.968750
-0.357273 0.894913 5.161534 0.085135 0.996369 0.000000 0.062500 0.937500
-0.593453 0.800380 5.161534 0.103166 0.994664 0.000000 0.101562 0.937500
-0.593453 0.800380 6.021790 0.103166 0.994664 0.000000 0.101562 0.968750
-0.524897 0.793269 6.021790 0.103166 0.994664 0.000000 0.093750 0.968750
-0.524897 0.793269 5.161534 0.103166 0.994664 0.000000 0.093750 0.937500
-0.738197 0.669224 5.161534 0.120576 0.992704 0.000000 0.132812 0.937500
-0.738197 0.669224 6.021790 0.120576 0.992704 0.000000 0.132812 0.968750
-0.669471 0.660876 6.021790 0.120576 0.992704 0.000000 0.125000 0.968750
-0.669471 0.660876 5.161534 0.120576 0.992704 0.000000 0.125000 0.937500
-0.854571 0.512350 5.161534 0.136526 0.990636 0.000000 0.164062 0.937500
-0.854571 0.512350 6.021790 0.136526 0.990636 0.000000 0.164062 0.968750
-0.785438 0.502822 6.021790 0.136526 0.990636 0.000000 0.156250 0.968750
-0.785438 0.502822 5.161534 0.136526 0.990636 0.000000 0.156250 0.937500
-0.939494 0.331211 5.161534 0.084449 0.996428 0.000000 0.196075 0.937500
-0.939494 0.331211 6.021790 0.084449 0.996428 0.000000 0.196075 0.968750
-0.868342 0.325180 6.021790 0.084449 0.996428 0.000000 0.187500 0.968750
-0.868342 0.325180 5.161534 0.084449 0.996428 0.000000 0.187500 0.937500
-0.985589 0.146319 5.161534 0.161332 0.986900 0.000000 0.226562 0.937500
-0.985589 0.146319 6.021790 0.161332 0.986900 0.000000 0.226562 0.968750
-0.914996 0.134779 6.021790 0.161332 0.986900 0.000000 0.218750 0.968750
-0.914996 0.134779 5.161534 0.161332 0.986900 0.000000 0.218750 0.937500
-0.995196 -0.048772 5.161534 -0.664958 0.746881 0.000000 0.257812 0.937500
-0.995196 -0.048772 6.021790 -0.664958 0.746881 0.000000 0.257812 0.968750
-0.940512 -0.000085 6.021790 -0.664958 0.746881 0.000000 0.250000 0.968750
-0.940512 -0.000085 5.161534 -0.664958 0.746881 0.000000 0.250000 0.937500
-0.966559 -0.241988 5.161534 -0.880415 0.474204 0.000000 0.289062 0.937500
-0.966559 -0.241988 6.021790 -0.880415 0.474204 0.000000 0.289062 0.968750
-0.938226 -0.189384 6.021790 -0.880415 0.474204 0.000000 0.281250 0.968750
-0.938226 -0.189384 5.161534 -0.880415 0.474204 0.000000 0.281250 0.937500
-0.900777 -0.425904 5.161534 -0.961793 0.273777 0.000000 0.320312 0.937500
-0.900777 -0.425904 6.021790 -0.961793 0.273777 0.000000 0.320312 0.968750
-0.882589 -0.362006 6.021790 -0.961793 0.273777 0.000000 0.312500 0.968750
-0.882589 -0.362006 5.161534 -0.961793 0.273777 0.000000 0.312500 0.937500
-0.796722 -0.597911 5.161534 -0.945006 0.327054 0.000000 0.352482 0.937500
-0.796722 -0.597911 6.021790 -0.945006 0.327054 0.000000 0.352482 0.968750
-0.770814 -0.523052 6.021790 -0.945006 0.327054 0.000000 0.343750 0.968750
-0.770814 -0.523052 5.161534 -0.945006 0.327054 0.000000 0.343750 0.937500
-0.669223 -0.738197 5.161534 -0.999990 0.004450 0.000000 0.382812 0.937500
-0.669223 -0.738197 6.021790 -0.999990 0.004450 0.000000 0.382812 0.968750
-0.668963 -0.679661 6.021790 -0.999990 0.004450 0.000000 0.375000 0.968750
-0.668963 -0.679661 5.161534 -0.999990 0.004450 0.000000 0.375000 0.937500
-0.512349 -0.854572 5.161534 -0.992489 -0.122332 0.000000 0.414062 0.937500
-0.512349 -0.854572 6.021790 -0.992489 -0.122332 0.000000 0.414062 0.968750
-0.519946 -0.792939 6.021790 -0.992489 -0.122332 0.000000 0.406250 0.968750
-0.519946 -0.792939 5.161534 -0.992489 -0.122332 0.000000 0.406250 0.937500
-0.330638 -0.939667 5.161534 -0.779891 -0.625916 0.000000 0.446170 0.937500
-0.330638 -0.939667 6.021790 -0.779891 -0.625916 0.000000 0.446170 0.968750
-0.367050 -0.894298 6.021790 -0.779891 -0.625916 0.000000 0.437500 0.968750
-0.367050 -0.894298 5.161534 -0.779891 -0.625916 0.000000 0.437500 0.937500
-0.146318 -0.985589 5.161534 -0.759815 -0.650140 0.000000 0.476562 0.937500
-0.146318 -0.985589 6.021790 -0.759815 -0.650140 0.000000 0.476562 0.968750
-0.185214 -0.940132 6.021790 -0.759815 -0.650140 0.000000 0.468750 0.968750
-0.185214 -0.940132 5.161534 -0.759815 -0.650140 0.000000 0.468750 0.937500
0.048772 -0.995196 5.161534 -0.472292 -0.881442 0.000000 0.507812 0.937500
0.048772 -0.995196 6.021790 -0.472292 -0.881442 0.000000 0.507812 0.968750
-0.004195 -0.966815 6.021790 -0.472292 -0.881442 0.000000 0.500000 0.968750
-0.004195 -0.966815 5.161534 -0.472292 -0.881442 0.000000 0.500000 0.937500
0.241988 -0.966559 5.161534 -0.519698 -0.854350 0.000000 0.539062 0.937500
0.241988 -0.966559 6.021790 -0.519698 -0.854350 0.000000 0.539062 0.968750
0.189143 -0.934413 6.021790 -0.519698 -0.854350 0.000000 0.531250 0.968750
0.189143 -0.934413 5.161534 -0.519698 -0.854350 0.000000 0.531250 0.937500
0.425905 -0.900777 5.161534 -0.509694 -0.860356 0.000000 0.570312 0.937500
0.425905 -0.900777 6.021790 -0.509694 -0.860356 0.000000 0.570312 0.968750
0.355421 -0.859021 6.021790 -0.509694 -0.860356 0.000000 0.562500 0.968750
0.355421 -0.859021 5.161534 -0.509694 -0.860356 0.000000 0.562500 0.937500
0.593454 -0.800379 5.161534 -0.383576 -0.923509 0.000000 0.601562 0.937500
0.593454 -0.800379 6.021790 -0.383576 -0.923509 0.000000 0.601562 0.968750
0.532540 -0.775078 6.021790 -0.383576 -0.923509 0.000000 0.593750 0.968750
0.532540 -0.775078 5.161534 -0.383576 -0.923509 0.000000 0.593750 0.937500
0.738197 -0.669223 5.161534 0.104812 -0.994492 0.000000 0.632812 0.937500
0.738197 -0.669223 6.021790 0.104812 -0.994492 0.000000 0.632812 0.968750
0.658970 -0.677573 6.021790 0.104812 -0.994492 0.000000 0.625000 0.968750
0.658970 -0.677573 5.161534 0.104812 -0.994492 0.000000 0.625000 0.937500
0.854572 -0.512348 5.161534 0.108864 -0.994057 0.000000 0.664062 0.937500
0.854572 -0.512348 6.021790 0.108864 -0.994057 0.000000 0.664062 0.968750
0.776758 -0.520870 6.021790 0.108864 -0.994057 0.000000 0.656250 0.968750
0.776758 -0.520870 5.161534 0.108864 -0.994057 0.000000 0.656250 0.937500
0.938106 -0.335785 5.161534 0.220055 -0.975488 0.000000 0.695312 0.937500
0.938106 -0.335785 6.021790 0.220055 -0.975488 0.000000 0.695312 0.968750
0.861711 -0.353019 6.021790 0.220055 -0.975488 0.000000 0.687500 0.968750
0.861711 -0.353019 5.161534 0.220055 -0.975488 0.000000 0.687500 0.937500
0.985589 -0.146318 5.161534 0.348890 -0.937164 0.000000 0.726562 0.937500
0.985589 -0.146318 6.021790 0.348890 -0.937164 0.000000 0.726562 0.968750
0.917119 -0.171808 6.021790 0.348890 -0.937164 0.000000 0.718750 0.968750
0.917119 -0.171808 5.161534 0.348890 -0.937164 0.000000 0.718750 0.937500
0.995196 0.048773 5.161534 0.925809 -0.377992 0.000000 0.757812 0.937500
0.995196 0.048773 6.021790 0.925809 -0.377992 0.000000 0.757812 0.968750
0.971772 -0.008600 6.021790 0.925809 -0.377992 0.000000 0.750000 0.968750
0.971772 -0.008600 5.161534 0.925809 -0.377992 0.000000 0.750000 0.937500
0.966559 0.241989 5.161534 0.935187 -0.354155 0.000000 0.789062 0.937500
0.966559 0.241989 6.021790 0.935187 -0.354155 0.000000 0.789062 0.968750
0.945215 0.185627 6.021790 0.935187 -0.354155 0.000000 0.781250 0.968750
0.945215 0.185627 5.161534 0.935187 -0.354155 0.000000 0.781250 0.937500
0.900777 0.425905 5.161534 0.942440 -0.334376 0.000000 0.820312 0.937500
0.900777 0.425905 6.021790 0.942440 -0.334376 0.000000 0.820312 0.968750
0.881276 0.370941 6.021790 0.942440 -0.334376 0.000000 0.812500 0.968750
0.881276 0.370941 5.161534 0.942440 -0.334376 0.000000 0.812500 0.937500
0.800379 0.593454 5.161534 0.979371 -0.202072 0.000000 0.851562 0.937500
0.800379 0.593454 6.021790 0.979371 -0.202072 0.000000 0.851562 0.968750
0.787586 0.531452 6.021790 0.979371 -0.202072 0.000000 0.843750 0.968750
0.787586 0.531452 5.161534 0.979371 -0.202072 0.000000 0.843750 0.937500
0.669223 0.738197 5.161534 0.993292 0.115630 0.000000 0.882812 0.937500
0.669223 0.738197 6.021790 0.993292 0.115630 0.000000 0.882812 0.968750
0.679425 0.650559 6.021790 0.993292 0.115630 0.000000 0.875000 0.968750
0.679425 0.650559 5.161534 0.993292 0.115630 0.000000 0.875000 0.937500
0.512349 0.854572 5.161534 0.987428 0.158069 0.000000 0.914062 0.937500
0.512349 0.854572 6.021790 0.987428 0.158069 0.000000 0.914062 0.968750
0.525562 0.772032 6.021790 0.987428 0.158069 0.000000 0.906250 0.968750
0.525562 0.772032 5.161534 0.987428 0.158069 0.000000 0.906250 0.937500
0.335785 0.938106 5.161534 0.981113 0.193433 0.000000 0.945312 0.937500
0.335785 0.938106 6.021790 0.981113 0.193433 0.000000 0.945312 0.968750
0.350957 0.861153 6.021790 0.981113 0.193433 0.000000 0.937500 0.968750
0.350957 0.861153 5.161534 0.981113 0.193433 0.000000 0.937500 0.937500
0.146318 0.985589 5.161534 0.863566 0.504235 0.000000 0.976562 0.937500
0.146318 0.985589 6.021790 0.863566 0.504235 0.000000 0.976562 0.968750
0.180155 0.927638 6.021790 0.863566 0.504235 0.000000 0.968750 0.968750
0.180155 0.927638 5.161534 0.863566 0.504235 0.000000 0.968750 0.937500
0.097545 0.990393 5.161534 0.098018 0.995185 0.000000 0.984375 0.937500
0.097545 0.990393 6.021790 0.098018 0.995185 0.000000 0.984375 0.968750
0.146318 0.985589 6.021790 0.098018 0.995185 0.000000 0.976562 0.968750
0.146318 0.985589 5.161534 0.098018 0.995185 0.000000 0.976562 0.937500
0.116548 1.184206 -6.882045 0.098001 0.995025 0.017903 0.984375 0.500000
0.115020 1.168878 -6.021790 0.098001 0.995025 0.017903 0.984375 0.531250
0.172563 1.163211 -6.021790 0.098001 0.995025 0.017903 0.976562 0.531250
0.174852 1.178464 -6.882045 0.098001 0.995025 0.017903 0.976562 0.500000
0.115020 1.168878 -6.021790 0.098001 0.995028 0.017750 0.984375 0.531250
0.113806 1.153652 -5.161534 0.098001 0.995028 0.017750 0.984375 0.562500
0.170596 1.148059 -5.161534 0.098001 0.995028 0.017750 0.976562 0.562500
0.172563 1.163211 -6.021790 0.098001 0.995028 0.017750 0.976562 0.531250
0.103084 1.047067 3.441023 0.097965 0.994640 0.033079 0.984375 0.875000
0.097545 0.990393 5.161534 0.097965 0.994640 0.033079 0.984375 0.937500
0.146318 0.985589 5.161534 0.097965 0.994640 0.033079 0.976562 0.937500
0.154639 1.041990 3.441023 0.097965 0.994640 0.033079 0.976562 0.875000
0.113806 1.153652 -5.161534 0.098016 0.995185 -0.000410 0.984375 0.562500
0.113578 1.154384 -3.441023 0.098016 0.995185 -0.000410 0.984375 0.625000
0.170408 1.148787 -3.441023 0.098016 0.995185 -0.000410 0.976562 0.625000
0.170596 1.148059 -5.161534 0.098016 0.995185 -0.000410 0.976562 0.562500
0.107658 1.093779 0.001871 0.098009 0.995092 0.013646 0.984375 0.750000
0.103084 1.047067 3.441023 0.098009 0.995092 0.013646 0.984375 0.875000
0.154639 1.041990 3.441023 0.098009 0.995092 0.013646 0.976562 0.875000
0.161507 1.088476 0.001871 0.098009 0.995092 0.013646 0.976562 0.750000
0.113578 1.154384 -3.441023 0.098002 0.995029 0.017684 0.984375 0.625000
0.107658 1.093779 0.001871 0.098002 0.995029 0.017684 0.984375 0.750000
0.161507 1.088476 0.001871 0.098002 0.995029 0.017684 0.976562 0.750000
0.170408 1.148787 -3.441023 0.098002 0.995029 0.017684 0.976562 0.625000
0.097545 0.990393 6.882045 0.098018 0.995185 0.000000 0.984375 1.000000
0.146318 0.985589 6.882045 0.098018 0.995185 0.000000 0.976562 1.000000
-0.009911 0.947338 5.161534 0.043932 0.999035 0.000000 1.000000 0.937500
-0.009911 0.947338 6.021790 0.043932 0.999035 0.000000 1.000000 0.968750
0.039050 0.945185 6.021790 0.043932 0.999035 0.000000 0.992188 0.968750
0.039050 0.945185 5.161534 0.043932 0.999035 0.000000 0.992188 0.937500
-0.000059 1.195691 -6.882045 0.070897 0.993526 0.088770 1.000000 0.500000
-0.011758 1.118082 -6.021790 0.070897 0.993526 0.088770 1.000000 0.531250
0.046007 1.115541 -6.021790 0.070897 0.993526 0.088770 0.992188 0.531250
0.058244 1.189949 -6.882045 0.070897 0.993526 0.088770 0.992188 0.500000
-0.011758 1.118082 -6.021790 0.043926 0.998892 0.016887 1.000000 0.531250
-0.011316 1.103519 -5.161534 0.043926 0.998892 0.016887 1.000000 0.562500
0.045694 1.101012 -5.161534 0.043926 0.998892 0.016887 0.992188 0.562500
0.046007 1.115541 -6.021790 0.043926 0.998892 0.016887 0.992188 0.531250
-0.010504 1.001556 3.441023 0.043911 0.998540 0.031452 1.000000 0.875000
-0.009911 0.947338 5.161534 0.043911 0.998540 0.031452 1.000000 0.937500
0.039050 0.945185 5.161534 0.043911 0.998540 0.031452 0.992188 0.937500
0.041251 0.999280 3.441023 0.043911 0.998540 0.031452 0.992188 0.875000
-0.011316 1.103519 -5.161534 0.043933 0.999034 -0.000397 1.000000 0.562500
-0.011630 1.104216 -3.441023 0.043933 0.999034 -0.000397 1.000000 0.625000
0.045420 1.101707 -3.441023 0.043933 0.999034 -0.000397 0.992188 0.625000
0.045694 1.101012 -5.161534 0.043933 0.999034 -0.000397 0.992188 0.562500
-0.010984 1.046243 0.001871 0.043929 0.998950 0.012974 1.000000 0.750000
-0.010504 1.001556 3.441023 0.043929 0.998950 0.012974 1.000000 0.875000
0.041251 0.999280 3.441023 0.043929 0.998950 0.012974 0.992188 0.875000
0.043073 1.043866 0.001871 0.043929 0.998950 0.012974 0.992188 0.750000
-0.011630 1.104216 -3.441023 0.043926 0.998893 0.016812 1.000000 0.625000
-0.010984 1.046243 0.001871 0.043926 0.998893 0.016812 1.000000 0.750000
0.043073 1.043866 0.001871 0.043926 0.998893 0.016812 0.992188 0.750000
0.045420 1.101707 -3.441023 0.043926 0.998893 0.016812 0.992188 0.625000
-0.009911 0.947338 6.021790 0.070872 0.995666 -0.060226 1.000000 0.968750
0.000000 1.000000 6.882045 0.070872 0.995666 -0.060226 1.000000 1.000000
0.048773 0.995196 6.882045 0.070872 0.995666 -0.060226 0.992188 1.000000
0.039050 0.945185 6.021790 0.070872 0.995666 -0.060226 0.992188 0.968750
-0.097544 0.990393 5.161534 -0.098016 0.995185 0.000000 0.015625 0.937500
-0.097544 0.990393 6.021790 -0.098016 0.995185 0.000000 0.015625 0.968750
-0.048772 0.995196 6.021790 -0.098016 0.995185 0.000000 0.007812 0.968750
-0.048772 0.995196 5.161534 -0.098016 0.995185 0.000000 0.007812 0.937500
-0.116666 1.184207 -6.882045 -0.098002 0.995025 0.017902 0.015625 0.500000
-0.115149 1.168879 -6.021790 -0.098002 0.995025 0.017902 0.015625 0.531250
-0.057607 1.174546 -6.021790 -0.098002 0.995025 0.017902 0.007812 0.531250
-0.058362 1.189949 -6.882045 -0.098002 0.995025 0.017902 0.007812 0.500000
-0.115149 1.168879 -6.021790 -0.098002 0.995027 0.017816 0.015625 0.531250
-0.113356 1.153652 -5.161534 -0.098002 0.995027 0.017816 0.015625 0.562500
-0.056566 1.159245 -5.161534 -0.098002 0.995027 0.017816 0.007812 0.562500
-0.057607 1.174546 -6.021790 -0.098002 0.995027 0.017816 0.007812 0.531250
-0.103137 1.047068 3.441023 -0.097962 0.994640 0.033083 0.015625 0.875000
-0.097544 0.990393 5.161534 -0.097962 0.994640 0.033083 0.015625 0.937500
-0.048772 0.995196 5.161534 -0.097962 0.994640 0.033083 0.007812 0.937500
-0.051582 1.052145 3.441023 -0.097962 0.994640 0.033083 0.007812 0.875000
-0.113356 1.153652 -5.161534 -0.098016 0.995185 -0.000445 0.015625 0.562500
-0.113740 1.154384 -3.441023 -0.098016 0.995185 -0.000445 0.015625 0.625000
-0.056911 1.159981 -3.441023 -0.098016 0.995185 -0.000445 0.007812 0.625000
-0.056566 1.159245 -5.161534 -0.098016 0.995185 -0.000445 0.007812 0.562500
-0.107740 1.093780 0.001871 -0.098006 0.995092 0.013647 0.015625 0.750000
-0.103137 1.047068 3.441023 -0.098006 0.995092 0.013647 0.015625 0.875000
-0.051582 1.052145 3.441023 -0.098006 0.995092 0.013647 0.007812 0.875000
-0.053891 1.099083 0.001871 -0.098006 0.995092 0.013647 0.007812 0.750000
-0.113740 1.154384 -3.441023 -0.098000 0.995029 0.017686 0.015625 0.625000
-0.107740 1.093780 0.001871 -0.098000 0.995029 0.017686 0.015625 0.750000
-0.053891 1.099083 0.001871 -0.098000 0.995029 0.017686 0.007812 0.750000
-0.056911 1.159981 -3.441023 -0.098000 0.995029 0.017686 0.007812 0.625000
-0.097544 0.990393 6.882045 -0.098016 0.995185 0.000000 0.015625 1.000000
-0.048772 0.995196 6.882045 -0.098016 0.995185 0.000000 0.007812 1.000000
-0.177383 0.939332 5.161534 -0.151811 0.988410 0.000000 0.031250 0.937500
-0.177383 0.939332 6.021790 -0.151811 0.988410 0.000000 0.031250 0.968750
-0.128943 0.946772 6.021790 -0.151811 0.988410 0.000000 0.023438 0.968750
-0.128943 0.946772 5.161534 -0.151811 0.988410 0.000000 0.023438 0.937500
-0.233272 1.172722 -6.882045 -0.124427 0.989365 0.075335 0.031250 0.500000
-0.209343 1.108637 -6.021790 -0.124427 0.989365 0.075335 0.031250 0.531250
-0.152193 1.117414 -6.021790 -0.124427 0.989365 0.075335 0.023438 0.531250
-0.174969 1.178464 -6.882045 -0.124427 0.989365 0.075335 0.023438 0.500000
-0.209343 1.108637 -6.021790 -0.151787 0.988265 0.017121 0.031250 0.531250
-0.206319 1.094198 -5.161534 -0.151787 0.988265 0.017121 0.031250 0.562500
-0.149916 1.102861 -5.161534 -0.151787 0.988265 0.017121 0.023438 0.562500
-0.152193 1.117414 -6.021790 -0.151787 0.988265 0.017121 0.023438 0.531250
-0.187531 0.993094 3.441023 -0.151734 0.987911 0.031765 0.031250 0.875000
-0.177383 0.939332 5.161534 -0.151734 0.987911 0.031765 0.031250 0.937500
-0.128943 0.946772 5.161534 -0.151734 0.987911 0.031765 0.023438 0.937500
-0.136327 1.000958 3.441023 -0.151734 0.987911 0.031765 0.023438 0.875000
-0.206319 1.094198 -5.161534 -0.151812 0.988409 -0.000436 0.031250 0.562500
-0.206768 1.094888 -3.441023 -0.151812 0.988409 -0.000436 0.031250 0.625000
-0.150326 1.103558 -3.441023 -0.151812 0.988409 -0.000436 0.023438 0.625000
-0.149916 1.102861 -5.161534 -0.151812 0.988409 -0.000436 0.023438 0.562500
-0.195889 1.037404 0.001871 -0.151796 0.988325 0.013103 0.031250 0.750000
-0.187531 0.993094 3.441023 -0.151796 0.988325 0.013103 0.031250 0.875000
-0.136327 1.000958 3.441023 -0.151796 0.988325 0.013103 0.023438 0.875000
-0.142406 1.045618 0.001871 -0.151796 0.988325 0.013103 0.023438 0.750000
-0.206768 1.094888 -3.441023 -0.151790 0.988267 0.016980 0.031250 0.625000
-0.195889 1.037404 0.001871 -0.151790 0.988267 0.016980 0.031250 0.750000
-0.142406 1.045618 0.001871 -0.151790 0.988267 0.016980 0.023438 0.750000
-0.150326 1.103558 -3.441023 -0.151790 0.988267 0.016980 0.023438 0.625000
-0.177383 0.939332 6.021790 -0.124811 0.990981 -0.048779 0.031250 0.968750
-0.195089 0.980786 6.882045 -0.124811 0.990981 -0.048779 0.031250 1.000000
-0.146317 0.985589 6.882045 -0.124811 0.990981 -0.048779 0.023438 1.000000
-0.128943 0.946772 6.021790 -0.124811 0.990981 -0.048779 0.023438 0.968750
-0.288885 0.952333 5.161534 -0.290282 0.956941 0.000000 0.046875 0.937500
-0.288885 0.952333 6.021790 -0.290282 0.956941 0.000000 0.046875 0.968750
-0.241987 0.966559 6.021790 -0.290282 0.956941 0.000000 0.039062 0.968750
-0.241987 0.966559 5.161534 -0.290282 0.956941 0.000000 0.039062 0.937500
-0.345398 1.138709 -6.882045 -0.290236 0.956788 0.017907 0.046875 0.500000
-0.340895 1.123975 -6.021790 -0.290236 0.956788 0.017907 0.046875 0.531250
-0.285564 1.140759 -6.021790 -0.290236 0.956788 0.017907 0.039062 0.531250
-0.289335 1.155715 -6.882045 -0.290236 0.956788 0.017907 0.039062 0.500000
-0.340895 1.123975 -6.021790 -0.290236 0.956788 0.017882 0.046875 0.531250
-0.336152 1.109335 -5.161534 -0.290236 0.956788 0.017882 0.046875 0.562500
-0.281544 1.125900 -5.161534 -0.290236 0.956788 0.017882 0.039062 0.562500
-0.285564 1.140759 -6.021790 -0.290236 0.956788 0.017882 0.039062 0.531250
-0.305396 1.006836 3.441023 -0.290123 0.956417 0.033082 0.046875 0.875000
-0.288885 0.952333 5.161534 -0.290123 0.956417 0.033082 0.046875 0.937500
-0.241987 0.966559 5.161534 -0.290123 0.956417 0.033082 0.039062 0.937500
-0.255822 1.021874 3.441023 -0.290123 0.956417 0.033082 0.039062 0.875000
-0.336152 1.109335 -5.161534 -0.290282 0.956941 -0.000481 0.046875 0.562500
-0.336691 1.110036 -3.441023 -0.290282 0.956941 -0.000481 0.046875 0.625000
-0.282045 1.126613 -3.441023 -0.290282 0.956941 -0.000481 0.039062 0.625000
-0.281544 1.125900 -5.161534 -0.290282 0.956941 -0.000481 0.039062 0.562500
-0.318998 1.051758 0.001871 -0.290254 0.956852 0.013646 0.046875 0.750000
-0.305396 1.006836 3.441023 -0.290254 0.956852 0.013646 0.046875 0.875000
-0.255822 1.021874 3.441023 -0.290254 0.956852 0.013646 0.039062 0.875000
-0.267218 1.067465 0.001871 -0.290254 0.956852 0.013646 0.039062 0.750000
-0.336691 1.110036 -3.441023 -0.290236 0.956792 0.017687 0.046875 0.625000
-0.318998 1.051758 0.001871 -0.290236 0.956792 0.017687 0.046875 0.750000
-0.267218 1.067465 0.001871 -0.290236 0.956792 0.017687 0.039062 0.750000
-0.282045 1.126613 -3.441023 -0.290236 0.956792 0.017687 0.039062 0.625000
-0.288885 0.952333 6.882045 -0.290282 0.956941 0.000000 0.046875 1.000000
-0.241987 0.966559 6.882045 -0.290282 0.956941 0.000000 0.039062 1.000000
-0.357273 0.894913 5.161534 -0.341723 0.939801 0.000000 0.062500 0.937500
-0.357273 0.894913 6.021790 -0.341723 0.939801 0.000000 0.062500 0.968750
-0.311215 0.911661 6.021790 -0.341723 0.939801 0.000000 0.054688 0.968750
-0.311215 0.911661 5.161534 -0.341723 0.939801 0.000000 0.054688 0.937500
-0.457524 1.104696 -6.882045 -0.315287 0.946789 0.064684 0.062500 0.500000
-0.421579 1.056231 -6.021790 -0.315287 0.946789 0.064684 0.062500 0.531250
-0.367239 1.075989 -6.021790 -0.315287 0.946789 0.064684 0.054688 0.531250
-0.401461 1.121703 -6.882045 -0.315287 0.946789 0.064684 0.054688 0.500000
-0.421579 1.056231 -6.021790 -0.341668 0.939661 0.017326 0.062500 0.531250
-0.415782 1.042477 -5.161534 -0.341668 0.939661 0.017326 0.062500 0.562500
-0.362152 1.061977 -5.161534 -0.341668 0.939661 0.017326 0.054688 0.562500
-0.367239 1.075989 -6.021790 -0.341668 0.939661 0.017326 0.054688 0.531250
-0.377685 0.946140 3.441023 -0.341547 0.939319 0.032020 0.062500 0.875000
-0.357273 0.894913 5.161534 -0.341547 0.939319 0.032020 0.062500 0.937500
-0.311215 0.911661 5.161534 -0.341547 0.939319 0.032020 0.054688 0.937500
-0.328999 0.963843 3.441023 -0.341547 0.939319 0.032020 0.054688 0.875000
-0.415782 1.042477 -5.161534 -0.341722 0.939801 -0.000476 0.062500 0.562500
-0.416376 1.043131 -3.441023 -0.341722 0.939801 -0.000476 0.062500 0.625000
-0.362709 1.062645 -3.441023 -0.341722 0.939801 -0.000476 0.054688 0.625000
-0.362152 1.061977 -5.161534 -0.341722 0.939801 -0.000476 0.054688 0.562500
-0.394504 0.988361 0.001871 -0.341692 0.939719 0.013208 0.062500 0.750000
-0.377685 0.946140 3.441023 -0.341692 0.939719 0.013208 0.062500 0.875000
-0.328999 0.963843 3.441023 -0.341692 0.939719 0.013208 0.054688 0.875000
-0.343652 1.006852 0.001871 -0.341692 0.939719 0.013208 0.054688 0.750000
-0.416376 1.043131 -3.441023 -0.341673 0.939663 0.017119 0.062500 0.625000
-0.394504 0.988361 0.001871 -0.341673 0.939663 0.017119 0.062500 0.750000
-0.343652 1.006852 0.001871 -0.341673 0.939663 0.017119 0.054688 0.750000
-0.362709 1.062645 -3.441023 -0.341673 0.939663 0.017119 0.054688 0.625000
-0.357273 0.894913 6.021790 -0.315870 0.947971 -0.039707 0.062500 0.968750
-0.382682 0.923880 6.882045 -0.315870 0.947971 -0.039707 0.062500 1.000000
-0.335784 0.938106 6.882045 -0.315870 0.947971 -0.039707 0.054688 1.000000
-0.311215 0.911661 6.021790 -0.315870 0.947971 -0.039707 0.054688 0.968750
-0.469126 0.877675 5.161534 -0.471396 0.881922 0.000000 0.078125 0.937500
-0.469126 0.877675 6.021790 -0.471396 0.881922 0.000000 0.078125 0.968750
-0.425904 0.900778 6.021790 -0.471396 0.881922 0.000000 0.070312 0.968750
-0.425904 0.900778 5.161534 -0.471396 0.881922 0.000000 0.070312 0.937500
-0.560861 1.049462 -6.882045 -0.471319 0.881781 0.017917 0.078125 0.500000
-0.553544 1.035893 -6.021790 -0.471319 0.881781 0.017917 0.078125 0.531250
-0.502551 1.063149 -6.021790 -0.471319 0.881781 0.017917 0.070312 0.531250
-0.509193 1.077079 -6.882045 -0.471319 0.881781 0.017917 0.070312 0.500000
-0.553544 1.035893 -6.021790 -0.471319 0.881780 0.017947 0.078125 0.531250
-0.546023 1.022404 -5.161534 -0.471319 0.881780 0.017947 0.078125 0.562500
-0.495696 1.049305 -5.161534 -0.471319 0.881780 0.017947 0.070312 0.562500
-0.502551 1.063149 -6.021790 -0.471319 0.881780 0.017947 0.070312 0.531250
-0.495920 0.927919 3.441023 -0.471138 0.881439 0.033078 0.078125 0.875000
-0.469126 0.877675 5.161534 -0.471138 0.881439 0.033078 0.078125 0.937500
-0.425904 0.900778 5.161534 -0.471138 0.881439 0.033078 0.070312 0.937500
-0.450232 0.952339 3.441023 -0.471138 0.881439 0.033078 0.070312 0.875000
-0.546023 1.022404 -5.161534 -0.471395 0.881922 -0.000516 0.078125 0.562500
-0.546707 1.023045 -3.441023 -0.471395 0.881922 -0.000516 0.078125 0.625000
-0.496345 1.049964 -3.441023 -0.471395 0.881922 -0.000516 0.070312 0.625000
-0.495696 1.049305 -5.161534 -0.471395 0.881922 -0.000516 0.070312 0.562500
-0.518000 0.969329 0.001871 -0.471352 0.881840 0.013644 0.078125 0.750000
-0.495920 0.927919 3.441023 -0.471352 0.881840 0.013644 0.078125 0.875000
-0.450232 0.952339 3.441023 -0.471352 0.881840 0.013644 0.070312 0.875000
-0.470279 0.994836 0.001871 -0.471352 0.881840 0.013644 0.070312 0.750000
-0.546707 1.023045 -3.441023 -0.471322 0.881784 0.017688 0.078125 0.625000
-0.518000 0.969329 0.001871 -0.471322 0.881784 0.017688 0.078125 0.750000
-0.470279 0.994836 0.001871 -0.471322 0.881784 0.017688 0.070312 0.750000
-0.496345 1.049964 -3.441023 -0.471322 0.881784 0.017688 0.070312 0.625000
-0.469126 0.877675 6.882045 -0.471396 0.881922 0.000000 0.078125 1.000000
-0.425904 0.900778 6.882045 -0.471396 0.881922 0.000000 0.070312 1.000000
-0.524897 0.793269 5.161534 -0.518503 0.855076 0.000000 0.093750 0.937500
-0.524897 0.793269 6.021790 -0.518503 0.855076 0.000000 0.093750 0.968750
-0.482991 0.818680 6.021790 -0.518503 0.855076 0.000000 0.085938 0.968750
-0.482991 0.818680 5.161534 -0.518503 0.855076 0.000000 0.085938 0.937500
-0.664197 0.994228 -6.882045 -0.493301 0.865966 0.082195 0.093750 0.500000
-0.619344 0.936310 -6.021790 -0.493301 0.865966 0.082195 0.093750 0.531250
-0.569903 0.966290 -6.021790 -0.493301 0.865966 0.082195 0.085938 0.531250
-0.612529 1.021845 -6.882045 -0.493301 0.865966 0.082195 0.085938 0.500000
-0.619344 0.936310 -6.021790 -0.518426 0.854950 0.017163 0.093750 0.531250
-0.610963 0.924122 -5.161534 -0.518426 0.854950 0.017163 0.093750 0.562500
-0.562168 0.953711 -5.161534 -0.518426 0.854950 0.017163 0.085938 0.562500
-0.569903 0.966290 -6.021790 -0.518426 0.854950 0.017163 0.085938 0.531250
-0.554874 0.838696 3.441023 -0.518243 0.854649 0.031595 0.093750 0.875000
-0.524897 0.793269 5.161534 -0.518243 0.854649 0.031595 0.093750 0.937500
-0.482991 0.818680 5.161534 -0.518243 0.854649 0.031595 0.085938 0.937500
-0.510577 0.865557 3.441023 -0.518243 0.854649 0.031595 0.085938 0.875000
-0.610963 0.924122 -5.161534 -0.518503 0.855076 -0.000505 0.093750 0.562500
-0.611692 0.924695 -3.441023 -0.518503 0.855076 -0.000505 0.093750 0.625000
-0.562863 0.954304 -3.441023 -0.518503 0.855076 -0.000505 0.085938 0.625000
-0.562168 0.953711 -5.161534 -0.518503 0.855076 -0.000505 0.085938 0.562500
-0.579577 0.876136 0.001871 -0.518458 0.855004 0.013032 0.093750 0.750000
-0.554874 0.838696 3.441023 -0.518458 0.855004 0.013032 0.093750 0.875000
-0.510577 0.865557 3.441023 -0.518458 0.855004 0.013032 0.085938 0.875000
-0.533309 0.904193 0.001871 -0.518458 0.855004 0.013032 0.085938 0.750000
-0.611692 0.924695 -3.441023 -0.518429 0.854954 0.016894 0.093750 0.625000
-0.579577 0.876136 0.001871 -0.518429 0.854954 0.016894 0.093750 0.750000
-0.533309 0.904193 0.001871 -0.518429 0.854954 0.016894 0.085938 0.750000
-0.562863 0.954304 -3.441023 -0.518429 0.854954 0.016894 0.085938 0.625000
-0.524897 0.793269 6.021790 -0.494392 0.867522 -0.054609 0.093750 0.968750
-0.555569 0.831470 6.882045 -0.494392 0.867522 -0.054609 0.093750 1.000000
-0.512347 0.854573 6.882045 -0.494392 0.867522 -0.054609 0.085938 1.000000
-0.482991 0.818680 6.021790 -0.494392 0.867522 -0.054609 0.085938 0.968750
-0.631338 0.769289 5.161534 -0.634392 0.773012 0.000000 0.109375 0.937500
-0.631338 0.769289 6.021790 -0.634392 0.773012 0.000000 0.109375 0.968750
-0.593453 0.800380 6.021790 -0.634392 0.773012 0.000000 0.101562 0.968750
-0.593453 0.800380 5.161534 -0.634392 0.773012 0.000000 0.101562 0.937500
-0.754772 0.919895 -6.882045 -0.634289 0.772888 0.017932 0.109375 0.500000
-0.744924 0.908018 -6.021790 -0.634289 0.772888 0.017932 0.109375 0.531250
-0.700228 0.944699 -6.021790 -0.634289 0.772888 0.017932 0.101562 0.531250
-0.709484 0.957062 -6.882045 -0.634289 0.772888 0.017932 0.101562 0.500000
-0.744924 0.908018 -6.021790 -0.634288 0.772887 0.018007 0.109375 0.531250
-0.734902 0.896200 -5.161534 -0.634288 0.772887 0.018007 0.109375 0.562500
-0.690790 0.932402 -5.161534 -0.634288 0.772887 0.018007 0.101562 0.562500
-0.700228 0.944699 -6.021790 -0.634288 0.772887 0.018007 0.101562 0.531250
-0.667388 0.813348 3.441023 -0.634045 0.772588 0.033070 0.109375 0.875000
-0.631338 0.769289 5.161534 -0.634045 0.772588 0.033070 0.109375 0.937500
-0.593453 0.800380 5.161534 -0.634045 0.772588 0.033070 0.101562 0.937500
-0.627342 0.846213 3.441023 -0.634045 0.772588 0.033070 0.101562 0.875000
-0.734902 0.896200 -5.161534 -0.634391 0.773012 -0.000549 0.109375 0.562500
-0.735717 0.896754 -3.441023 -0.634391 0.773012 -0.000549 0.109375 0.625000
-0.691574 0.932980 -3.441023 -0.634391 0.773012 -0.000549 0.101562 0.625000
-0.690790 0.932402 -5.161534 -0.634391 0.773012 -0.000549 0.101562 0.562500
-0.697097 0.849660 0.001871 -0.634333 0.772939 0.013641 0.109375 0.750000
-0.667388 0.813348 3.441023 -0.634333 0.772939 0.013641 0.109375 0.875000
-0.627342 0.846213 3.441023 -0.634333 0.772939 0.013641 0.101562 0.875000
-0.655270 0.883987 0.001871 -0.634333 0.772939 0.013641 0.101562 0.750000
-0.735717 0.896754 -3.441023 -0.634293 0.772891 0.017687 0.109375 0.625000
-0.697097 0.849660 0.001871 -0.634293 0.772891 0.017687 0.109375 0.750000
-0.655270 0.883987 0.001871 -0.634293 0.772891 0.017687 0.101562 0.750000
-0.691574 0.932980 -3.441023 -0.634293 0.772891 0.017687 0.101562 0.625000
-0.631338 0.769289 6.882045 -0.634392 0.773012 0.000000 0.109375 1.000000
-0.593453 0.800380 6.882045 -0.634392 0.773012 0.000000 0.101562 1.000000
-0.669471 0.660876 5.161534 -0.675357 0.737491 0.000000 0.125000 0.937500
-0.669471 0.660876 6.021790 -0.675357 0.737491 0.000000 0.125000 0.968750
-0.633327 0.693974 6.021790 -0.675357 0.737491 0.000000 0.117188 0.968750
-0.633327 0.693974 5.161534 -0.675357 0.737491 0.000000 0.117188 0.937500
-0.845347 0.845562 -6.882045 -0.651867 0.752053 0.097398 0.125000 0.500000
-0.789914 0.780111 -6.021790 -0.651867 0.752053 0.097398 0.125000 0.531250
-0.747271 0.819161 -6.021790 -0.651867 0.752053 0.097398 0.117188 0.531250
-0.800059 0.882729 -6.882045 -0.651867 0.752053 0.097398 0.117188 0.500000
-0.789914 0.780111 -6.021790 -0.675259 0.737384 0.017026 0.125000 0.531250
-0.779304 0.769964 -5.161534 -0.675259 0.737384 0.017026 0.125000 0.562500
-0.737219 0.808504 -5.161534 -0.675259 0.737384 0.017026 0.117188 0.562500
-0.747271 0.819161 -6.021790 -0.675259 0.737384 0.017026 0.117188 0.531250
-0.707697 0.698749 3.441023 -0.675028 0.737131 0.031224 0.125000 0.875000
-0.669471 0.660876 5.161534 -0.675028 0.737131 0.031224 0.125000 0.937500
-0.633327 0.693974 5.161534 -0.675028 0.737131 0.031224 0.117188 0.937500
-0.669491 0.733736 3.441023 -0.675028 0.737131 0.031224 0.117188 0.875000
-0.779304 0.769964 -5.161534 -0.675357 0.737491 -0.000532 0.125000 0.562500
-0.780150 0.770430 -3.441023 -0.675357 0.737491 -0.000532 0.125000 0.625000
-0.738035 0.808997 -3.441023 -0.675357 0.737491 -0.000532 0.117188 0.625000
-0.737219 0.808504 -5.161534 -0.675357 0.737491 -0.000532 0.117188 0.562500
-0.739200 0.729962 0.001871 -0.675301 0.737429 0.012879 0.125000 0.750000
-0.707697 0.698749 3.441023 -0.675301 0.737429 0.012879 0.125000 0.875000
-0.669491 0.733736 3.441023 -0.675301 0.737429 0.012879 0.117188 0.875000
-0.699294 0.766506 0.001871 -0.675301 0.737429 0.012879 0.117188 0.750000
-0.780150 0.770430 -3.441023 -0.675263 0.737388 0.016699 0.125000 0.625000
-0.739200 0.729962 0.001871 -0.675263 0.737388 0.016699 0.125000 0.750000
-0.699294 0.766506 0.001871 -0.675263 0.737388 0.016699 0.117188 0.750000
-0.738035 0.808997 -3.441023 -0.675263 0.737388 0.016699 0.117188 0.625000
-0.669471 0.660876 6.021790 -0.653619 0.753802 -0.067565 0.125000 0.968750
-0.707106 0.707108 6.882045 -0.653619 0.753802 -0.067565 0.125000 1.000000
-0.669222 0.738198 6.882045 -0.653619 0.753802 -0.067565 0.117188 1.000000
-0.633327 0.693974 6.021790 -0.653619 0.753802 -0.067565 0.117188 0.968750
-0.769287 0.631339 5.161534 -0.773009 0.634395 0.000000 0.140625 0.937500
-0.769287 0.631339 6.021790 -0.773009 0.634395 0.000000 0.140625 0.968750
-0.738197 0.669224 6.021790 -0.773009 0.634395 0.000000 0.132812 0.968750
-0.738197 0.669224 5.161534 -0.773009 0.634395 0.000000 0.132812 0.937500
-0.919680 0.754988 -6.882045 -0.772885 0.634292 0.017952 0.140625 0.500000
-0.907679 0.745263 -6.021790 -0.772885 0.634292 0.017952 0.140625 0.531250
-0.870997 0.789959 -6.021790 -0.772885 0.634292 0.017952 0.132812 0.531250
-0.882513 0.800275 -6.882045 -0.772885 0.634292 0.017952 0.132812 0.500000
-0.907679 0.745263 -6.021790 -0.772884 0.634291 0.018060 0.140625 0.531250
-0.895530 0.735572 -5.161534 -0.772884 0.634291 0.018060 0.140625 0.562500
-0.859328 0.779684 -5.161534 -0.772884 0.634291 0.018060 0.132812 0.562500
-0.870997 0.789959 -6.021790 -0.772884 0.634291 0.018060 0.132812 0.531250
-0.813209 0.667527 3.441023 -0.772587 0.634048 0.033059 0.140625 0.875000
-0.769287 0.631339 5.161534 -0.772587 0.634048 0.033059 0.140625 0.937500
-0.738197 0.669224 5.161534 -0.772587 0.634048 0.033059 0.132812 0.937500
-0.780344 0.707573 3.441023 -0.772587 0.634048 0.033059 0.132812 0.875000
-0.895530 0.735572 -5.161534 -0.773010 0.634394 -0.000579 0.140625 0.562500
-0.896456 0.736014 -3.441023 -0.773010 0.634394 -0.000579 0.140625 0.625000
-0.860229 0.780157 -3.441023 -0.773010 0.634394 -0.000579 0.132812 0.625000
-0.859328 0.779684 -5.161534 -0.773010 0.634394 -0.000579 0.132812 0.562500
-0.849407 0.697351 0.001871 -0.772937 0.634336 0.013636 0.140625 0.750000
-0.813209 0.667527 3.441023 -0.772937 0.634336 0.013636 0.140625 0.875000
-0.780344 0.707573 3.441023 -0.772937 0.634336 0.013636 0.132812 0.875000
-0.815080 0.739179 0.001871 -0.772937 0.634336 0.013636 0.132812 0.750000
-0.896456 0.736014 -3.441023 -0.772888 0.634296 0.017685 0.140625 0.625000
-0.849407 0.697351 0.001871 -0.772888 0.634296 0.017685 0.140625 0.750000
-0.815080 0.739179 0.001871 -0.772888 0.634296 0.017685 0.132812 0.750000
-0.860229 0.780157 -3.441023 -0.772888 0.634296 0.017685 0.132812 0.625000
-0.769287 0.631339 6.882045 -0.773009 0.634395 0.000000 0.140625 1.000000
-0.738197 0.669224 6.882045 -0.773009 0.634395 0.000000 0.132812 1.000000
-0.785438 0.502822 5.161534 -0.806257 0.591565 0.000000 0.156250 0.937500
-0.785438 0.502822 6.021790 -0.806257 0.591565 0.000000 0.156250 0.968750
-0.756446 0.542335 6.021790 -0.806257 0.591565 0.000000 0.148438 0.968750
-0.756446 0.542335 5.161534 -0.806257 0.591565 0.000000 0.148438 0.937500
-0.994013 0.664413 -6.882045 -0.785045 0.609642 0.109732 0.156250 0.500000
-0.926733 0.593637 -6.021790 -0.785045 0.609642 0.109732 0.156250 0.531250
-0.892528 0.640255 -6.021790 -0.785045 0.609642 0.109732 0.148438 0.531250
-0.956846 0.709700 -6.882045 -0.785045 0.609642 0.109732 0.148438 0.500000
-0.926733 0.593637 -6.021790 -0.806142 0.591480 0.016919 0.156250 0.531250
-0.914335 0.585927 -5.161534 -0.806142 0.591480 0.016919 0.156250 0.562500
-0.880578 0.631936 -5.161534 -0.806142 0.591480 0.016919 0.148438 0.562500
-0.892528 0.640255 -6.021790 -0.806142 0.591480 0.016919 0.148438 0.531250
-0.830280 0.531677 3.441023 -0.805872 0.591282 0.030920 0.156250 0.875000
-0.785438 0.502822 5.161534 -0.805872 0.591282 0.030920 0.156250 0.937500
-0.756446 0.542335 5.161534 -0.805872 0.591282 0.030920 0.148438 0.937500
-0.799635 0.573445 3.441023 -0.805872 0.591282 0.030920 0.148438 0.875000
-0.914335 0.585927 -5.161534 -0.806257 0.591565 -0.000557 0.156250 0.562500
-0.915275 0.586265 -3.441023 -0.806257 0.591565 -0.000557 0.156250 0.625000
-0.881494 0.632307 -3.441023 -0.806257 0.591565 -0.000557 0.148438 0.625000
-0.880578 0.631936 -5.161534 -0.806257 0.591565 -0.000557 0.148438 0.562500
-0.867238 0.555455 0.001871 -0.806192 0.591517 0.012753 0.156250 0.750000
-0.830280 0.531677 3.441023 -0.806192 0.591517 0.012753 0.156250 0.875000
-0.799635 0.573445 3.441023 -0.806192 0.591517 0.012753 0.148438 0.875000
-0.835229 0.599082 0.001871 -0.806192 0.591517 0.012753 0.148438 0.750000
-0.915275 0.586265 -3.441023 -0.806147 0.591484 0.016541 0.156250 0.625000
-0.867238 0.555455 0.001871 -0.806147 0.591484 0.016541 0.156250 0.750000
-0.835229 0.599082 0.001871 -0.806147 0.591484 0.016541 0.148438 0.750000
-0.881494 0.632307 -3.441023 -0.806147 0.591484 0.016541 0.148438 0.625000
-0.785438 0.502822 6.021790 -0.787512 0.611333 -0.078085 0.156250 0.968750
-0.831469 0.555571 6.882045 -0.787512 0.611333 -0.078085 0.156250 1.000000
-0.800378 0.593455 6.882045 -0.787512 0.611333 -0.078085 0.148438 1.000000
-0.756446 0.542335 6.021790 -0.787512 0.611333 -0.078085 0.148438 0.968750
0.180155 0.927638 5.161534 0.272122 0.962263 0.000000 0.968750 0.937500
0.180155 0.927638 6.021790 0.272122 0.962263 0.000000 0.968750 0.968750
0.227315 0.914301 6.021790 0.272122 0.962263 0.000000 0.960938 0.968750
0.227315 0.914301 5.161534 0.272122 0.962263 0.000000 0.960938 0.937500
0.233155 1.172722 -6.882045 0.280066 0.955505 0.092598 0.968750 0.500000
0.212485 1.094839 -6.021790 0.280066 0.955505 0.092598 0.968750 0.531250
0.268124 1.079105 -6.021790 0.280066 0.955505 0.092598 0.960938 0.531250
0.289218 1.155715 -6.882045 0.280066 0.955505 0.092598 0.960938 0.500000
0.212485 1.094839 -6.021790 0.272083 0.962128 0.016734 0.968750 0.531250
0.209997 1.080580 -5.161534 0.272083 0.962128 0.016734 0.968750 0.562500
0.264909 1.065052 -5.161534 0.272083 0.962128 0.016734 0.960938 0.562500
0.268124 1.079105 -6.021790 0.272083 0.962128 0.016734 0.960938 0.531250
0.190408 0.980732 3.441023 0.271988 0.961791 0.031301 0.968750 0.875000
0.180155 0.927638 5.161534 0.271988 0.961791 0.031301 0.968750 0.937500
0.227315 0.914301 5.161534 0.271988 0.961791 0.031301 0.960938 0.937500
0.240258 0.966634 3.441023 0.271988 0.961791 0.031301 0.960938 0.875000
0.209997 1.080580 -5.161534 0.272124 0.962262 -0.000356 0.968750 0.562500
0.209836 1.081262 -3.441023 0.272124 0.962262 -0.000356 0.968750 0.625000
0.264786 1.065722 -3.441023 0.272124 0.962262 -0.000356 0.960938 0.625000
0.264909 1.065052 -5.161534 0.272124 0.962262 -0.000356 0.960938 0.562500
0.198867 1.024492 0.001871 0.272099 0.962183 0.012912 0.968750 0.750000
0.190408 0.980732 3.441023 0.272099 0.962183 0.012912 0.968750 0.875000
0.240258 0.966634 3.441023 0.272099 0.962183 0.012912 0.960938 0.875000
0.250935 1.009767 0.001871 0.272099 0.962183 0.012912 0.960938 0.750000
0.209836 1.081262 -3.441023 0.272086 0.962128 0.016731 0.968750 0.625000
0.198867 1.024492 0.001871 0.272086 0.962128 0.016731 0.968750 0.750000
0.250935 1.009767 0.001871 0.272086 0.962128 0.016731 0.960938 0.750000
0.264786 1.065722 -3.441023 0.272086 0.962128 0.016731 0.960938 0.625000
0.180155 0.927638 6.021790 0.280648 0.957708 -0.063503 0.968750 0.968750
0.195090 0.980785 6.882045 0.280648 0.957708 -0.063503 0.968750 1.000000
0.241989 0.966559 6.882045 0.280648 0.957708 -0.063503 0.960938 1.000000
0.227315 0.914301 6.021790 0.280648 0.957708 -0.063503 0.960938 0.968750
0.288887 0.952332 5.161534 0.290285 0.956940 0.000000 0.953125 0.937500
0.288887 0.952332 6.021790 0.290285 0.956940 0.000000 0.953125 0.968750
0.335785 0.938106 6.021790 0.290285 0.956940 0.000000 0.945312 0.968750
0.335785 0.938106 5.161534 0.290285 0.956940 0.000000 0.945312 0.937500
0.345281 1.138709 -6.882045 0.290237 0.956787 0.017911 0.953125 0.500000
0.340767 1.123974 -6.021790 0.290237 0.956787 0.017911 0.953125 0.531250
0.396099 1.107190 -6.021790 0.290237 0.956787 0.017911 0.945312 0.531250
0.401345 1.121702 -6.882045 0.290237 0.956787 0.017911 0.945312 0.500000
0.340767 1.123974 -6.021790 0.290239 0.956791 0.017687 0.953125 0.531250
0.336603 1.109335 -5.161534 0.290239 0.956791 0.017687 0.953125 0.562500
0.391211 1.092770 -5.161534 0.290239 0.956791 0.017687 0.945312 0.562500
0.396099 1.107190 -6.021790 0.290239 0.956791 0.017687 0.945312 0.531250
0.305343 1.006836 3.441023 0.290126 0.956417 0.033073 0.953125 0.875000
0.288887 0.952332 5.161534 0.290126 0.956417 0.033073 0.953125 0.937500
0.335785 0.938106 5.161534 0.290126 0.956417 0.033073 0.945312 0.937500
0.354917 0.991797 3.441023 0.290126 0.956417 0.033073 0.945312 0.875000
0.336603 1.109335 -5.161534 0.290285 0.956940 -0.000378 0.953125 0.562500
0.336530 1.110036 -3.441023 0.290285 0.956940 -0.000378 0.953125 0.625000
0.391176 1.093459 -3.441023 0.290285 0.956940 -0.000378 0.945312 0.625000
0.391211 1.092770 -5.161534 0.290285 0.956940 -0.000378 0.945312 0.562500
0.318917 1.051757 0.001871 0.290257 0.956851 0.013644 0.953125 0.750000
0.305343 1.006836 3.441023 0.290257 0.956851 0.013644 0.953125 0.875000
0.354917 0.991797 3.441023 0.290257 0.956851 0.013644 0.945312 0.875000
0.370697 1.036050 0.001871 0.290257 0.956851 0.013644 0.945312 0.750000
0.336530 1.110036 -3.441023 0.290240 0.956791 0.017681 0.953125 0.625000
0.318917 1.051757 0.001871 0.290240 0.956791 0.017681 0.953125 0.750000
0.370697 1.036050 0.001871 0.290240 0.956791 0.017681 0.945312 0.750000
0.391176 1.093459 -3.441023 0.290240 0.956791 0.017681 0.945312 0.625000
0.288887 0.952332 6.882045 0.290285 0.956940 0.000000 0.953125 1.000000
0.335785 0.938106 6.882045 0.290285 0.956940 0.000000 0.945312 1.000000
0.350957 0.861153 5.161534 0.454621 0.890685 0.000000 0.937500 0.937500
0.350957 0.861153 6.021790 0.454621 0.890685 0.000000 0.937500 0.968750
0.394608 0.838873 6.021790 0.454621 0.890685 0.000000 0.929688 0.968750
0.394608 0.838873 5.161534 0.454621 0.890685 0.000000 0.929688 0.937500
0.457408 1.104695 -6.882045 0.459852 0.880128 0.117942 0.937500 0.500000
0.408092 1.016400 -6.035505 0.459852 0.880128 0.117942 0.937500 0.531250
0.459592 0.990114 -6.035505 0.459852 0.880128 0.117942 0.929688 0.531250
0.509076 1.077078 -6.882045 0.459852 0.880128 0.117942 0.929688 0.500000
0.408092 1.016400 -6.035505 0.454560 0.890566 0.016366 0.937500 0.531250
0.403048 1.003166 -5.175250 0.454560 0.890566 0.016366 0.937500 0.562500
0.453875 0.977223 -5.175250 0.454560 0.890566 0.016366 0.929688 0.562500
0.459592 0.990114 -6.035505 0.454560 0.890566 0.016366 0.929688 0.531250
0.370955 0.910454 3.441023 0.454405 0.890263 0.030792 0.937500 0.875000
0.350957 0.861153 5.161534 0.454405 0.890263 0.030792 0.937500 0.937500
0.394608 0.838873 5.161534 0.454405 0.890263 0.030792 0.929688 0.937500
0.417097 0.886902 3.441023 0.454405 0.890263 0.030792 0.929688 0.875000
0.403048 1.003166 -5.175250 0.454621 0.890685 -0.000318 0.937500 0.562500
0.403021 1.003794 -3.454738 0.454621 0.890685 -0.000318 0.937500 0.625000
0.453883 0.977833 -3.454738 0.454621 0.890685 -0.000318 0.929688 0.625000
0.453875 0.977223 -5.175250 0.454621 0.890685 -0.000318 0.929688 0.562500
0.381920 0.951087 -0.033126 0.454589 0.890622 0.011851 0.937500 0.750000
0.370955 0.910454 3.441023 0.454589 0.890622 0.011851 0.937500 0.875000
0.417097 0.886902 3.441023 0.454589 0.890622 0.011851 0.929688 0.875000
0.430115 0.926487 -0.033126 0.454589 0.890622 0.011851 0.929688 0.750000
0.403021 1.003794 -3.454738 0.454559 0.890563 0.016521 0.937500 0.625000
0.381920 0.951087 -0.033126 0.454559 0.890563 0.016521 0.937500 0.750000
0.430115 0.926487 -0.033126 0.454559 0.890563 0.016521 0.929688 0.750000
0.453883 0.977833 -3.454738 0.454559 0.890563 0.016521 0.929688 0.625000
0.350957 0.861153 6.021790 0.461512 0.883438 -0.080900 0.937500 0.968750
0.382683 0.923880 6.882045 0.461512 0.883438 -0.080900 0.937500 1.000000
0.425905 0.900777 6.882045 0.461512 0.883438 -0.080900 0.929688 1.000000
0.394608 0.838873 6.021790 0.461512 0.883438 -0.080900 0.929688 0.968750
0.469127 0.877675 5.161534 0.471398 0.881921 0.000000 0.921875 0.937500
0.469127 0.877675 6.021790 0.471398 0.881921 0.000000 0.921875 0.968750
0.512349 0.854572 6.021790 0.471398 0.881921 0.000000 0.914062 0.968750
0.512349 0.854572 5.161534 0.471398 0.881921 0.000000 0.914062 0.937500
0.560744 1.049461 -6.882045 0.471320 0.881780 0.017923 0.921875 0.500000
0.553417 1.035892 -6.021790 0.471320 0.881780 0.017923 0.921875 0.531250
0.604410 1.008636 -6.021790 0.471320 0.881780 0.017923 0.914062 0.531250
0.612412 1.021844 -6.882045 0.471320 0.881780 0.017923 0.914062 0.500000
0.553417 1.035892 -6.021790 0.471323 0.881784 0.017630 0.921875 0.531250
0.546474 1.022404 -5.161534 0.471323 0.881784 0.017630 0.921875 0.562500
0.596801 0.995503 -5.161534 0.471323 0.881784 0.017630 0.914062 0.562500
0.604410 1.008636 -6.021790 0.471323 0.881784 0.017630 0.914062 0.531250
0.495867 0.927918 3.441023 0.471140 0.881439 0.033063 0.921875 0.875000
0.469127 0.877675 5.161534 0.471140 0.881439 0.033063 0.921875 0.937500
0.512349 0.854572 5.161534 0.471140 0.881439 0.033063 0.914062 0.937500
0.541555 0.903497 3.441023 0.471140 0.881439 0.033063 0.914062 0.875000
0.546474 1.022404 -5.161534 0.471397 0.881921 -0.000348 0.921875 0.562500
0.546546 1.023045 -3.441023 0.471397 0.881921 -0.000348 0.921875 0.625000
0.596908 0.996126 -3.441023 0.471397 0.881921 -0.000348 0.914062 0.625000
0.596801 0.995503 -5.161534 0.471397 0.881921 -0.000348 0.914062 0.562500
0.517919 0.969328 0.001871 0.471354 0.881839 0.013640 0.921875 0.750000
0.495867 0.927918 3.441023 0.471354 0.881839 0.013640 0.921875 0.875000
0.541555 0.903497 3.441023 0.471354 0.881839 0.013640 0.914062 0.875000
0.565639 0.943821 0.001871 0.471354 0.881839 0.013640 0.914062 0.750000
0.546546 1.023045 -3.441023 0.471324 0.881783 0.017677 0.921875 0.625000
0.517919 0.969328 0.001871 0.471324 0.881783 0.017677 0.921875 0.750000
0.565639 0.943821 0.001871 0.471324 0.881783 0.017677 0.914062 0.750000
0.596908 0.996126 -3.441023 0.471324 0.881783 0.017677 0.914062 0.625000
0.469127 0.877675 6.882045 0.471398 0.881921 0.000000 0.921875 1.000000
0.512349 0.854572 6.882045 0.471398 0.881921 0.000000 0.914062 1.000000
0.525562 0.772032 5.161534 0.619650 0.784878 0.000000 0.906250 0.937500
0.525562 0.772032 6.021790 0.619650 0.784878 0.000000 0.906250 0.968750
0.564027 0.741664 6.021790 0.619650 0.784878 0.000000 0.898438 0.968750
0.564027 0.741664 5.161534 0.619650 0.784878 0.000000 0.898438 0.937500
0.664080 0.994227 -6.882045 0.623564 0.774550 0.106022 0.906250 0.500000
0.619999 0.911254 -6.021790 0.623564 0.774550 0.106022 0.906250 0.531250
0.665381 0.875425 -6.021790 0.623564 0.774550 0.106022 0.898438 0.531250
0.709367 0.957061 -6.882045 0.623564 0.774550 0.106022 0.898438 0.500000
0.619999 0.911254 -6.021790 0.619567 0.784772 0.016446 0.906250 0.531250
0.612186 0.899393 -5.161534 0.619567 0.784772 0.016446 0.906250 0.562500
0.656976 0.864033 -5.161534 0.619567 0.784772 0.016446 0.898438 0.562500
0.665381 0.875425 -6.021790 0.619567 0.784772 0.016446 0.898438 0.531250
0.555522 0.816247 3.441023 0.619353 0.784502 0.030946 0.906250 0.875000
0.525562 0.772032 5.161534 0.619353 0.784502 0.030946 0.906250 0.937500
0.564027 0.741664 5.161534 0.619353 0.784502 0.030946 0.898438 0.937500
0.596183 0.784146 3.441023 0.619353 0.784502 0.030946 0.898438 0.875000
0.612186 0.899393 -5.161534 0.619650 0.784878 -0.000296 0.906250 0.562500
0.612304 0.899949 -3.441023 0.619650 0.784878 -0.000296 0.906250 0.625000
0.657124 0.864564 -3.441023 0.619650 0.784878 -0.000296 0.898438 0.625000
0.656976 0.864033 -5.161534 0.619650 0.784878 -0.000296 0.898438 0.562500
0.580228 0.852688 0.001871 0.619600 0.784814 0.012767 0.906250 0.750000
0.555522 0.816247 3.441023 0.619600 0.784814 0.012767 0.906250 0.875000
0.596183 0.784146 3.441023 0.619600 0.784814 0.012767 0.898438 0.875000
0.622698 0.819159 0.001871 0.619600 0.784814 0.012767 0.898438 0.750000
0.612304 0.899949 -3.441023 0.619565 0.784771 0.016545 0.906250 0.625000
0.580228 0.852688 0.001871 0.619565 0.784771 0.016545 0.906250 0.750000
0.622698 0.819159 0.001871 0.619565 0.784771 0.016545 0.898438 0.750000
0.657124 0.864564 -3.441023 0.619565 0.784771 0.016545 0.898438 0.625000
0.525562 0.772032 6.021790 0.625286 0.776788 -0.074945 0.906250 0.968750
0.555570 0.831470 6.882045 0.625286 0.776788 -0.074945 0.906250 1.000000
0.593454 0.800379 6.882045 0.625286 0.776788 -0.074945 0.898438 1.000000
0.564027 0.741664 6.021790 0.625286 0.776788 -0.074945 0.898438 0.968750
0.631338 0.769288 5.161534 0.634394 0.773010 0.000000 0.890625 0.937500
0.631338 0.769288 6.021790 0.634394 0.773010 0.000000 0.890625 0.968750
0.669223 0.738197 6.021790 0.634394 0.773010 0.000000 0.882812 0.968750
0.669223 0.738197 5.161534 0.634394 0.773010 0.000000 0.882812 0.937500
0.754654 0.919894 -6.882045 0.634292 0.772885 0.017940 0.890625 0.500000
0.744796 0.908017 -6.021790 0.634292 0.772885 0.017940 0.890625 0.531250
0.789492 0.871336 -6.021790 0.634292 0.772885 0.017940 0.882812 0.531250
0.799942 0.882728 -6.882045 0.634292 0.772885 0.017940 0.882812 0.500000
0.744796 0.908017 -6.021790 0.634297 0.772890 0.017581 0.890625 0.531250
0.735352 0.896199 -5.161534 0.634297 0.772890 0.017581 0.890625 0.562500
0.779464 0.859997 -5.161534 0.634297 0.772890 0.017581 0.882812 0.562500
0.789492 0.871336 -6.021790 0.634297 0.772890 0.017581 0.882812 0.531250
0.667334 0.813347 3.441023 0.634047 0.772588 0.033050 0.890625 0.875000
0.631338 0.769288 5.161534 0.634047 0.772588 0.033050 0.890625 0.937500
0.669223 0.738197 5.161534 0.634047 0.772588 0.033050 0.882812 0.937500
0.707380 0.780482 3.441023 0.634047 0.772588 0.033050 0.882812 0.875000
0.735352 0.896199 -5.161534 0.634394 0.773010 -0.000324 0.890625 0.562500
0.735555 0.896753 -3.441023 0.634394 0.773010 -0.000324 0.890625 0.625000
0.779698 0.860526 -3.441023 0.634394 0.773010 -0.000324 0.882812 0.625000
0.779464 0.859997 -5.161534 0.634394 0.773010 -0.000324 0.882812 0.562500
0.697016 0.849659 0.001871 0.634335 0.772938 0.013636 0.890625 0.750000
0.667334 0.813347 3.441023 0.634335 0.772938 0.013636 0.890625 0.875000
0.707380 0.780482 3.441023 0.634335 0.772938 0.013636 0.882812 0.875000
0.738843 0.815332 0.001871 0.634335 0.772938 0.013636 0.882812 0.750000
0.735555 0.896753 -3.441023 0.634295 0.772889 0.017672 0.890625 0.625000
0.697016 0.849659 0.001871 0.634295 0.772889 0.017672 0.890625 0.750000
0.738843 0.815332 0.001871 0.634295 0.772889 0.017672 0.882812 0.750000
0.779698 0.860526 -3.441023 0.634295 0.772889 0.017672 0.882812 0.625000
0.631338 0.769288 6.882045 0.634394 0.773010 0.000000 0.890625 1.000000
0.669223 0.738197 6.882045 0.634394 0.773010 0.000000 0.882812 1.000000
0.679425 0.650559 5.161534 0.760866 0.648909 0.000000 0.875000 0.937500
0.679425 0.650559 6.021790 0.760866 0.648909 0.000000 0.875000 0.968750
0.711227 0.613270 6.021790 0.760866 0.648909 0.000000 0.867188 0.968750
0.711227 0.613270 5.161534 0.760866 0.648909 0.000000 0.867188 0.937500
0.845229 0.845561 -6.882045 0.763487 0.638682 0.095777 0.875000 0.500000
0.801528 0.767939 -6.021790 0.763487 0.638682 0.095777 0.875000 0.531250
0.839049 0.723945 -6.021790 0.763487 0.638682 0.095777 0.867188 0.531250
0.882396 0.800274 -6.882045 0.763487 0.638682 0.095777 0.867188 0.500000
0.801528 0.767939 -6.021790 0.760761 0.648821 0.016540 0.875000 0.531250
0.791344 0.757951 -5.161534 0.760761 0.648821 0.016540 0.875000 0.562500
0.828374 0.714532 -5.161534 0.760761 0.648821 0.016540 0.867188 0.562500
0.839049 0.723945 -6.021790 0.760761 0.648821 0.016540 0.867188 0.531250
0.718164 0.687844 3.441023 0.760496 0.648593 0.031179 0.875000 0.875000
0.679425 0.650559 5.161534 0.760496 0.648593 0.031179 0.875000 0.937500
0.711227 0.613270 5.161534 0.760496 0.648593 0.031179 0.867188 0.937500
0.751781 0.648427 3.441023 0.760496 0.648593 0.031179 0.867188 0.875000
0.791344 0.757951 -5.161534 0.760865 0.648910 -0.000280 0.875000 0.562500
0.791585 0.758409 -3.441023 0.760865 0.648910 -0.000280 0.875000 0.625000
0.828641 0.714960 -3.441023 0.760865 0.648910 -0.000280 0.867188 0.625000
0.828374 0.714532 -5.161534 0.760865 0.648910 -0.000280 0.867188 0.562500
0.750107 0.718571 0.001871 0.760804 0.648855 0.012864 0.875000 0.750000
0.718164 0.687844 3.441023 0.760804 0.648855 0.012864 0.875000 0.875000
0.751781 0.648427 3.441023 0.760804 0.648855 0.012864 0.867188 0.875000
0.785220 0.677401 0.001871 0.760804 0.648855 0.012864 0.867188 0.750000
0.791585 0.758409 -3.441023 0.760760 0.648819 0.016673 0.875000 0.625000
0.750107 0.718571 0.001871 0.760760 0.648819 0.016673 0.875000 0.750000
0.785220 0.677401 0.001871 0.760760 0.648819 0.016673 0.867188 0.750000
0.828641 0.714960 -3.441023 0.760760 0.648819 0.016673 0.867188 0.625000
0.679425 0.650559 6.021790 0.765292 0.640273 -0.066176 0.875000 0.968750
0.707107 0.707107 6.882045 0.765292 0.640273 -0.066176 0.875000 1.000000
0.738197 0.669223 6.882045 0.765292 0.640273 -0.066176 0.867188 1.000000
0.711227 0.613270 6.021790 0.765292 0.640273 -0.066176 0.867188 0.968750
0.769288 0.631338 5.161534 0.773010 0.634394 0.000000 0.859375 0.937500
0.769288 0.631338 6.021790 0.773010 0.634394 0.000000 0.859375 0.968750
0.800379 0.593454 6.021790 0.773010 0.634394 0.000000 0.851562 0.968750
0.800379 0.593454 5.161534 0.773010 0.634394 0.000000 0.851562 0.937500
0.919562 0.754987 -6.882045 0.772885 0.634292 0.017962 0.859375 0.500000
0.907550 0.745262 -6.021790 0.772885 0.634292 0.017962 0.859375 0.531250
0.944232 0.700566 -6.021790 0.772885 0.634292 0.017962 0.851562 0.531250
0.956728 0.709699 -6.882045 0.772885 0.634292 0.017962 0.851562 0.500000
0.907550 0.745262 -6.021790 0.772891 0.634296 0.017541 0.859375 0.531250
0.895980 0.735571 -5.161534 0.772891 0.634296 0.017541 0.859375 0.562500
0.932182 0.691459 -5.161534 0.772891 0.634296 0.017541 0.851562 0.562500
0.944232 0.700566 -6.021790 0.772891 0.634296 0.017541 0.851562 0.531250
0.813155 0.667526 3.441023 0.772588 0.634048 0.033034 0.859375 0.875000
0.769288 0.631338 5.161534 0.772588 0.634048 0.033034 0.859375 0.937500
0.800379 0.593454 5.161534 0.772588 0.634048 0.033034 0.851562 0.937500
0.846020 0.627481 3.441023 0.772588 0.634048 0.033034 0.851562 0.875000
0.895980 0.735571 -5.161534 0.773011 0.634393 -0.000304 0.859375 0.562500
0.896295 0.736013 -3.441023 0.773011 0.634393 -0.000304 0.859375 0.625000
0.932521 0.691871 -3.441023 0.773011 0.634393 -0.000304 0.851562 0.625000
0.932182 0.691459 -5.161534 0.773011 0.634393 -0.000304 0.851562 0.562500
0.849325 0.697350 0.001871 0.772938 0.634335 0.013630 0.859375 0.750000
0.813155 0.667526 3.441023 0.772938 0.634335 0.013630 0.859375 0.875000
0.846020 0.627481 3.441023 0.772938 0.634335 0.013630 0.851562 0.875000
0.883652 0.655522 0.001871 0.772938 0.634335 0.013630 0.851562 0.750000
0.896295 0.736013 -3.441023 0.772890 0.634294 0.017667 0.859375 0.625000
0.849325 0.697350 0.001871 0.772890 0.634294 0.017667 0.859375 0.750000
0.883652 0.655522 0.001871 0.772890 0.634294 0.017667 0.851562 0.750000
0.932521 0.691871 -3.441023 0.772890 0.634294 0.017667 0.851562 0.625000
0.769288 0.631338 6.882045 0.773010 0.634394 0.000000 0.859375 1.000000
0.800379 0.593454 6.882045 0.773010 0.634394 0.000000 0.851562 1.000000
0.787586 0.531452 5.161534 0.863519 0.504316 0.000000 0.843750 0.937500
0.787586 0.531452 6.021790 0.863519 0.504316 0.000000 0.843750 0.968750
0.812302 0.489132 6.021790 0.863519 0.504316 0.000000 0.835938 0.968750
0.812302 0.489132 5.161534 0.863519 0.504316 0.000000 0.835938 0.937500
0.993895 0.664412 -6.882045 0.869769 0.486065 0.085105 0.843750 0.500000
0.929139 0.627415 -6.021790 0.869769 0.486065 0.085105 0.843750 0.531250
0.958299 0.577486 -6.021790 0.869769 0.486065 0.085105 0.835938 0.531250
1.021512 0.612744 -6.882045 0.869769 0.486065 0.085105 0.835938 0.500000
0.929139 0.627415 -6.021790 0.863399 0.504246 0.016674 0.843750 0.531250
0.917286 0.619264 -5.161534 0.863399 0.504246 0.016674 0.843750 0.562500
0.946065 0.569987 -5.161534 0.863399 0.504246 0.016674 0.835938 0.562500
0.958299 0.577486 -6.021790 0.863399 0.504246 0.016674 0.835938 0.531250
0.832497 0.561941 3.441023 0.863091 0.504067 0.031462 0.843750 0.875000
0.787586 0.531452 5.161534 0.863091 0.504067 0.031462 0.843750 0.937500
0.812302 0.489132 5.161534 0.863091 0.504067 0.031462 0.835938 0.937500
0.858623 0.517206 3.441023 0.863091 0.504067 0.031462 0.835938 0.875000
0.917286 0.619264 -5.161534 0.863519 0.504317 -0.000271 0.843750 0.562500
0.917615 0.619626 -3.441023 0.863519 0.504317 -0.000271 0.843750 0.625000
0.946414 0.570315 -3.441023 0.863519 0.504317 -0.000271 0.835938 0.625000
0.946065 0.569987 -5.161534 0.863519 0.504317 -0.000271 0.835938 0.562500
0.869528 0.587066 0.001871 0.863446 0.504274 0.012981 0.843750 0.750000
0.832497 0.561941 3.441023 0.863446 0.504274 0.012981 0.843750 0.875000
0.858623 0.517206 3.441023 0.863446 0.504274 0.012981 0.835938 0.875000
0.896816 0.540341 0.001871 0.863446 0.504274 0.012981 0.835938 0.750000
0.917615 0.619626 -3.441023 0.863397 0.504245 0.016828 0.843750 0.625000
0.869528 0.587066 0.001871 0.863397 0.504245 0.016828 0.843750 0.750000
0.896816 0.540341 0.001871 0.863397 0.504245 0.016828 0.835938 0.750000
0.946414 0.570315 -3.441023 0.863397 0.504245 0.016828 0.835938 0.625000
0.787586 0.531452 6.021790 0.871454 0.487149 -0.057040 0.843750 0.968750
0.831470 0.555570 6.882045 0.871454 0.487149 -0.057040 0.843750 1.000000
0.854572 0.512349 6.882045 0.871454 0.487149 -0.057040 0.835938 1.000000
0.812302 0.489132 6.021790 0.871454 0.487149 -0.057040 0.835938 0.968750
0.877675 0.469127 5.161534 0.881921 0.471396 0.000000 0.828125 0.937500
0.877675 0.469127 6.021790 0.881921 0.471396 0.000000 0.828125 0.968750
0.900777 0.425905 6.021790 0.881921 0.471396 0.000000 0.820312 0.968750
0.900777 0.425905 5.161534 0.881921 0.471396 0.000000 0.820312 0.937500
1.049129 0.561076 -6.882045 0.881779 0.471319 0.017987 0.828125 0.500000
1.035426 0.553883 -6.021790 0.881779 0.471319 0.017987 0.828125 0.531250
1.062683 0.502890 -6.021790 0.881779 0.471319 0.017987 0.820312 0.531250
1.076746 0.509408 -6.882045 0.881779 0.471319 0.017987 0.820312 0.500000
1.035426 0.553883 -6.021790 0.881786 0.471324 0.017512 0.828125 0.531250
1.022185 0.546693 -5.161534 0.881786 0.471324 0.017512 0.828125 0.562500
1.049085 0.496365 -5.161534 0.881786 0.471324 0.017512 0.820312 0.562500
1.062683 0.502890 -6.021790 0.881786 0.471324 0.017512 0.820312 0.531250
0.927726 0.496059 3.441023 0.881441 0.471139 0.033017 0.828125 0.875000
0.877675 0.469127 5.161534 0.881441 0.471139 0.033017 0.828125 0.937500
0.900777 0.425905 5.161534 0.881441 0.471139 0.033017 0.820312 0.937500
0.952146 0.450371 3.441023 0.881441 0.471139 0.033017 0.820312 0.875000
1.022185 0.546693 -5.161534 0.881921 0.471398 -0.000291 0.828125 0.562500
1.022586 0.547004 -3.441023 0.881921 0.471398 -0.000291 0.828125 0.625000
1.049505 0.496642 -3.441023 0.881921 0.471398 -0.000291 0.820312 0.625000
1.049085 0.496365 -5.161534 0.881921 0.471398 -0.000291 0.820312 0.562500
0.968994 0.518253 0.001871 0.881840 0.471352 0.013623 0.828125 0.750000
0.927726 0.496059 3.441023 0.881840 0.471352 0.013623 0.828125 0.875000
0.952146 0.450371 3.441023 0.881840 0.471352 0.013623 0.820312 0.875000
0.994501 0.470532 0.001871 0.881840 0.471352 0.013623 0.820312 0.750000
1.022586 0.547004 -3.441023 0.881784 0.471324 0.017662 0.828125 0.625000
0.968994 0.518253 0.001871 0.881784 0.471324 0.017662 0.828125 0.750000
0.994501 0.470532 0.001871 0.881784 0.471324 0.017662 0.820312 0.750000
1.049505 0.496642 -3.441023 0.881784 0.471324 0.017662 0.820312 0.625000
0.877675 0.469127 6.882045 0.881921 0.471396 0.000000 0.828125 1.000000
0.900777 0.425905 6.882045 0.881921 0.471396 0.000000 0.820312 1.000000
0.881276 0.370941 5.161534 0.945314 0.326162 0.000000 0.812500 0.937500
0.881276 0.370941 6.021790 0.945314 0.326162 0.000000 0.812500 0.968750
0.897260 0.324612 6.021790 0.945314 0.326162 0.000000 0.804688 0.968750
0.897260 0.324612 5.161534 0.945314 0.326162 0.000000 0.804688 0.937500
1.104363 0.457740 -6.882045 0.948503 0.307244 0.077088 0.812500 0.500000
1.039675 0.438042 -6.021790 0.948503 0.307244 0.077088 0.812500 0.531250
1.058534 0.383383 -6.021790 0.948503 0.307244 0.077088 0.804688 0.531250
1.121370 0.401677 -6.882045 0.948503 0.307244 0.077088 0.804688 0.500000
1.039675 0.438042 -6.021790 0.945181 0.326116 0.016761 0.812500 0.531250
1.026378 0.432365 -5.161534 0.945181 0.326116 0.016761 0.812500 0.562500
1.044991 0.378420 -5.161534 0.945181 0.326116 0.016761 0.804688 0.562500
1.058534 0.383383 -6.021790 0.945181 0.326116 0.016761 0.804688 0.531250
0.931533 0.392271 3.441023 0.944841 0.325998 0.031641 0.812500 0.875000
0.881276 0.370941 5.161534 0.944841 0.325998 0.031641 0.812500 0.937500
0.897260 0.324612 5.161534 0.944841 0.325998 0.031641 0.804688 0.937500
0.948429 0.343299 3.441023 0.944841 0.325998 0.031641 0.804688 0.875000
1.026378 0.432365 -5.161534 0.945314 0.326161 -0.000266 0.812500 0.562500
1.026783 0.432597 -3.441023 0.945314 0.326161 -0.000266 0.812500 0.625000
1.045408 0.378615 -3.441023 0.945314 0.326161 -0.000266 0.804688 0.625000
1.044991 0.378420 -5.161534 0.945314 0.326161 -0.000266 0.804688 0.562500
0.972970 0.409846 0.001871 0.945233 0.326134 0.013055 0.812500 0.750000
0.931533 0.392271 3.441023 0.945233 0.326134 0.013055 0.812500 0.875000
0.948429 0.343299 3.441023 0.945233 0.326134 0.013055 0.804688 0.875000
0.990618 0.358695 0.001871 0.945233 0.326134 0.013055 0.804688 0.750000
1.026783 0.432597 -3.441023 0.945179 0.326114 0.016928 0.812500 0.625000
0.972970 0.409846 0.001871 0.945179 0.326114 0.016928 0.812500 0.750000
0.990618 0.358695 0.001871 0.945179 0.326114 0.016928 0.804688 0.750000
1.045408 0.378615 -3.441023 0.945179 0.326114 0.016928 0.804688 0.625000
0.881276 0.370941 6.021790 0.950098 0.307890 -0.050183 0.812500 0.968750
0.923880 0.382683 6.882045 0.950098 0.307890 -0.050183 0.812500 1.000000
0.938106 0.335785 6.882045 0.950098 0.307890 -0.050183 0.804688 1.000000
0.897260 0.324612 6.021790 0.950098 0.307890 -0.050183 0.804688 0.968750
0.952332 0.288887 5.161534 0.956940 0.290285 0.000000 0.796875 0.937500
0.952332 0.288887 6.021790 0.956940 0.290285 0.000000 0.796875 0.968750
0.966559 0.241989 6.021790 0.956940 0.290285 0.000000 0.789062 0.968750
0.966559 0.241989 5.161534 0.956940 0.290285 0.000000 0.789062 0.937500
1.138376 0.345614 -6.882045 0.956785 0.290238 0.018014 0.796875 0.500000
1.123508 0.341234 -6.021790 0.956785 0.290238 0.018014 0.796875 0.531250
1.140293 0.285903 -6.021790 0.956785 0.290238 0.018014 0.789062 0.531250
1.155383 0.289551 -6.882045 0.956785 0.290238 0.018014 0.789062 0.500000
1.123508 0.341234 -6.021790 0.956794 0.290240 0.017496 0.796875 0.531250
1.109116 0.336822 -5.161534 0.956794 0.290240 0.017496 0.796875 0.562500
1.125681 0.282214 -5.161534 0.956794 0.290240 0.017496 0.789062 0.562500
1.140293 0.285903 -6.021790 0.956794 0.290240 0.017496 0.789062 0.531250
1.006643 0.305535 3.441023 0.956419 0.290127 0.032998 0.796875 0.875000
0.952332 0.288887 5.161534 0.956419 0.290127 0.032998 0.796875 0.937500
0.966559 0.241989 5.161534 0.956419 0.290127 0.032998 0.789062 0.937500
1.021682 0.255961 3.441023 0.956419 0.290127 0.032998 0.789062 0.875000
1.109116 0.336822 -5.161534 0.956941 0.290284 -0.000285 0.796875 0.562500
1.109578 0.336988 -3.441023 0.956941 0.290284 -0.000285 0.796875 0.625000
1.126155 0.282342 -3.441023 0.956941 0.290284 -0.000285 0.789062 0.625000
1.125681 0.282214 -5.161534 0.956941 0.290284 -0.000285 0.789062 0.562500
1.051423 0.319251 0.001871 0.956851 0.290259 0.013616 0.796875 0.750000
1.006643 0.305535 3.441023 0.956851 0.290259 0.013616 0.796875 0.875000
1.021682 0.255961 3.441023 0.956851 0.290259 0.013616 0.789062 0.875000
1.067130 0.267471 0.001871 0.956851 0.290259 0.013616 0.789062 0.750000
1.109578 0.336988 -3.441023 0.956791 0.290240 0.017657 0.796875 0.625000
1.051423 0.319251 0.001871 0.956791 0.290240 0.017657 0.796875 0.750000
1.067130 0.267471 0.001871 0.956791 0.290240 0.017657 0.789062 0.750000
1.126155 0.282342 -3.441023 0.956791 0.290240 0.017657 0.789062 0.625000
0.952332 0.288887 6.882045 0.956940 0.290285 0.000000 0.796875 1.000000
0.966559 0.241989 6.882045 0.956940 0.290285 0.000000 0.789062 1.000000
0.945215 0.185627 5.161534 0.990781 0.135472 0.000000 0.781250 0.937500
0.945215 0.185627 6.021790 0.990781 0.135472 0.000000 0.781250 0.968750
0.951854 0.137070 6.021790 0.990781 0.135472 0.000000 0.773438 0.968750
0.951854 0.137070 5.161534 0.990781 0.135472 0.000000 0.773438 0.937500
1.172390 0.233488 -6.882045 0.990968 0.116383 0.066614 0.781250 0.500000
1.115111 0.219406 -6.021790 0.990968 0.116383 0.066614 0.781250 0.531250
1.122944 0.162119 -6.021790 0.990968 0.116383 0.066614 0.773438 0.531250
1.178132 0.175184 -6.882045 0.990968 0.116383 0.066614 0.773438 0.500000
1.115111 0.219406 -6.021790 0.990640 0.135453 0.016891 0.781250 0.531250
1.100828 0.216586 -5.161534 0.990640 0.135453 0.016891 0.781250 0.562500
1.108559 0.160047 -5.161534 0.990640 0.135453 0.016891 0.773438 0.562500
1.122944 0.162119 -6.021790 0.990640 0.135453 0.016891 0.773438 0.531250
0.999120 0.196383 3.441023 0.990278 0.135404 0.031873 0.781250 0.875000
0.945215 0.185627 5.161534 0.990278 0.135404 0.031873 0.781250 0.937500
0.951854 0.137070 5.161534 0.990278 0.135404 0.031873 0.773438 0.937500
1.006138 0.145056 3.441023 0.990278 0.135404 0.031873 0.773438 0.875000
1.100828 0.216586 -5.161534 0.990781 0.135473 -0.000269 0.781250 0.562500
1.101284 0.216669 -3.441023 0.990781 0.135473 -0.000269 0.781250 0.625000
1.109020 0.160091 -3.441023 0.990781 0.135473 -0.000269 0.773438 0.625000
1.108559 0.160047 -5.161534 0.990781 0.135473 -0.000269 0.773438 0.562500
1.043564 0.205242 0.001871 0.990696 0.135460 0.013152 0.781250 0.750000
0.999120 0.196383 3.441023 0.990696 0.135460 0.013152 0.781250 0.875000
1.006138 0.145056 3.441023 0.990696 0.135460 0.013152 0.773438 0.875000
1.050895 0.151631 0.001871 0.990696 0.135460 0.013152 0.773438 0.750000
1.101284 0.216669 -3.441023 0.990637 0.135452 0.017058 0.781250 0.625000
1.043564 0.205242 0.001871 0.990637 0.135452 0.017058 0.781250 0.750000
1.050895 0.151631 0.001871 0.990637 0.135452 0.017058 0.773438 0.750000
1.109020 0.160091 -3.441023 0.990637 0.135452 0.017058 0.773438 0.625000
0.945215 0.185627 6.021790 0.992315 0.116666 -0.041241 0.781250 0.968750
0.980785 0.195090 6.882045 0.992315 0.116666 -0.041241 0.781250 1.000000
0.985589 0.146318 6.882045 0.992315 0.116666 -0.041241 0.773438 1.000000
0.951854 0.137070 6.021790 0.992315 0.116666 -0.041241 0.773438 0.968750
0.990393 0.097545 5.161534 0.995185 0.098018 0.000000 0.765625 0.937500
0.990393 0.097545 6.021790 0.995185 0.098018 0.000000 0.765625 0.968750
0.995196 0.048773 6.021790 0.995185 0.098018 0.000000 0.757812 0.968750
0.995196 0.048773 5.161534 0.995185 0.098018 0.000000 0.757812 0.937500
1.183874 0.116880 -6.882045 0.995023 0.098000 0.018043 0.765625 0.500000
1.168412 0.115487 -6.021790 0.995023 0.098000 0.018043 0.765625 0.531250
1.174080 0.057944 -6.021790 0.995023 0.098000 0.018043 0.757812 0.531250
1.189617 0.058577 -6.882045 0.995023 0.098000 0.018043 0.757812 0.500000
1.168412 0.115487 -6.021790 0.995033 0.098002 0.017492 0.765625 0.531250
1.153433 0.114025 -5.161534 0.995033 0.098002 0.017492 0.765625 0.562500
1.159027 0.057234 -5.161534 0.995033 0.098002 0.017492 0.757812 0.562500
1.174080 0.057944 -6.021790 0.995033 0.098002 0.017492 0.757812 0.531250
1.046875 0.103276 3.441023 0.994643 0.097965 0.032979 0.765625 0.875000
0.990393 0.097545 5.161534 0.994643 0.097965 0.032979 0.765625 0.937500
0.995196 0.048773 5.161534 0.994643 0.097965 0.032979 0.757812 0.937500
1.051953 0.051720 3.441023 0.994643 0.097965 0.032979 0.757812 0.875000
1.153433 0.114025 -5.161534 0.995185 0.098017 -0.000286 0.765625 0.562500
1.153926 0.114037 -3.441023 0.995185 0.098017 -0.000286 0.765625 0.625000
1.159523 0.057207 -3.441023 0.995185 0.098017 -0.000286 0.757812 0.625000
1.159027 0.057234 -5.161534 0.995185 0.098017 -0.000286 0.757812 0.562500
1.093445 0.107992 0.001871 0.995092 0.098010 0.013609 0.765625 0.750000
1.046875 0.103276 3.441023 0.995092 0.098010 0.013609 0.765625 0.875000
1.051953 0.051720 3.441023 0.995092 0.098010 0.013609 0.757812 0.875000
1.098749 0.054142 0.001871 0.995092 0.098010 0.013609 0.757812 0.750000
1.153926 0.114037 -3.441023 0.995029 0.098004 0.017652 0.765625 0.625000
1.093445 0.107992 0.001871 0.995029 0.098004 0.017652 0.765625 0.750000
1.098749 0.054142 0.001871 0.995029 0.098004 0.017652 0.757812 0.750000
1.159523 0.057207 -3.441023 0.995029 0.098004 0.017652 0.757812 0.625000
0.990393 0.097545 6.882045 0.995185 0.098018 0.000000 0.765625 1.000000
0.995196 0.048773 6.882045 0.995185 0.098018 0.000000 0.757812 1.000000
0.971772 -0.008600 5.161534 0.998173 -0.060421 0.000000 0.750000 0.937500
0.971772 -0.008600 6.021790 0.998173 -0.060421 0.000000 0.750000 0.968750
0.968811 -0.057519 6.021790 0.998173 -0.060421 0.000000 0.742188 0.968750
0.968811 -0.057519 5.161534 0.998173 -0.060421 0.000000 0.742188 0.937500
1.195359 0.000273 -6.882045 0.995370 -0.079240 0.054402 0.750000 0.500000
1.146443 -0.009745 -6.021790 0.995370 -0.079240 0.054402 0.750000 0.531250
1.142949 -0.067460 -6.021790 0.995370 -0.079240 0.054402 0.742188 0.531250
1.189617 -0.058031 -6.882045 0.995370 -0.079240 0.054402 0.742188 0.500000
1.146443 -0.009745 -6.021790 0.998028 -0.060413 0.017057 0.750000 0.531250
1.131751 -0.009571 -5.161534 0.998028 -0.060413 0.017057 0.750000 0.562500
1.128303 -0.066532 -5.161534 0.998028 -0.060413 0.017057 0.742188 0.562500
1.142949 -0.067460 -6.021790 0.998028 -0.060413 0.017057 0.742188 0.531250
1.027192 -0.008926 3.441023 0.997657 -0.060390 0.032147 0.750000 0.875000
0.971772 -0.008600 5.161534 0.997657 -0.060390 0.032147 0.750000 0.937500
0.968811 -0.057519 5.161534 0.997657 -0.060390 0.032147 0.742188 0.937500
1.024062 -0.060636 3.441023 0.997657 -0.060390 0.032147 0.742188 0.875000
1.131751 -0.009571 -5.161534 0.998173 -0.060421 -0.000280 0.750000 0.562500
1.132229 -0.009644 -3.441023 0.998173 -0.060421 -0.000280 0.750000 0.625000
1.128779 -0.066645 -3.441023 0.998173 -0.060421 -0.000280 0.742188 0.625000
1.128303 -0.066532 -5.161534 0.998173 -0.060421 -0.000280 0.742188 0.562500
1.072886 -0.009203 0.001871 0.998085 -0.060416 0.013266 0.750000 0.750000
1.027192 -0.008926 3.441023 0.998085 -0.060416 0.013266 0.750000 0.875000
1.024062 -0.060636 3.441023 0.998085 -0.060416 0.013266 0.742188 0.875000
1.069617 -0.063214 0.001871 0.998085 -0.060416 0.013266 0.742188 0.750000
1.132229 -0.009644 -3.441023 0.998025 -0.060412 0.017210 0.750000 0.625000
1.072886 -0.009203 0.001871 0.998025 -0.060412 0.017210 0.750000 0.750000
1.069617 -0.063214 0.001871 0.998025 -0.060412 0.017210 0.742188 0.750000
1.128779 -0.066645 -3.441023 0.998025 -0.060412 0.017210 0.742188 0.625000
0.971772 -0.008600 6.021790 0.996382 -0.079195 -0.030829 0.750000 0.968750
1.000000 0.000000 6.882045 0.996382 -0.079195 -0.030829 0.750000 1.000000
0.995196 -0.048772 6.882045 0.996382 -0.079195 -0.030829 0.742188 1.000000
0.968811 -0.057519 6.021790 0.996382 -0.079195 -0.030829 0.742188 0.968750
0.990393 -0.097545 5.161534 0.995185 -0.098017 0.000000 0.734375 0.937500
0.990393 -0.097545 6.021790 0.995185 -0.098017 0.000000 0.734375 0.968750
0.985589 -0.146318 6.021790 0.995185 -0.098017 0.000000 0.726562 0.968750
0.985589 -0.146318 5.161534 0.995185 -0.098017 0.000000 0.726562 0.937500
1.183874 -0.116334 -6.882045 0.995022 -0.098001 0.018073 0.734375 0.500000
1.168412 -0.114683 -6.021790 0.995022 -0.098001 0.018073 0.734375 0.531250
1.162745 -0.172225 -6.021790 0.995022 -0.098001 0.018073 0.726562 0.531250
1.178132 -0.174638 -6.882045 0.995022 -0.098001 0.018073 0.726562 0.500000
1.168412 -0.114683 -6.021790 0.995032 -0.098003 0.017502 0.734375 0.531250
1.153433 -0.113138 -5.161534 0.995032 -0.098003 0.017502 0.734375 0.562500
1.147840 -0.169928 -5.161534 0.995032 -0.098003 0.017502 0.726562 0.562500
1.162745 -0.172225 -6.021790 0.995032 -0.098003 0.017502 0.726562 0.531250
1.046875 -0.102946 3.441023 0.994644 -0.097964 0.032961 0.734375 0.875000
0.990393 -0.097545 5.161534 0.994644 -0.097964 0.032961 0.734375 0.937500
0.985589 -0.146318 5.161534 0.994644 -0.097964 0.032961 0.726562 0.937500
1.041798 -0.154501 3.441023 0.994644 -0.097964 0.032961 0.726562 0.875000
1.153433 -0.113138 -5.161534 0.995185 -0.098016 -0.000293 0.734375 0.562500
1.153926 -0.113283 -3.441023 0.995185 -0.098016 -0.000293 0.734375 0.625000
1.148329 -0.170113 -3.441023 0.995185 -0.098016 -0.000293 0.726562 0.625000
1.147840 -0.169928 -5.161534 0.995185 -0.098016 -0.000293 0.726562 0.562500
1.093445 -0.107406 0.001871 0.995093 -0.098009 0.013602 0.734375 0.750000
1.046875 -0.102946 3.441023 0.995093 -0.098009 0.013602 0.734375 0.875000
1.041798 -0.154501 3.441023 0.995093 -0.098009 0.013602 0.726562 0.875000
1.088141 -0.161256 0.001871 0.995093 -0.098009 0.013602 0.726562 0.750000
1.153926 -0.113283 -3.441023 0.995030 -0.098001 0.017647 0.734375 0.625000
1.093445 -0.107406 0.001871 0.995030 -0.098001 0.017647 0.734375 0.750000
1.088141 -0.161256 0.001871 0.995030 -0.098001 0.017647 0.726562 0.750000
1.148329 -0.170113 -3.441023 0.995030 -0.098001 0.017647 0.726562 0.625000
0.990393 -0.097545 6.882045 0.995185 -0.098017 0.000000 0.734375 1.000000
0.985589 -0.146318 6.882045 0.995185 -0.098017 0.000000 0.726562 1.000000
0.917119 -0.171808 5.161534 0.968449 -0.249211 0.000000 0.718750 0.937500
0.917119 -0.171808 6.021790 0.968449 -0.249211 0.000000 0.718750 0.968750
0.904906 -0.219270 6.021790 0.968449 -0.249211 0.000000 0.710938 0.968750
0.904906 -0.219270 5.161534 0.968449 -0.249211 0.000000 0.710938 0.937500
1.172390 -0.232941 -6.882045 0.957167 -0.268344 0.108737 0.718750 0.500000
1.081963 -0.202299 -6.021790 0.957167 -0.268344 0.108737 0.718750 0.531250
1.067554 -0.258296 -6.021790 0.957167 -0.268344 0.108737 0.710938 0.531250
1.155383 -0.289005 -6.882045 0.957167 -0.268344 0.108737 0.710938 0.500000
1.081963 -0.202299 -6.021790 0.968320 -0.249177 0.016368 0.718750 0.531250
1.068114 -0.199609 -5.161534 0.968320 -0.249177 0.016368 0.718750 0.562500
1.053893 -0.254874 -5.161534 0.968320 -0.249177 0.016368 0.710938 0.562500
1.067554 -0.258296 -6.021790 0.968320 -0.249177 0.016368 0.710938 0.531250
0.969421 -0.181446 3.441023 0.967989 -0.249092 0.030821 0.718750 0.875000
0.917119 -0.171808 5.161534 0.967989 -0.249092 0.030821 0.718750 0.937500
0.904906 -0.219270 5.161534 0.967989 -0.249092 0.030821 0.710938 0.937500
0.956511 -0.231616 3.441023 0.967989 -0.249092 0.030821 0.710938 0.875000
1.068114 -0.199609 -5.161534 0.968449 -0.249210 -0.000274 0.718750 0.562500
1.068548 -0.199814 -3.441023 0.968449 -0.249210 -0.000274 0.718750 0.625000
1.054317 -0.255117 -3.441023 0.968449 -0.249210 -0.000274 0.710938 0.625000
1.053893 -0.254874 -5.161534 0.968449 -0.249210 -0.000274 0.710938 0.562500
1.012545 -0.189399 0.001871 0.968371 -0.249191 0.012719 0.718750 0.750000
0.969421 -0.181446 3.441023 0.968371 -0.249191 0.012719 0.718750 0.875000
0.956511 -0.231616 3.441023 0.968371 -0.249191 0.012719 0.710938 0.875000
0.999060 -0.241802 0.001871 0.968371 -0.249191 0.012719 0.710938 0.750000
1.068548 -0.199814 -3.441023 0.968317 -0.249177 0.016505 0.718750 0.625000
1.012545 -0.189399 0.001871 0.968317 -0.249177 0.016505 0.718750 0.750000
0.999060 -0.241802 0.001871 0.968317 -0.249177 0.016505 0.710938 0.750000
1.054317 -0.255117 -3.441023 0.968317 -0.249177 0.016505 0.710938 0.625000
0.917119 -0.171808 6.021790 0.960046 -0.269006 -0.077120 0.718750 0.968750
0.980785 -0.195090 6.882045 0.960046 -0.269006 -0.077120 0.718750 1.000000
0.966559 -0.241988 6.882045 0.960046 -0.269006 -0.077120 0.710938 1.000000
0.904906 -0.219270 6.021790 0.960046 -0.269006 -0.077120 0.710938 0.968750
0.952332 -0.288887 5.161534 0.956940 -0.290285 0.000000 0.703125 0.937500
0.952332 -0.288887 6.021790 0.956940 -0.290285 0.000000 0.703125 0.968750
0.938106 -0.335785 6.021790 0.956940 -0.290285 0.000000 0.695312 0.968750
0.938106 -0.335785 5.161534 0.956940 -0.290285 0.000000 0.695312 0.937500
1.138376 -0.345068 -6.882045 0.956783 -0.290238 0.018101 0.703125 0.500000
1.123508 -0.340430 -6.021790 0.956783 -0.290238 0.018101 0.703125 0.531250
1.106724 -0.395761 -6.021790 0.956783 -0.290238 0.018101 0.695312 0.531250
1.121370 -0.401131 -6.882045 0.956783 -0.290238 0.018101 0.695312 0.500000
1.123508 -0.340430 -6.021790 0.956793 -0.290242 0.017524 0.703125 0.531250
1.109116 -0.335935 -5.161534 0.956793 -0.290242 0.017524 0.703125 0.562500
1.092551 -0.390543 -5.161534 0.956793 -0.290242 0.017524 0.695312 0.562500
1.106724 -0.395761 -6.021790 0.956793 -0.290242 0.017524 0.695312 0.531250
1.006644 -0.305205 3.441023 0.956421 -0.290127 0.032943 0.703125 0.875000
0.952332 -0.288887 5.161534 0.956421 -0.290127 0.032943 0.703125 0.937500
0.938106 -0.335785 5.161534 0.956421 -0.290127 0.032943 0.695312 0.937500
0.991605 -0.354779 3.441023 0.956421 -0.290127 0.032943 0.695312 0.875000
1.109116 -0.335935 -5.161534 0.956939 -0.290287 -0.000307 0.703125 0.562500
1.109578 -0.336235 -3.441023 0.956939 -0.290287 -0.000307 0.703125 0.625000
1.093001 -0.390881 -3.441023 0.956939 -0.290287 -0.000307 0.695312 0.625000
1.092551 -0.390543 -5.161534 0.956939 -0.290287 -0.000307 0.695312 0.562500
1.051423 -0.318665 0.001871 0.956852 -0.290257 0.013595 0.703125 0.750000
1.006644 -0.305205 3.441023 0.956852 -0.290257 0.013595 0.703125 0.875000
0.991605 -0.354779 3.441023 0.956852 -0.290257 0.013595 0.695312 0.875000
1.035716 -0.370445 0.001871 0.956852 -0.290257 0.013595 0.695312 0.750000
1.109578 -0.336235 -3.441023 0.956791 -0.290240 0.017643 0.703125 0.625000
1.051423 -0.318665 0.001871 0.956791 -0.290240 0.017643 0.703125 0.750000
1.035716 -0.370445 0.001871 0.956791 -0.290240 0.017643 0.695312 0.750000
1.093001 -0.390881 -3.441023 0.956791 -0.290240 0.017643 0.695312 0.625000
0.952332 -0.288887 6.882045 0.956940 -0.290285 0.000000 0.703125 1.000000
0.938106 -0.335785 6.882045 0.956940 -0.290285 0.000000 0.695312 1.000000
0.861711 -0.353019 5.161534 0.901222 -0.433357 0.000000 0.687500 0.937500
0.861711 -0.353019 6.021790 0.901222 -0.433357 0.000000 0.687500 0.968750
0.840473 -0.397186 6.021790 0.901222 -0.433357 0.000000 0.679688 0.968750
0.840473 -0.397186 5.161534 0.901222 -0.433357 0.000000 0.679688 0.937500
1.104363 -0.457194 -6.882045 0.885858 -0.449633 0.114396 0.687500 0.500000
1.016592 -0.410340 -6.028979 0.885858 -0.449633 0.114396 0.687500 0.531250
0.991535 -0.462449 -6.028979 0.885858 -0.449633 0.114396 0.679688 0.531250
1.076746 -0.508862 -6.882045 0.885858 -0.449633 0.114396 0.679688 0.500000
1.016592 -0.410340 -6.028979 0.901101 -0.433300 0.016401 0.687500 0.531250
1.003597 -0.404931 -5.172100 0.901101 -0.433300 0.016401 0.687500 0.562500
0.978867 -0.456360 -5.172100 0.901101 -0.433300 0.016401 0.679688 0.562500
0.991535 -0.462449 -6.028979 0.901101 -0.433300 0.016401 0.679688 0.531250
0.910851 -0.372996 3.441023 0.900796 -0.433152 0.030758 0.687500 0.875000
0.861711 -0.353019 5.161534 0.900796 -0.433152 0.030758 0.687500 0.937500
0.840473 -0.397186 5.161534 0.900796 -0.433152 0.030758 0.679688 0.937500
0.888401 -0.419684 3.441023 0.900796 -0.433152 0.030758 0.679688 0.875000
1.003597 -0.404931 -5.172100 0.694591 -0.719324 0.010835 0.687500 0.562500
1.003986 -0.405278 -3.391104 0.694591 -0.719324 0.010835 0.687500 0.625000
0.940742 -0.438798 -3.391104 0.694591 -0.719324 0.010835 0.679688 0.625000
0.978867 -0.456360 -5.172100 0.694591 -0.719324 0.010835 0.679688 0.562500
0.951368 -0.384088 -0.015888 0.901158 -0.433326 0.011952 0.687500 0.750000
0.910851 -0.372996 3.441023 0.901158 -0.433326 0.011952 0.687500 0.875000
0.888401 -0.419684 3.441023 0.901158 -0.433326 0.011952 0.679688 0.875000
0.927919 -0.432853 -0.015888 0.901158 -0.433326 0.011952 0.679688 0.750000
1.003986 -0.405278 -3.391104 0.688398 -0.725270 0.009589 0.687500 0.625000
0.951368 -0.384088 -0.015888 0.688398 -0.725270 0.009589 0.687500 0.750000
0.927919 -0.432853 -0.015888 0.688398 -0.725270 0.009589 0.679688 0.750000
0.940742 -0.438798 -3.391104 0.688398 -0.725270 0.009589 0.679688 0.625000
0.861711 -0.353019 6.021790 0.889016 -0.451080 -0.078591 0.687500 0.968750
0.923880 -0.382683 6.882045 0.889016 -0.451080 -0.078591 0.687500 1.000000
0.900777 -0.425905 6.882045 0.889016 -0.451080 -0.078591 0.679688 1.000000
0.840473 -0.397186 6.021790 0.889016 -0.451080 -0.078591 0.679688 0.968750
0.877675 -0.469127 5.161534 0.881922 -0.471396 0.000000 0.671875 0.937500
0.877675 -0.469127 6.021790 0.881922 -0.471396 0.000000 0.671875 0.968750
0.854572 -0.512348 6.021790 0.881922 -0.471396 0.000000 0.664062 0.968750
0.854572 -0.512348 5.161534 0.881922 -0.471396 0.000000 0.664062 0.937500
1.049129 -0.560530 -6.882045 0.881776 -0.471320 0.018128 0.671875 0.500000
1.035426 -0.553079 -6.021790 0.881776 -0.471320 0.018128 0.671875 0.531250
1.008169 -0.604073 -6.021790 0.881776 -0.471320 0.018128 0.664062 0.531250
1.021512 -0.612198 -6.882045 0.881776 -0.471320 0.018128 0.664062 0.500000
1.035426 -0.553079 -6.021790 0.881785 -0.471324 0.017558 0.671875 0.531250
1.022185 -0.545806 -5.161534 0.881785 -0.471324 0.017558 0.671875 0.562500
0.995284 -0.596133 -5.161534 0.881785 -0.471324 0.017558 0.664062 0.562500
1.008169 -0.604073 -6.021790 0.881785 -0.471324 0.017558 0.664062 0.531250
0.927726 -0.495729 3.441023 0.881443 -0.471141 0.032927 0.671875 0.875000
0.877675 -0.469127 5.161534 0.881443 -0.471141 0.032927 0.671875 0.937500
0.854572 -0.512348 5.161534 0.881443 -0.471141 0.032927 0.664062 0.937500
0.903305 -0.541417 3.441023 0.881443 -0.471141 0.032927 0.664062 0.875000
1.022185 -0.545806 -5.161534 0.881922 -0.471396 -0.000328 0.671875 0.562500
1.022586 -0.546251 -3.441023 0.881922 -0.471396 -0.000328 0.671875 0.625000
0.995667 -0.596613 -3.441023 0.881922 -0.471396 -0.000328 0.664062 0.625000
0.995284 -0.596133 -5.161534 0.881922 -0.471396 -0.000328 0.664062 0.562500
0.968994 -0.517667 0.001871 0.881840 -0.471354 0.013588 0.671875 0.750000
0.927726 -0.495729 3.441023 0.881840 -0.471354 0.013588 0.671875 0.875000
0.903305 -0.541417 3.441023 0.881840 -0.471354 0.013588 0.664062 0.875000
0.943486 -0.565388 0.001871 0.881840 -0.471354 0.013588 0.664062 0.750000
1.022586 -0.546251 -3.441023 0.881784 -0.471323 0.017639 0.671875 0.625000
0.968994 -0.517667 0.001871 0.881784 -0.471323 0.017639 0.671875 0.750000
0.943486 -0.565388 0.001871 0.881784 -0.471323 0.017639 0.664062 0.750000
0.995667 -0.596613 -3.441023 0.881784 -0.471323 0.017639 0.664062 0.625000
0.877675 -0.469127 6.882045 0.881922 -0.471396 0.000000 0.671875 1.000000
0.854572 -0.512348 6.882045 0.881922 -0.471396 0.000000 0.664062 1.000000
0.776758 -0.520870 5.161534 0.799361 -0.600851 0.000000 0.656250 0.937500
0.776758 -0.520870 6.021790 0.799361 -0.600851 0.000000 0.656250 0.968750
0.747311 -0.560046 6.021790 0.799361 -0.600851 0.000000 0.648438 0.968750
0.747311 -0.560046 5.161534 0.799361 -0.600851 0.000000 0.648438 0.937500
0.993895 -0.663866 -6.882045 0.781968 -0.614485 0.104569 0.656250 0.500000
0.916363 -0.614127 -6.021790 0.781968 -0.614485 0.104569 0.656250 0.531250
0.881622 -0.660347 -6.021790 0.781968 -0.614485 0.104569 0.648438 0.531250
0.956728 -0.709153 -6.882045 0.781968 -0.614485 0.104569 0.648438 0.500000
0.916363 -0.614127 -6.021790 0.799253 -0.600769 0.016493 0.656250 0.531250
0.904678 -0.606056 -5.161534 0.799253 -0.600769 0.016493 0.656250 0.562500
0.870390 -0.651672 -5.161534 0.799253 -0.600769 0.016493 0.648438 0.562500
0.881622 -0.660347 -6.021790 0.799253 -0.600769 0.016493 0.648438 0.531250
0.821051 -0.550425 3.441023 0.798980 -0.600564 0.030886 0.656250 0.875000
0.776758 -0.520870 5.161534 0.798980 -0.600564 0.030886 0.656250 0.937500
0.747311 -0.560046 5.161534 0.798980 -0.600564 0.030886 0.648438 0.937500
0.789924 -0.591836 3.441023 0.798980 -0.600564 0.030886 0.648438 0.875000
0.904678 -0.606056 -5.161534 0.799361 -0.600851 -0.000319 0.656250 0.562500
0.904998 -0.606542 -3.441023 0.799361 -0.600851 -0.000319 0.656250 0.625000
0.870687 -0.652190 -3.441023 0.799361 -0.600851 -0.000319 0.648438 0.625000
0.870390 -0.651672 -5.161534 0.799361 -0.600851 -0.000319 0.648438 0.562500
0.857572 -0.574797 0.001871 0.799296 -0.600802 0.012745 0.656250 0.750000
0.821051 -0.550425 3.441023 0.799296 -0.600802 0.012745 0.656250 0.875000
0.789924 -0.591836 3.441023 0.799296 -0.600802 0.012745 0.648438 0.875000
0.825060 -0.618050 0.001871 0.799296 -0.600802 0.012745 0.648438 0.750000
0.904998 -0.606542 -3.441023 0.799251 -0.600769 0.016549 0.656250 0.625000
0.857572 -0.574797 0.001871 0.799251 -0.600769 0.016549 0.656250 0.750000
0.825060 -0.618050 0.001871 0.799251 -0.600769 0.016549 0.648438 0.750000
0.870687 -0.652190 -3.441023 0.799251 -0.600769 0.016549 0.648438 0.625000
0.776758 -0.520870 6.021790 0.784237 -0.616091 -0.073516 0.656250 0.968750
0.831470 -0.555570 6.882045 0.784237 -0.616091 -0.073516 0.656250 1.000000
0.800379 -0.593454 6.882045 0.784237 -0.616091 -0.073516 0.648438 1.000000
0.747311 -0.560046 6.021790 0.784237 -0.616091 -0.073516 0.648438 0.968750
0.769288 -0.631338 5.161534 0.773010 -0.634394 0.000000 0.640625 0.937500
0.769288 -0.631338 6.021790 0.773010 -0.634394 0.000000 0.640625 0.968750
0.738197 -0.669223 6.021790 0.773010 -0.634394 0.000000 0.632812 0.968750
0.738197 -0.669223 5.161534 0.773010 -0.634394 0.000000 0.632812 0.937500
0.919562 -0.754441 -6.882045 0.772883 -0.634289 0.018152 0.640625 0.500000
0.907550 -0.744459 -6.021790 0.772883 -0.634289 0.018152 0.640625 0.531250
0.870869 -0.789155 -6.021790 0.772883 -0.634289 0.018152 0.632812 0.531250
0.882396 -0.799728 -6.882045 0.772883 -0.634289 0.018152 0.632812 0.500000
0.907550 -0.744459 -6.021790 0.772891 -0.634295 0.017602 0.640625 0.531250
0.895980 -0.734684 -5.161534 0.772891 -0.634295 0.017602 0.640625 0.562500
0.859778 -0.778796 -5.161534 0.772891 -0.634295 0.017602 0.632812 0.562500
0.870869 -0.789155 -6.021790 0.772891 -0.634295 0.017602 0.632812 0.531250
0.813155 -0.667197 3.441023 0.772591 -0.634050 0.032913 0.640625 0.875000
0.769288 -0.631338 5.161534 0.772591 -0.634050 0.032913 0.640625 0.937500
0.738197 -0.669223 5.161534 0.772591 -0.634050 0.032913 0.632812 0.937500
0.780290 -0.707242 3.441023 0.772591 -0.634050 0.032913 0.632812 0.875000
0.895980 -0.734684 -5.161534 0.773010 -0.634393 -0.000353 0.640625 0.562500
0.896295 -0.735260 -3.441023 0.773010 -0.634393 -0.000353 0.640625 0.625000
0.860068 -0.779403 -3.441023 0.773010 -0.634393 -0.000353 0.632812 0.625000
0.859778 -0.778796 -5.161534 0.773010 -0.634393 -0.000353 0.632812 0.562500
0.849325 -0.696764 0.001871 0.772939 -0.634335 0.013583 0.640625 0.750000
0.813155 -0.667197 3.441023 0.772939 -0.634335 0.013583 0.640625 0.875000
0.780290 -0.707242 3.441023 0.772939 -0.634335 0.013583 0.632812 0.875000
0.814998 -0.738592 0.001871 0.772939 -0.634335 0.013583 0.632812 0.750000
0.896295 -0.735260 -3.441023 0.772890 -0.634295 0.017636 0.640625 0.625000
0.849325 -0.696764 0.001871 0.772890 -0.634295 0.017636 0.640625 0.750000
0.814998 -0.738592 0.001871 0.772890 -0.634295 0.017636 0.632812 0.750000
0.860068 -0.779403 -3.441023 0.772890 -0.634295 0.017636 0.632812 0.625000
0.769288 -0.631338 6.882045 0.773010 -0.634394 0.000000 0.640625 1.000000
0.738197 -0.669223 6.882045 0.773010 -0.634394 0.000000 0.632812 1.000000
0.658970 -0.677573 5.161534 0.666781 -0.745254 0.000000 0.625000 0.937500
0.658970 -0.677573 6.021790 0.666781 -0.745254 0.000000 0.625000 0.968750
0.622447 -0.710250 6.021790 0.666781 -0.745254 0.000000 0.617188 0.968750
0.622447 -0.710250 5.161534 0.666781 -0.745254 0.000000 0.617188 0.937500
0.845229 -0.845016 -6.882045 0.647982 -0.756307 0.090107 0.625000 0.500000
0.777396 -0.799006 -6.021790 0.647982 -0.756307 0.090107 0.625000 0.531250
0.734305 -0.837560 -6.021790 0.647982 -0.756307 0.090107 0.617188 0.531250
0.799942 -0.882182 -6.882045 0.647982 -0.756307 0.090107 0.617188 0.500000
0.777396 -0.799006 -6.021790 0.666688 -0.745149 0.016733 0.625000 0.531250
0.767527 -0.788519 -5.161534 0.666688 -0.745149 0.016733 0.625000 0.562500
0.724999 -0.826569 -5.161534 0.666688 -0.745149 0.016733 0.617188 0.562500
0.734305 -0.837560 -6.021790 0.666688 -0.745149 0.016733 0.617188 0.531250
0.696543 -0.716069 3.441023 0.666456 -0.744890 0.031221 0.625000 0.875000
0.658970 -0.677573 5.161534 0.666456 -0.744890 0.031221 0.625000 0.937500
0.622447 -0.710250 5.161534 0.666456 -0.744890 0.031221 0.617188 0.937500
0.657935 -0.750611 3.441023 0.666456 -0.744890 0.031221 0.617188 0.875000
0.767527 -0.788519 -5.161534 0.666782 -0.745253 -0.000353 0.625000 0.562500
0.767752 -0.789132 -3.441023 0.666782 -0.745253 -0.000353 0.625000 0.625000
0.725195 -0.827208 -3.441023 0.666782 -0.745253 -0.000353 0.617188 0.625000
0.724999 -0.826569 -5.161534 0.666782 -0.745253 -0.000353 0.617188 0.562500
0.727524 -0.747811 0.001871 0.666725 -0.745192 0.012884 0.625000 0.750000
0.696543 -0.716069 3.441023 0.666725 -0.745192 0.012884 0.625000 0.875000
0.657935 -0.750611 3.441023 0.666725 -0.745192 0.012884 0.617188 0.875000
0.687198 -0.783890 0.001871 0.666725 -0.745192 0.012884 0.617188 0.750000
0.767752 -0.789132 -3.441023 0.666688 -0.745149 0.016733 0.625000 0.625000
0.727524 -0.747811 0.001871 0.666688 -0.745149 0.016733 0.625000 0.750000
0.687198 -0.783890 0.001871 0.666688 -0.745149 0.016733 0.617188 0.750000
0.725195 -0.827208 -3.441023 0.666688 -0.745149 0.016733 0.617188 0.625000
0.658970 -0.677573 6.021790 0.649517 -0.757884 -0.061151 0.625000 0.968750
0.707107 -0.707107 6.882045 0.649517 -0.757884 -0.061151 0.625000 1.000000
0.669223 -0.738197 6.882045 0.649517 -0.757884 -0.061151 0.617188 1.000000
0.622447 -0.710250 6.021790 0.649517 -0.757884 -0.061151 0.617188 0.968750
0.631338 -0.769288 5.161534 0.634394 -0.773010 0.000000 0.609375 0.937500
0.631338 -0.769288 6.021790 0.634394 -0.773010 0.000000 0.609375 0.968750
0.593454 -0.800379 6.021790 0.634394 -0.773010 0.000000 0.601562 0.968750
0.593454 -0.800379 5.161534 0.634394 -0.773010 0.000000 0.601562 0.937500
0.754654 -0.919348 -6.882045 0.634289 -0.772882 0.018171 0.609375 0.500000
0.744796 -0.907213 -6.021790 0.634289 -0.772882 0.018171 0.609375 0.531250
0.700100 -0.943895 -6.021790 0.634289 -0.772882 0.018171 0.601562 0.531250
0.709367 -0.956515 -6.882045 0.634289 -0.772882 0.018171 0.601562 0.500000
0.744796 -0.907213 -6.021790 0.634295 -0.772890 0.017655 0.609375 0.531250
0.735352 -0.895312 -5.161534 0.634295 -0.772890 0.017655 0.609375 0.562500
0.691240 -0.931514 -5.161534 0.634295 -0.772890 0.017655 0.601562 0.562500
0.700100 -0.943895 -6.021790 0.634295 -0.772890 0.017655 0.601562 0.531250
0.667334 -0.813017 3.441023 0.634050 -0.772592 0.032902 0.609375 0.875000
0.631338 -0.769288 5.161534 0.634050 -0.772592 0.032902 0.609375 0.937500
0.593454 -0.800379 5.161534 0.634050 -0.772592 0.032902 0.601562 0.937500
0.627289 -0.845882 3.441023 0.634050 -0.772592 0.032902 0.601562 0.875000
0.735352 -0.895312 -5.161534 0.634393 -0.773010 -0.000383 0.609375 0.562500
0.735555 -0.895999 -3.441023 0.634393 -0.773010 -0.000383 0.609375 0.625000
0.691413 -0.932226 -3.441023 0.634393 -0.773010 -0.000383 0.601562 0.625000
0.691240 -0.931514 -5.161534 0.634393 -0.773010 -0.000383 0.601562 0.562500
0.697016 -0.849074 0.001871 0.634335 -0.772939 0.013578 0.609375 0.750000
0.667334 -0.813017 3.441023 0.634335 -0.772939 0.013578 0.609375 0.875000
0.627289 -0.845882 3.441023 0.634335 -0.772939 0.013578 0.601562 0.875000
0.655188 -0.883401 0.001871 0.634335 -0.772939 0.013578 0.601562 0.750000
0.735555 -0.895999 -3.441023 0.634295 -0.772890 0.017635 0.609375 0.625000
0.697016 -0.849074 0.001871 0.634295 -0.772890 0.017635 0.609375 0.750000
0.655188 -0.883401 0.001871 0.634295 -0.772890 0.017635 0.601562 0.750000
0.691413 -0.932226 -3.441023 0.634295 -0.772890 0.017635 0.601562 0.625000
0.631338 -0.769288 6.882045 0.634394 -0.773010 0.000000 0.609375 1.000000
0.593454 -0.800379 6.882045 0.634394 -0.773010 0.000000 0.601562 1.000000
0.532540 -0.775078 5.161534 0.664642 -0.747162 0.000000 0.593750 0.937500
0.532540 -0.775078 6.021790 0.664642 -0.747162 0.000000 0.593750 0.968750
0.495923 -0.807652 6.021790 0.664642 -0.747162 0.000000 0.585938 0.968750
0.495923 -0.807652 5.161534 0.664642 -0.747162 0.000000 0.585938 0.937500
0.664080 -0.993681 -6.882045 0.568970 -0.817260 0.091429 0.593750 0.500000
0.628233 -0.914045 -6.021790 0.568970 -0.817260 0.091429 0.593750 0.531250
0.585031 -0.952475 -6.021790 0.568970 -0.817260 0.091429 0.585938 0.531250
0.612412 -1.021298 -6.882045 0.568970 -0.817260 0.091429 0.585938 0.500000
0.628233 -0.914045 -6.021790 0.664552 -0.747059 0.016531 0.593750 0.531250
0.620312 -0.902054 -5.161534 0.664552 -0.747059 0.016531 0.593750 0.562500
0.577675 -0.939983 -5.161534 0.664552 -0.747059 0.016531 0.585938 0.562500
0.585031 -0.952475 -6.021790 0.664552 -0.747059 0.016531 0.585938 0.531250
0.562899 -0.819138 3.441023 0.664326 -0.746807 0.030847 0.593750 0.875000
0.532540 -0.775078 5.161534 0.664326 -0.746807 0.030847 0.593750 0.937500
0.495923 -0.807652 5.161534 0.664326 -0.746807 0.030847 0.585938 0.937500
0.524192 -0.853570 3.441023 0.664326 -0.746807 0.030847 0.585938 0.875000
0.620312 -0.902054 -5.161534 0.664642 -0.747162 -0.000348 0.593750 0.562500
0.620435 -0.902746 -3.441023 0.664642 -0.747162 -0.000348 0.593750 0.625000
0.577769 -0.940700 -3.441023 0.664642 -0.747162 -0.000348 0.585938 0.625000
0.577675 -0.939983 -5.161534 0.664642 -0.747162 -0.000348 0.585938 0.562500
0.587933 -0.855467 0.000000 0.664756 -0.746952 0.012726 0.593750 0.750000
0.562899 -0.819138 3.441023 0.664756 -0.746952 0.012726 0.593750 0.875000
0.524192 -0.853570 3.441023 0.664756 -0.746952 0.012726 0.585938 0.875000
0.547504 -0.891430 0.001871 0.664756 -0.746952 0.012726 0.585938 0.750000
0.620435 -0.902746 -3.441023 0.664758 -0.746876 0.016536 0.593750 0.625000
0.587933 -0.855467 0.000000 0.664758 -0.746876 0.016536 0.593750 0.750000
0.547504 -0.891430 0.001871 0.664758 -0.746876 0.016536 0.585938 0.750000
0.577769 -0.940700 -3.441023 0.664758 -0.746876 0.016536 0.585938 0.625000
0.532540 -0.775078 6.021790 0.570893 -0.818661 -0.062250 0.593750 0.968750
0.555570 -0.831470 6.882045 0.570893 -0.818661 -0.062250 0.593750 1.000000
0.512348 -0.854572 6.882045 0.570893 -0.818661 -0.062250 0.585938 1.000000
0.495923 -0.807652 6.021790 0.570893 -0.818661 -0.062250 0.585938 0.968750
0.469127 -0.877675 5.161534 0.471396 -0.881922 0.000000 0.578125 0.937500
0.469127 -0.877675 6.021790 0.471396 -0.881922 0.000000 0.578125 0.968750
0.425905 -0.900777 6.021790 0.471396 -0.881922 0.000000 0.570312 0.968750
0.425905 -0.900777 5.161534 0.471396 -0.881922 0.000000 0.570312 0.937500
0.560743 -1.048916 -6.882045 0.471320 -0.881775 0.018187 0.578125 0.500000
0.553416 -1.035089 -6.021790 0.471320 -0.881775 0.018187 0.578125 0.531250
0.502423 -1.062346 -6.021790 0.471320 -0.881775 0.018187 0.570312 0.531250
0.509075 -1.076533 -6.882045 0.471320 -0.881775 0.018187 0.570312 0.500000
0.553416 -1.035089 -6.021790 0.471324 -0.881782 0.017716 0.578125 0.531250
0.546474 -1.021517 -5.161534 0.471324 -0.881782 0.017716 0.578125 0.562500
0.496147 -1.048417 -5.161534 0.471324 -0.881782 0.017716 0.570312 0.562500
0.502423 -1.062346 -6.021790 0.471324 -0.881782 0.017716 0.570312 0.531250
0.495867 -0.927588 3.441023 0.471141 -0.881444 0.032894 0.578125 0.875000
0.469127 -0.877675 5.161534 0.471141 -0.881444 0.032894 0.578125 0.937500
0.425905 -0.900777 5.161534 0.471141 -0.881444 0.032894 0.570312 0.937500
0.450179 -0.952009 3.441023 0.471141 -0.881444 0.032894 0.570312 0.875000
0.546474 -1.021517 -5.161534 0.471397 -0.881921 -0.000417 0.578125 0.562500
0.546546 -1.022291 -3.441023 0.471397 -0.881921 -0.000417 0.578125 0.625000
0.496184 -1.049210 -3.441023 0.471397 -0.881921 -0.000417 0.570312 0.625000
0.496147 -1.048417 -5.161534 0.471397 -0.881921 -0.000417 0.570312 0.562500
0.517918 -0.968742 0.001871 0.471353 -0.881840 0.013575 0.578125 0.750000
0.495867 -0.927588 3.441023 0.471353 -0.881840 0.013575 0.578125 0.875000
0.450179 -0.952009 3.441023 0.471353 -0.881840 0.013575 0.570312 0.875000
0.470198 -0.994250 0.001871 0.471353 -0.881840 0.013575 0.570312 0.750000
0.546546 -1.022291 -3.441023 0.471323 -0.881784 0.017634 0.578125 0.625000
0.517918 -0.968742 0.001871 0.471323 -0.881784 0.017634 0.578125 0.750000
0.470198 -0.994250 0.001871 0.471323 -0.881784 0.017634 0.570312 0.750000
0.496184 -1.049210 -3.441023 0.471323 -0.881784 0.017634 0.570312 0.625000
0.469127 -0.877675 6.882045 0.471396 -0.881922 0.000000 0.578125 1.000000
0.425905 -0.900777 6.882045 0.471396 -0.881922 0.000000 0.570312 1.000000
0.355421 -0.859021 5.161534 0.354520 -0.935049 0.000000 0.562500 0.937500
0.355421 -0.859021 6.021790 0.354520 -0.935049 0.000000 0.562500 0.968750
0.309596 -0.876396 6.021790 0.354520 -0.935049 0.000000 0.554688 0.968750
0.309596 -0.876396 5.161534 0.354520 -0.935049 0.000000 0.554688 0.937500
0.457407 -1.104150 -6.882045 0.320367 -0.940708 0.111508 0.562500 0.500000
0.419266 -1.013081 -6.021790 0.320367 -0.940708 0.111508 0.562500 0.531250
0.365200 -1.033580 -6.021790 0.320367 -0.940708 0.111508 0.554688 0.531250
0.401344 -1.121156 -6.882045 0.320367 -0.940708 0.111508 0.554688 0.500000
0.419266 -1.013081 -6.021790 0.354472 -0.934920 0.016576 0.562500 0.531250
0.414076 -0.999797 -5.161534 0.354472 -0.934920 0.016576 0.562500 0.562500
0.360717 -1.020028 -5.161534 0.354472 -0.934920 0.016576 0.554688 0.562500
0.365200 -1.033580 -6.021790 0.354472 -0.934920 0.016576 0.554688 0.531250
0.375674 -0.907870 3.441023 0.354352 -0.934608 0.030707 0.562500 0.875000
0.355421 -0.859021 5.161534 0.354352 -0.934608 0.030707 0.562500 0.937500
0.309596 -0.876396 5.161534 0.354352 -0.934608 0.030707 0.554688 0.937500
0.327234 -0.926236 3.441023 0.354352 -0.934608 0.030707 0.554688 0.875000
0.414076 -0.999797 -5.161534 0.354520 -0.935049 -0.000409 0.562500 0.562500
0.414056 -1.000556 -3.441023 0.354520 -0.935049 -0.000409 0.562500 0.625000
0.360660 -1.020801 -3.441023 0.354520 -0.935049 -0.000409 0.554688 0.625000
0.360717 -1.020028 -5.161534 0.354520 -0.935049 -0.000409 0.554688 0.562500
0.392377 -0.948147 0.000000 0.354491 -0.934974 0.012665 0.562500 0.750000
0.375674 -0.907870 3.441023 0.354491 -0.934974 0.012665 0.562500 0.875000
0.327234 -0.926236 3.441023 0.354491 -0.934974 0.012665 0.554688 0.875000
0.341782 -0.967330 0.000000 0.354491 -0.934974 0.012665 0.554688 0.750000
0.414056 -1.000556 -3.441023 0.354472 -0.934922 0.016473 0.562500 0.625000
0.392377 -0.948147 0.000000 0.354472 -0.934922 0.016473 0.562500 0.750000
0.341782 -0.967330 0.000000 0.354472 -0.934922 0.016473 0.554688 0.750000
0.360660 -1.020801 -3.441023 0.354472 -0.934922 0.016473 0.554688 0.625000
0.355421 -0.859021 6.021790 0.321569 -0.943551 -0.079402 0.562500 0.968750
0.382683 -0.923880 6.882045 0.321569 -0.943551 -0.079402 0.562500 1.000000
0.335785 -0.938106 6.882045 0.321569 -0.943551 -0.079402 0.554688 1.000000
0.309596 -0.876396 6.021790 0.321569 -0.943551 -0.079402 0.554688 0.968750
0.288887 -0.952332 5.161534 0.290285 -0.956940 0.000000 0.546875 0.937500
0.288887 -0.952332 6.021790 0.290285 -0.956940 0.000000 0.546875 0.968750
0.241988 -0.966559 6.021790 0.290285 -0.956940 0.000000 0.539062 0.968750
0.241988 -0.966559 5.161534 0.290285 -0.956940 0.000000 0.539062 0.937500
0.345281 -1.138163 -6.882045 0.290236 -0.956782 0.018197 0.546875 0.500000
0.340767 -1.123171 -6.021790 0.290236 -0.956782 0.018197 0.546875 0.531250
0.285436 -1.139956 -6.021790 0.290236 -0.956782 0.018197 0.539062 0.531250
0.289218 -1.155169 -6.882045 0.290236 -0.956782 0.018197 0.539062 0.500000
0.340767 -1.123171 -6.021790 0.290237 -0.956790 0.017780 0.546875 0.531250
0.336603 -1.108448 -5.161534 0.290237 -0.956790 0.017780 0.546875 0.562500
0.281995 -1.125013 -5.161534 0.290237 -0.956790 0.017780 0.539062 0.562500
0.285436 -1.139956 -6.021790 0.290237 -0.956790 0.017780 0.539062 0.531250
0.305343 -1.006506 3.441023 0.290128 -0.956422 0.032890 0.546875 0.875000
0.288887 -0.952332 5.161534 0.290128 -0.956422 0.032890 0.546875 0.937500
0.241988 -0.966559 5.161534 0.290128 -0.956422 0.032890 0.539062 0.937500
0.255769 -1.021544 3.441023 0.290128 -0.956422 0.032890 0.539062 0.875000
0.336603 -1.108448 -5.161534 0.290284 -0.956941 -0.000452 0.546875 0.562500
0.336530 -1.109283 -3.441023 0.290284 -0.956941 -0.000452 0.546875 0.625000
0.281884 -1.125859 -3.441023 0.290284 -0.956941 -0.000452 0.539062 0.625000
0.281995 -1.125013 -5.161534 0.290284 -0.956941 -0.000452 0.539062 0.562500
0.318917 -1.051172 0.001871 0.290258 -0.956852 0.013573 0.546875 0.750000
0.305343 -1.006506 3.441023 0.290258 -0.956852 0.013573 0.546875 0.875000
0.255769 -1.021544 3.441023 0.290258 -0.956852 0.013573 0.539062 0.875000
0.267136 -1.066879 0.001871 0.290258 -0.956852 0.013573 0.539062 0.750000
0.336530 -1.109283 -3.441023 0.290239 -0.956792 0.017634 0.546875 0.625000
0.318917 -1.051172 0.001871 0.290239 -0.956792 0.017634 0.546875 0.750000
0.267136 -1.066879 0.001871 0.290239 -0.956792 0.017634 0.539062 0.750000
0.281884 -1.125859 -3.441023 0.290239 -0.956792 0.017634 0.539062 0.625000
0.288887 -0.952332 6.882045 0.290285 -0.956940 0.000000 0.546875 1.000000
0.241988 -0.966559 6.882045 0.290285 -0.956940 0.000000 0.539062 1.000000
0.189143 -0.934413 5.161534 0.165290 -0.986245 0.000000 0.531250 0.937500
0.189143 -0.934413 6.021790 0.165290 -0.986245 0.000000 0.531250 0.968750
0.140808 -0.942514 6.021790 0.165290 -0.986245 0.000000 0.523438 0.968750
0.140808 -0.942514 5.161534 0.165290 -0.986245 0.000000 0.523438 0.937500
0.233155 -1.172176 -6.882045 0.131089 -0.988152 0.079821 0.531250 0.500000
0.223088 -1.102030 -6.021790 0.131089 -0.988152 0.079821 0.531250 0.531250
0.166063 -1.111587 -6.021790 0.131089 -0.988152 0.079821 0.523438 0.531250
0.174851 -1.177918 -6.882045 0.131089 -0.988152 0.079821 0.523438 0.500000
0.223088 -1.102030 -6.021790 0.165266 -0.986101 0.017065 0.531250 0.531250
0.220462 -1.087583 -5.161534 0.165266 -0.986101 0.017065 0.531250 0.562500
0.164181 -1.097016 -5.161534 0.165266 -0.986101 0.017065 0.523438 0.562500
0.166063 -1.111587 -6.021790 0.165266 -0.986101 0.017065 0.523438 0.531250
0.199908 -0.987564 3.441023 0.165208 -0.985756 0.031486 0.531250 0.875000
0.189143 -0.934413 5.161534 0.165208 -0.985756 0.031486 0.531250 0.937500
0.140808 -0.942514 5.161534 0.165208 -0.985756 0.031486 0.523438 0.937500
0.148815 -0.996127 3.441023 0.165208 -0.985756 0.031486 0.523438 0.875000
0.220462 -1.087583 -5.161534 0.165290 -0.986245 -0.000455 0.531250 0.562500
0.220308 -1.088403 -3.441023 0.165290 -0.986245 -0.000455 0.531250 0.625000
0.163989 -1.097842 -3.441023 0.165290 -0.986245 -0.000455 0.523438 0.625000
0.164181 -1.097016 -5.161534 0.165290 -0.986245 -0.000455 0.523438 0.562500
0.208790 -1.031387 0.000000 0.165277 -0.986162 0.012986 0.531250 0.750000
0.199908 -0.987564 3.441023 0.165277 -0.986162 0.012986 0.531250 0.875000
0.148815 -0.996127 3.441023 0.165277 -0.986162 0.012986 0.523438 0.875000
0.155424 -1.040331 0.000000 0.165277 -0.986162 0.012986 0.523438 0.750000
0.220308 -1.088403 -3.441023 0.165267 -0.986104 0.016892 0.531250 0.625000
0.208790 -1.031387 0.000000 0.165267 -0.986104 0.016892 0.531250 0.750000
0.155424 -1.040331 0.000000 0.165267 -0.986104 0.016892 0.523438 0.750000
0.163989 -1.097842 -3.441023 0.165267 -0.986104 0.016892 0.523438 0.625000
0.189143 -0.934413 6.021790 0.131549 -0.989927 -0.052341 0.531250 0.968750
0.195090 -0.980785 6.882045 0.131549 -0.989927 -0.052341 0.531250 1.000000
0.146317 -0.985589 6.882045 0.131549 -0.989927 -0.052341 0.523438 1.000000
0.140808 -0.942514 6.021790 0.131549 -0.989927 -0.052341 0.523438 0.968750
0.097545 -0.990393 5.161534 0.098017 -0.995185 0.000000 0.515625 0.937500
0.097545 -0.990393 6.021790 0.098017 -0.995185 0.000000 0.515625 0.968750
0.048772 -0.995196 6.021790 0.098017 -0.995185 0.000000 0.507812 0.968750
0.048772 -0.995196 5.161534 0.098017 -0.995185 0.000000 0.507812 0.937500
0.116548 -1.183661 -6.882045 0.098001 -0.995020 0.018201 0.515625 0.500000
0.115020 -1.168075 -6.021790 0.098001 -0.995020 0.018201 0.515625 0.531250
0.057477 -1.173743 -6.021790 0.098001 -0.995020 0.018201 0.507812 0.531250
0.058244 -1.189403 -6.882045 0.098001 -0.995020 0.018201 0.507812 0.500000
0.115020 -1.168075 -6.021790 0.098001 -0.995026 0.017847 0.515625 0.531250
0.113805 -1.152765 -5.161534 0.098001 -0.995026 0.017847 0.515625 0.562500
0.057015 -1.158359 -5.161534 0.098001 -0.995026 0.017847 0.507812 0.562500
0.057477 -1.173743 -6.021790 0.098001 -0.995026 0.017847 0.507812 0.531250
0.103083 -1.046738 3.441023 0.097965 -0.994646 0.032889 0.515625 0.875000
0.097545 -0.990393 5.161534 0.097965 -0.994646 0.032889 0.515625 0.937500
0.048772 -0.995196 5.161534 0.097965 -0.994646 0.032889 0.507812 0.937500
0.051528 -1.051816 3.441023 0.097965 -0.994646 0.032889 0.507812 0.875000
0.113805 -1.152765 -5.161534 0.098017 -0.995185 -0.000487 0.515625 0.562500
0.113578 -1.153630 -3.441023 0.098017 -0.995185 -0.000487 0.515625 0.625000
0.056748 -1.159228 -3.441023 0.098017 -0.995185 -0.000487 0.507812 0.625000
0.057015 -1.158359 -5.161534 0.098017 -0.995185 -0.000487 0.507812 0.562500
0.107657 -1.093194 0.001871 0.098009 -0.995093 0.013572 0.515625 0.750000
0.103083 -1.046738 3.441023 0.098009 -0.995093 0.013572 0.515625 0.875000
0.051528 -1.051816 3.441023 0.098009 -0.995093 0.013572 0.507812 0.875000
0.053808 -1.098497 0.001871 0.098009 -0.995093 0.013572 0.507812 0.750000
0.113578 -1.153630 -3.441023 0.098003 -0.995030 0.017635 0.515625 0.625000
0.107657 -1.093194 0.001871 0.098003 -0.995030 0.017635 0.515625 0.750000
0.053808 -1.098497 0.001871 0.098003 -0.995030 0.017635 0.507812 0.750000
0.056748 -1.159228 -3.441023 0.098003 -0.995030 0.017635 0.507812 0.625000
0.097545 -0.990393 6.882045 0.098017 -0.995185 -0.000000 0.515625 1.000000
0.048772 -0.995196 6.882045 0.098017 -0.995185 -0.000000 0.507812 1.000000
-0.004195 -0.966815 5.161534 -0.030295 -0.999541 0.000000 0.500000 0.937500
-0.004195 -0.966815 6.021790 -0.030295 -0.999541 0.000000 0.500000 0.968750
-0.053181 -0.965331 6.021790 -0.030295 -0.999541 0.000000 0.492188 0.968750
-0.053181 -0.965331 5.161534 -0.030295 -0.999541 0.000000 0.492188 0.937500
-0.000060 -1.195145 -6.882045 -0.064296 -0.996071 0.060891 0.500000 0.500000
-0.005014 -1.140258 -6.021790 -0.064296 -0.996071 0.060891 0.500000 0.531250
-0.062809 -1.138507 -6.021790 -0.064296 -0.996071 0.060891 0.492188 0.531250
-0.058363 -1.189403 -6.882045 -0.064296 -0.996071 0.060891 0.492188 0.500000
-0.005014 -1.140258 -6.021790 -0.030291 -0.999390 0.017376 0.500000 0.531250
-0.004660 -1.125312 -5.161534 -0.030291 -0.999390 0.017376 0.500000 0.562500
-0.061700 -1.123583 -5.161534 -0.030291 -0.999390 0.017376 0.492188 0.562500
-0.062809 -1.138507 -6.021790 -0.030291 -0.999390 0.017376 0.492188 0.531250
-0.004462 -1.021815 3.441023 -0.030279 -0.999031 0.031941 0.500000 0.875000
-0.004195 -0.966815 5.161534 -0.030279 -0.999031 0.031941 0.500000 0.937500
-0.053181 -0.965331 5.161534 -0.030279 -0.999031 0.031941 0.492188 0.937500
-0.056243 -1.020246 3.441023 -0.030279 -0.999031 0.031941 0.492188 0.875000
-0.004660 -1.125312 -5.161534 -0.030296 -0.999541 -0.000497 0.500000 0.562500
-0.004970 -1.126158 -3.441023 -0.030296 -0.999541 -0.000497 0.500000 0.625000
-0.062048 -1.124428 -3.441023 -0.030296 -0.999541 -0.000497 0.492188 0.625000
-0.061700 -1.123583 -5.161534 -0.030296 -0.999541 -0.000497 0.492188 0.562500
-0.004673 -1.067162 0.001871 -0.030292 -0.999454 0.013180 0.500000 0.750000
-0.004462 -1.021815 3.441023 -0.030292 -0.999454 0.013180 0.500000 0.875000
-0.056243 -1.020246 3.441023 -0.030292 -0.999454 0.013180 0.492188 0.875000
-0.058759 -1.065523 0.001871 -0.030292 -0.999454 0.013180 0.492188 0.750000
-0.004970 -1.126158 -3.441023 -0.030290 -0.999394 0.017128 0.500000 0.625000
-0.004673 -1.067162 0.001871 -0.030290 -0.999394 0.017128 0.500000 0.750000
-0.058759 -1.065523 0.001871 -0.030290 -0.999394 0.017128 0.492188 0.750000
-0.062048 -1.124428 -3.441023 -0.030290 -0.999394 0.017128 0.492188 0.625000
-0.004195 -0.966815 6.021790 -0.064151 -0.997282 -0.036226 0.500000 0.968750
-0.000000 -1.000000 6.882045 -0.064151 -0.997282 -0.036226 0.500000 1.000000
-0.048773 -0.995196 6.882045 -0.064151 -0.997282 -0.036226 0.492188 1.000000
-0.053181 -0.965331 6.021790 -0.064151 -0.997282 -0.036226 0.492188 0.968750
-0.097546 -0.990393 5.161534 -0.098017 -0.995185 0.000000 0.484375 0.937500
-0.097546 -0.990393 6.021790 -0.098017 -0.995185 0.000000 0.484375 0.968750
-0.146318 -0.985589 6.021790 -0.098017 -0.995185 0.000000 0.476562 0.968750
-0.146318 -0.985589 5.161534 -0.098017 -0.995185 0.000000 0.476562 0.937500
-0.116667 -1.183661 -6.882045 -0.097998 -0.995020 0.018200 0.484375 0.500000
-0.115150 -1.168075 -6.021790 -0.097998 -0.995020 0.018200 0.484375 0.531250
-0.172692 -1.162408 -6.021790 -0.097998 -0.995020 0.018200 0.476562 0.531250
-0.174971 -1.177918 -6.882045 -0.097998 -0.995020 0.018200 0.476562 0.500000
-0.115150 -1.168075 -6.021790 -0.097999 -0.995025 0.017912 0.484375 0.531250
-0.113357 -1.152765 -5.161534 -0.097999 -0.995025 0.017912 0.484375 0.562500
-0.170148 -1.147172 -5.161534 -0.097999 -0.995025 0.017912 0.476562 0.562500
-0.172692 -1.162408 -6.021790 -0.097999 -0.995025 0.017912 0.476562 0.531250
-0.103138 -1.046738 3.441023 -0.097963 -0.994646 0.032892 0.484375 0.875000
-0.097546 -0.990393 5.161534 -0.097963 -0.994646 0.032892 0.484375 0.937500
-0.146318 -0.985589 5.161534 -0.097963 -0.994646 0.032892 0.476562 0.937500
-0.154694 -1.041660 3.441023 -0.097963 -0.994646 0.032892 0.476562 0.875000
-0.113357 -1.152765 -5.161534 -0.098016 -0.995185 -0.000522 0.484375 0.562500
-0.113742 -1.153630 -3.441023 -0.098016 -0.995185 -0.000522 0.484375 0.625000
-0.170572 -1.148033 -3.441023 -0.098016 -0.995185 -0.000522 0.476562 0.625000
-0.170148 -1.147172 -5.161534 -0.098016 -0.995185 -0.000522 0.476562 0.562500
-0.107741 -1.093194 0.001871 -0.098008 -0.995093 0.013573 0.484375 0.750000
-0.103138 -1.046738 3.441023 -0.098008 -0.995093 0.013573 0.484375 0.875000
-0.154694 -1.041660 3.441023 -0.098008 -0.995093 0.013573 0.476562 0.875000
-0.161590 -1.087890 0.001871 -0.098008 -0.995093 0.013573 0.476562 0.750000
-0.113742 -1.153630 -3.441023 -0.098002 -0.995030 0.017638 0.484375 0.625000
-0.107741 -1.093194 0.001871 -0.098002 -0.995030 0.017638 0.484375 0.750000
-0.161590 -1.087890 0.001871 -0.098002 -0.995030 0.017638 0.476562 0.750000
-0.170572 -1.148033 -3.441023 -0.098002 -0.995030 0.017638 0.476562 0.625000
-0.097546 -0.990393 6.882045 -0.098017 -0.995185 0.000000 0.484375 1.000000
-0.146318 -0.985589 6.882045 -0.098017 -0.995185 0.000000 0.476562 1.000000
-0.185214 -0.940132 5.161534 -0.229188 -0.973382 0.000000 0.468750 0.937500
-0.185214 -0.940132 6.021790 -0.229188 -0.973382 0.000000 0.468750 0.968750
-0.227682 -0.930132 6.021790 -0.229188 -0.973382 0.000000 0.461795 0.968750
-0.227682 -0.930132 5.161534 -0.229188 -0.973382 0.000000 0.461795 0.937500
-0.233274 -1.172176 -6.882045 -0.259364 -0.962979 0.073499 0.468750 0.500000
-0.218582 -1.108777 -6.021790 -0.259364 -0.962979 0.073499 0.468750 0.531250
-0.268687 -1.096979 -6.021790 -0.259364 -0.962979 0.073499 0.461795 0.531250
-0.283184 -1.157036 -6.882045 -0.259364 -0.962979 0.073499 0.461795 0.500000
-0.218582 -1.108777 -6.021790 -0.229155 -0.973237 0.017281 0.468750 0.531250
-0.215438 -1.094242 -5.161534 -0.229155 -0.973237 0.017281 0.468750 0.562500
-0.264887 -1.082598 -5.161534 -0.229155 -0.973237 0.017281 0.461795 0.562500
-0.268687 -1.096979 -6.021790 -0.229155 -0.973237 0.017281 0.461795 0.531250
-0.195809 -0.993609 3.441023 -0.229073 -0.972894 0.031650 0.468750 0.875000
-0.185214 -0.940132 5.161534 -0.229073 -0.972894 0.031650 0.468750 0.937500
-0.227682 -0.930132 5.161534 -0.229073 -0.972894 0.031650 0.461795 0.937500
-0.240700 -0.983039 3.441023 -0.229073 -0.972894 0.031650 0.461795 0.875000
-0.215438 -1.094242 -5.161534 -0.229188 -0.973382 -0.000527 0.468750 0.562500
-0.215893 -1.095066 -3.441023 -0.229188 -0.973382 -0.000527 0.468750 0.625000
-0.265377 -1.083415 -3.441023 -0.229188 -0.973382 -0.000527 0.461795 0.625000
-0.264887 -1.082598 -5.161534 -0.229188 -0.973382 -0.000527 0.461795 0.562500
-0.204535 -1.037701 0.001871 -0.229169 -0.973299 0.013060 0.468750 0.750000
-0.195809 -0.993609 3.441023 -0.229169 -0.973299 0.013060 0.468750 0.875000
-0.240700 -0.983039 3.441023 -0.229169 -0.973299 0.013060 0.461795 0.875000
-0.251424 -1.026660 0.001871 -0.229169 -0.973299 0.013060 0.461795 0.750000
-0.215893 -1.095066 -3.441023 -0.229156 -0.973242 0.016972 0.468750 0.625000
-0.204535 -1.037701 0.001871 -0.229156 -0.973242 0.016972 0.468750 0.750000
-0.251424 -1.026660 0.001871 -0.229156 -0.973242 0.016972 0.461795 0.750000
-0.265377 -1.083415 -3.441023 -0.229156 -0.973242 0.016972 0.461795 0.625000
-0.185214 -0.940132 6.021790 -0.259580 -0.964579 -0.046961 0.468750 0.968750
-0.195091 -0.980785 6.882045 -0.259580 -0.964579 -0.046961 0.468750 1.000000
-0.236842 -0.968120 6.882045 -0.259580 -0.964579 -0.046961 0.461795 1.000000
-0.227682 -0.930132 6.021790 -0.259580 -0.964579 -0.046961 0.461795 0.968750
-0.278593 -0.955455 5.161534 -0.290285 -0.956940 0.000000 0.454840 0.937500
-0.278593 -0.955455 6.021790 -0.290285 -0.956940 0.000000 0.454840 0.968750
-0.330638 -0.939667 6.021790 -0.290285 -0.956940 0.000000 0.446170 0.968750
-0.330638 -0.939667 5.161534 -0.290285 -0.956940 0.000000 0.446170 0.937500
-0.333094 -1.141896 -6.882045 -0.290236 -0.956782 0.018193 0.454840 0.500000
-0.328751 -1.126855 -6.021790 -0.290236 -0.956782 0.018193 0.454840 0.531250
-0.390155 -1.108229 -6.021790 -0.290236 -0.956782 0.018193 0.446170 0.531250
-0.395310 -1.123023 -6.882045 -0.290236 -0.956782 0.018193 0.446170 0.500000
-0.328751 -1.126855 -6.021790 -0.290237 -0.956786 0.017975 0.454840 0.531250
-0.324167 -1.112084 -5.161534 -0.290237 -0.956786 0.017975 0.454840 0.562500
-0.384769 -1.093701 -5.161534 -0.290237 -0.956786 0.017975 0.446170 0.562500
-0.390155 -1.108229 -6.021790 -0.290237 -0.956786 0.017975 0.446170 0.531250
-0.294516 -1.009807 3.441023 -0.290127 -0.956422 0.032899 0.454840 0.875000
-0.278593 -0.955455 5.161534 -0.290127 -0.956422 0.032899 0.454840 0.937500
-0.330638 -0.939667 5.161534 -0.290127 -0.956422 0.032899 0.446170 0.937500
-0.349531 -0.993118 3.441023 -0.290127 -0.956422 0.032899 0.446170 0.875000
-0.324167 -1.112084 -5.161534 -0.290284 -0.956940 -0.000555 0.454840 0.562500
-0.324698 -1.112921 -3.441023 -0.290284 -0.956940 -0.000555 0.454840 0.625000
-0.385342 -1.094525 -3.441023 -0.290284 -0.956940 -0.000555 0.446170 0.625000
-0.384769 -1.093701 -5.161534 -0.290284 -0.956940 -0.000555 0.446170 0.562500
-0.307634 -1.054619 0.001871 -0.290258 -0.956852 0.013575 0.454840 0.750000
-0.294516 -1.009807 3.441023 -0.290258 -0.956852 0.013575 0.454840 0.875000
-0.349531 -0.993118 3.441023 -0.290258 -0.956852 0.013575 0.446170 0.875000
-0.365097 -1.037188 0.001871 -0.290258 -0.956852 0.013575 0.446170 0.750000
-0.324698 -1.112921 -3.441023 -0.290240 -0.956791 0.017641 0.454840 0.625000
-0.307634 -1.054619 0.001871 -0.290240 -0.956791 0.017641 0.454840 0.750000
-0.365097 -1.037188 0.001871 -0.290240 -0.956791 0.017641 0.446170 0.750000
-0.385342 -1.094525 -3.441023 -0.290240 -0.956791 0.017641 0.446170 0.625000
-0.278593 -0.955455 6.882045 -0.290285 -0.956940 0.000000 0.454840 1.000000
-0.330638 -0.939667 6.882045 -0.290285 -0.956940 0.000000 0.446170 1.000000
-0.367050 -0.894298 5.161534 -0.414681 -0.909967 0.000000 0.437500 0.937500
-0.367050 -0.894298 6.021790 -0.414681 -0.909967 0.000000 0.437500 0.968750
-0.411646 -0.873975 6.021790 -0.414681 -0.909967 0.000000 0.429688 0.968750
-0.411646 -0.873975 5.161534 -0.414681 -0.909967 0.000000 0.429688 0.937500
-0.457527 -1.104149 -6.882045 -0.442597 -0.894586 0.061845 0.437500 0.500000
-0.433115 -1.054701 -6.021790 -0.442597 -0.894586 0.061845 0.437500 0.531250
-0.485730 -1.030724 -6.021790 -0.442597 -0.894586 0.061845 0.429688 0.531250
-0.509195 -1.076532 -6.882045 -0.442597 -0.894586 0.061845 0.429688 0.500000
-0.433115 -1.054701 -6.021790 -0.414616 -0.909828 0.017492 0.437500 0.531250
-0.427167 -1.040873 -5.161534 -0.414616 -0.909828 0.017492 0.437500 0.562500
-0.479094 -1.017209 -5.161534 -0.414616 -0.909828 0.017492 0.429688 0.562500
-0.485730 -1.030724 -6.021790 -0.414616 -0.909828 0.017492 0.429688 0.531250
-0.388020 -0.945160 3.441023 -0.414470 -0.909503 0.031939 0.437500 0.875000
-0.367050 -0.894298 5.161534 -0.414470 -0.909503 0.031939 0.437500 0.937500
-0.411646 -0.873975 5.161534 -0.414470 -0.909503 0.031939 0.429688 0.937500
-0.435161 -0.923678 3.441023 -0.414470 -0.909503 0.031939 0.429688 0.875000
-0.427167 -1.040873 -5.161534 -0.414681 -0.909967 -0.000562 0.437500 0.562500
-0.427769 -1.041661 -3.441023 -0.414681 -0.909967 -0.000562 0.437500 0.625000
-0.479732 -1.017981 -3.441023 -0.414681 -0.909967 -0.000562 0.429688 0.625000
-0.479094 -1.017209 -5.161534 -0.414681 -0.909967 -0.000562 0.429688 0.562500
-0.405299 -0.987096 0.001871 -0.414645 -0.909888 0.013178 0.437500 0.750000
-0.388020 -0.945160 3.441023 -0.414645 -0.909888 0.013178 0.437500 0.875000
-0.435161 -0.923678 3.441023 -0.414645 -0.909888 0.013178 0.429688 0.875000
-0.454538 -0.964658 0.001871 -0.414645 -0.909888 0.013178 0.429688 0.750000
-0.427769 -1.041661 -3.441023 -0.414620 -0.909833 0.017125 0.437500 0.625000
-0.405299 -0.987096 0.001871 -0.414620 -0.909833 0.017125 0.437500 0.750000
-0.454538 -0.964658 0.001871 -0.414620 -0.909833 0.017125 0.429688 0.750000
-0.479732 -1.017981 -3.441023 -0.414620 -0.909833 0.017125 0.429688 0.625000
-0.367050 -0.894298 6.021790 -0.442956 -0.895777 -0.037052 0.437500 0.968750
-0.382684 -0.923879 6.882045 -0.442956 -0.895777 -0.037052 0.437500 1.000000
-0.425906 -0.900777 6.882045 -0.442956 -0.895777 -0.037052 0.429688 1.000000
-0.411646 -0.873975 6.021790 -0.442956 -0.895777 -0.037052 0.429688 0.968750
-0.469127 -0.877674 5.161534 -0.471397 -0.881921 0.000000 0.421875 0.937500
-0.469127 -0.877674 6.021790 -0.471397 -0.881921 0.000000 0.421875 0.968750
-0.512349 -0.854572 6.021790 -0.471397 -0.881921 0.000000 0.414062 0.968750
-0.512349 -0.854572 5.161534 -0.471397 -0.881921 0.000000 0.414062 0.937500
-0.560863 -1.048915 -6.882045 -0.471320 -0.881775 0.018181 0.421875 0.500000
-0.553546 -1.035089 -6.021790 -0.471320 -0.881775 0.018181 0.421875 0.531250
-0.604540 -1.007832 -6.021790 -0.471320 -0.881775 0.018181 0.414062 0.531250
-0.612531 -1.021298 -6.882045 -0.471320 -0.881775 0.018181 0.414062 0.500000
-0.553546 -1.035089 -6.021790 -0.471321 -0.881777 0.018033 0.421875 0.531250
-0.546025 -1.021517 -5.161534 -0.471321 -0.881777 0.018033 0.421875 0.562500
-0.596352 -0.994616 -5.161534 -0.471321 -0.881777 0.018033 0.414062 0.562500
-0.604540 -1.007832 -6.021790 -0.471321 -0.881777 0.018033 0.414062 0.531250
-0.495922 -0.927588 3.441023 -0.471142 -0.881443 0.032909 0.421875 0.875000
-0.469127 -0.877674 5.161534 -0.471142 -0.881443 0.032909 0.421875 0.937500
-0.512349 -0.854572 5.161534 -0.471142 -0.881443 0.032909 0.414062 0.937500
-0.541610 -0.903167 3.441023 -0.471142 -0.881443 0.032909 0.414062 0.875000
-0.546025 -1.021517 -5.161534 -0.471397 -0.881921 -0.000584 0.421875 0.562500
-0.546709 -1.022291 -3.441023 -0.471397 -0.881921 -0.000584 0.421875 0.625000
-0.597071 -0.995372 -3.441023 -0.471397 -0.881921 -0.000584 0.414062 0.625000
-0.596352 -0.994616 -5.161534 -0.471397 -0.881921 -0.000584 0.414062 0.562500
-0.518002 -0.968742 0.001871 -0.471354 -0.881840 0.013579 0.421875 0.750000
-0.495922 -0.927588 3.441023 -0.471354 -0.881840 0.013579 0.421875 0.875000
-0.541610 -0.903167 3.441023 -0.471354 -0.881840 0.013579 0.414062 0.875000
-0.565723 -0.943235 0.001871 -0.471354 -0.881840 0.013579 0.414062 0.750000
-0.546709 -1.022291 -3.441023 -0.471324 -0.881784 0.017645 0.421875 0.625000
-0.518002 -0.968742 0.001871 -0.471324 -0.881784 0.017645 0.421875 0.750000
-0.565723 -0.943235 0.001871 -0.471324 -0.881784 0.017645 0.414062 0.750000
-0.597071 -0.995372 -3.441023 -0.471324 -0.881784 0.017645 0.414062 0.625000
-0.469127 -0.877674 6.882045 -0.471397 -0.881921 0.000000 0.421875 1.000000
-0.512349 -0.854572 6.882045 -0.471397 -0.881921 0.000000 0.414062 1.000000
-0.519946 -0.792939 5.161534 -0.517250 -0.855835 0.000000 0.406250 0.937500
-0.519946 -0.792939 6.021790 -0.517250 -0.855835 0.000000 0.406250 0.968750
-0.561889 -0.767590 6.021790 -0.517250 -0.855835 0.000000 0.398438 0.968750
-0.561889 -0.767590 5.161534 -0.517250 -0.855835 0.000000 0.398438 0.937500
-0.664199 -0.993681 -6.882045 -0.575631 -0.813336 0.084456 0.406250 0.500000
-0.613503 -0.935117 -6.021790 -0.575631 -0.813336 0.084456 0.406250 0.531250
-0.662988 -0.905209 -6.021790 -0.575631 -0.813336 0.084456 0.398438 0.531250
-0.709486 -0.956514 -6.882045 -0.575631 -0.813336 0.084456 0.398438 0.500000
-0.613503 -0.935117 -6.021790 -0.517173 -0.855708 0.017193 0.406250 0.531250
-0.605198 -0.922852 -5.161534 -0.517173 -0.855708 0.017193 0.406250 0.562500
-0.654036 -0.893335 -5.161534 -0.517173 -0.855708 0.017193 0.398438 0.562500
-0.662988 -0.905209 -6.021790 -0.517173 -0.855708 0.017193 0.398438 0.531250
-0.549640 -0.838018 3.441023 -0.516995 -0.855414 0.031335 0.406250 0.875000
-0.519946 -0.792939 5.161534 -0.516995 -0.855414 0.031335 0.406250 0.937500
-0.561889 -0.767590 5.161534 -0.516995 -0.855414 0.031335 0.398438 0.937500
-0.593976 -0.811222 3.441023 -0.516995 -0.855414 0.031335 0.398438 0.875000
-0.605198 -0.922852 -5.161534 -0.517250 -0.855834 -0.000569 0.406250 0.562500
-0.605923 -0.923558 -3.441023 -0.517250 -0.855834 -0.000569 0.406250 0.625000
-0.654795 -0.894020 -3.441023 -0.517250 -0.855834 -0.000569 0.398438 0.625000
-0.654036 -0.893335 -5.161534 -0.517250 -0.855834 -0.000569 0.398438 0.562500
-0.574110 -0.875187 0.001871 -0.517206 -0.855763 0.012929 0.406250 0.750000
-0.549640 -0.838018 3.441023 -0.517206 -0.855763 0.012929 0.406250 0.875000
-0.593976 -0.811222 3.441023 -0.517206 -0.855763 0.012929 0.398438 0.875000
-0.620420 -0.847198 0.001871 -0.517206 -0.855763 0.012929 0.398438 0.750000
-0.605923 -0.923558 -3.441023 -0.517177 -0.855714 0.016801 0.406250 0.625000
-0.574110 -0.875187 0.001871 -0.517177 -0.855714 0.016801 0.406250 0.750000
-0.620420 -0.847198 0.001871 -0.517177 -0.855714 0.016801 0.398438 0.750000
-0.654795 -0.894020 -3.441023 -0.517177 -0.855714 0.016801 0.398438 0.625000
-0.519946 -0.792939 6.021790 -0.576393 -0.815231 -0.056303 0.406250 0.968750
-0.555571 -0.831469 6.882045 -0.576393 -0.815231 -0.056303 0.406250 1.000000
-0.593455 -0.800379 6.882045 -0.576393 -0.815231 -0.056303 0.398438 1.000000
-0.561889 -0.767590 6.021790 -0.576393 -0.815231 -0.056303 0.398438 0.968750
-0.631339 -0.769288 5.161534 -0.634394 -0.773010 0.000000 0.390625 0.937500
-0.631339 -0.769288 6.021790 -0.634394 -0.773010 0.000000 0.390625 0.968750
-0.669223 -0.738197 6.021790 -0.634394 -0.773010 0.000000 0.382812 0.968750
-0.669223 -0.738197 5.161534 -0.634394 -0.773010 0.000000 0.382812 0.937500
-0.754773 -0.919348 -6.882045 -0.634288 -0.772883 0.018164 0.390625 0.500000
-0.744926 -0.907213 -6.021790 -0.634288 -0.772883 0.018164 0.390625 0.531250
-0.789622 -0.870532 -6.021790 -0.634288 -0.772883 0.018164 0.382812 0.531250
-0.800061 -0.882181 -6.882045 -0.634288 -0.772883 0.018164 0.382812 0.500000
-0.744926 -0.907213 -6.021790 -0.634289 -0.772884 0.018082 0.390625 0.531250
-0.734904 -0.895312 -5.161534 -0.634289 -0.772884 0.018082 0.390625 0.562500
-0.779016 -0.859110 -5.161534 -0.634289 -0.772884 0.018082 0.382812 0.562500
-0.789622 -0.870532 -6.021790 -0.634289 -0.772884 0.018082 0.382812 0.531250
-0.667389 -0.813017 3.441023 -0.634050 -0.772591 0.032922 0.390625 0.875000
-0.631339 -0.769288 5.161534 -0.634050 -0.772591 0.032922 0.390625 0.937500
-0.669223 -0.738197 5.161534 -0.634050 -0.772591 0.032922 0.382812 0.937500
-0.707435 -0.780152 3.441023 -0.634050 -0.772591 0.032922 0.382812 0.875000
-0.734904 -0.895312 -5.161534 -0.634393 -0.773010 -0.000609 0.390625 0.562500
-0.735719 -0.895999 -3.441023 -0.634393 -0.773010 -0.000609 0.390625 0.625000
-0.779861 -0.859772 -3.441023 -0.634393 -0.773010 -0.000609 0.382812 0.625000
-0.779016 -0.859110 -5.161534 -0.634393 -0.773010 -0.000609 0.382812 0.562500
-0.697099 -0.849073 0.001871 -0.634335 -0.772939 0.013583 0.390625 0.750000
-0.667389 -0.813017 3.441023 -0.634335 -0.772939 0.013583 0.390625 0.875000
-0.707435 -0.780152 3.441023 -0.634335 -0.772939 0.013583 0.382812 0.875000
-0.738927 -0.814746 0.001871 -0.634335 -0.772939 0.013583 0.382812 0.750000
-0.735719 -0.895999 -3.441023 -0.634295 -0.772890 0.017649 0.390625 0.625000
-0.697099 -0.849073 0.001871 -0.634295 -0.772890 0.017649 0.390625 0.750000
-0.738927 -0.814746 0.001871 -0.634295 -0.772890 0.017649 0.382812 0.750000
-0.779861 -0.859772 -3.441023 -0.634295 -0.772890 0.017649 0.382812 0.625000
-0.631339 -0.769288 6.882045 -0.634394 -0.773010 0.000000 0.390625 1.000000
-0.669223 -0.738197 6.882045 -0.634394 -0.773010 0.000000 0.382812 1.000000
-0.668963 -0.679661 5.161534 -0.674277 -0.738479 0.000000 0.375000 0.937500
-0.668963 -0.679661 6.021790 -0.674277 -0.738479 0.000000 0.375000 0.968750
-0.700897 -0.650503 6.021790 -0.674277 -0.738479 0.000000 0.368107 0.968750
-0.700897 -0.650503 5.161534 -0.674277 -0.738479 0.000000 0.368107 0.937500
-0.845348 -0.845015 -6.882045 -0.723651 -0.685792 0.077580 0.375000 0.500000
-0.789314 -0.801470 -6.021790 -0.723651 -0.685792 0.077580 0.375000 0.531250
-0.826990 -0.767070 -6.021790 -0.723651 -0.685792 0.077580 0.368107 0.531250
-0.878142 -0.805055 -6.882045 -0.723651 -0.685792 0.077580 0.368107 0.500000
-0.789314 -0.801470 -6.021790 -0.674176 -0.738367 0.017338 0.375000 0.531250
-0.778712 -0.790951 -5.161534 -0.674176 -0.738367 0.017338 0.375000 0.562500
-0.815896 -0.757000 -5.161534 -0.674176 -0.738367 0.017338 0.368107 0.562500
-0.826990 -0.767070 -6.021790 -0.674176 -0.738367 0.017338 0.368107 0.531250
-0.707160 -0.718276 3.441023 -0.673942 -0.738111 0.031528 0.375000 0.875000
-0.668963 -0.679661 5.161534 -0.673942 -0.738111 0.031528 0.375000 0.937500
-0.700897 -0.650503 5.161534 -0.673942 -0.738111 0.031528 0.368107 0.937500
-0.740916 -0.687455 3.441023 -0.673942 -0.738111 0.031528 0.368107 0.875000
-0.778712 -0.790951 -5.161534 -0.674277 -0.738478 -0.000595 0.375000 0.562500
-0.779558 -0.791566 -3.441023 -0.674277 -0.738478 -0.000595 0.375000 0.625000
-0.816767 -0.757591 -3.441023 -0.674277 -0.738478 -0.000595 0.368107 0.625000
-0.815896 -0.757000 -5.161534 -0.674277 -0.738478 -0.000595 0.368107 0.562500
-0.738639 -0.750117 0.001871 -0.674220 -0.738416 0.013008 0.375000 0.750000
-0.707160 -0.718276 3.441023 -0.674220 -0.738416 0.013008 0.375000 0.875000
-0.740916 -0.687455 3.441023 -0.674220 -0.738416 0.013008 0.368107 0.875000
-0.773897 -0.717924 0.001871 -0.674220 -0.738416 0.013008 0.368107 0.750000
-0.779558 -0.791566 -3.441023 -0.674181 -0.738373 0.016902 0.375000 0.625000
-0.738639 -0.750117 0.001871 -0.674181 -0.738373 0.016902 0.375000 0.750000
-0.773897 -0.717924 0.001871 -0.674181 -0.738373 0.016902 0.368107 0.750000
-0.816767 -0.757591 -3.441023 -0.674181 -0.738373 0.016902 0.368107 0.625000
-0.668963 -0.679661 6.021790 -0.724589 -0.687332 -0.050456 0.375000 0.968750
-0.707107 -0.707106 6.882045 -0.724589 -0.687332 -0.050456 0.375000 1.000000
-0.734540 -0.673679 6.882045 -0.724589 -0.687332 -0.050456 0.368107 1.000000
-0.700897 -0.650503 6.021790 -0.724589 -0.687332 -0.050456 0.368107 0.968750
-0.761973 -0.640252 5.161534 -0.773012 -0.634392 0.000000 0.361213 0.937500
-0.761973 -0.640252 6.021790 -0.773012 -0.634392 0.000000 0.361213 0.968750
-0.796722 -0.597911 6.021790 -0.773012 -0.634392 0.000000 0.352482 0.968750
-0.796722 -0.597911 5.161534 -0.773012 -0.634392 0.000000 0.352482 0.937500
-0.910936 -0.765096 -6.882045 -0.772884 -0.634288 0.018142 0.361213 0.500000
-0.899049 -0.754975 -6.021790 -0.772884 -0.634288 0.018142 0.361213 0.531250
-0.940046 -0.705020 -6.021790 -0.772884 -0.634288 0.018142 0.352482 0.531250
-0.952475 -0.714481 -6.882045 -0.772884 -0.634288 0.018142 0.352482 0.500000
-0.899049 -0.754975 -6.021790 -0.772884 -0.634288 0.018122 0.361213 0.531250
-0.887014 -0.745063 -5.161534 -0.772884 -0.634288 0.018122 0.361213 0.562500
-0.927474 -0.695761 -5.161534 -0.772884 -0.634288 0.018122 0.352482 0.562500
-0.940046 -0.705020 -6.021790 -0.772884 -0.634288 0.018122 0.352482 0.531250
-0.805477 -0.676619 3.441023 -0.772592 -0.634048 0.032937 0.361213 0.875000
-0.761973 -0.640252 5.161534 -0.772592 -0.634048 0.032937 0.361213 0.937500
-0.796722 -0.597911 5.161534 -0.772592 -0.634048 0.032937 0.352482 0.937500
-0.842208 -0.631862 3.441023 -0.772592 -0.634048 0.032937 0.352482 0.875000
-0.887014 -0.745063 -5.161534 -0.773011 -0.634392 -0.000628 0.361213 0.562500
-0.887934 -0.745646 -3.441023 -0.773011 -0.634392 -0.000628 0.361213 0.625000
-0.928423 -0.696310 -3.441023 -0.773011 -0.634392 -0.000628 0.352482 0.625000
-0.927474 -0.695761 -5.161534 -0.773011 -0.634392 -0.000628 0.352482 0.562500
-0.841331 -0.706605 0.001871 -0.772941 -0.634333 0.013589 0.361213 0.750000
-0.805477 -0.676619 3.441023 -0.772941 -0.634333 0.013589 0.361213 0.875000
-0.842208 -0.631862 3.441023 -0.772941 -0.634333 0.013589 0.352482 0.875000
-0.879697 -0.659857 0.001871 -0.772941 -0.634333 0.013589 0.352482 0.750000
-0.887934 -0.745646 -3.441023 -0.772891 -0.634293 0.017654 0.361213 0.625000
-0.841331 -0.706605 0.001871 -0.772891 -0.634293 0.017654 0.361213 0.750000
-0.879697 -0.659857 0.001871 -0.772891 -0.634293 0.017654 0.352482 0.750000
-0.928423 -0.696310 -3.441023 -0.772891 -0.634293 0.017654 0.352482 0.625000
-0.761973 -0.640252 6.882045 -0.773012 -0.634392 0.000000 0.361213 1.000000
-0.796722 -0.597911 6.882045 -0.773012 -0.634392 0.000000 0.352482 1.000000
-0.770814 -0.523052 5.161534 -0.821521 -0.570178 0.000000 0.343750 0.937500
-0.770814 -0.523052 6.021790 -0.821521 -0.570178 0.000000 0.343750 0.968750
-0.798758 -0.482791 6.021790 -0.821521 -0.570178 0.000000 0.335938 0.968750
-0.798758 -0.482791 5.161534 -0.821521 -0.570178 0.000000 0.335938 0.937500
-0.994014 -0.663865 -6.882045 -0.848370 -0.518294 0.107888 0.343750 0.500000
-0.909480 -0.616701 -6.021790 -0.848370 -0.518294 0.107888 0.343750 0.531250
-0.942448 -0.569200 -6.021790 -0.848370 -0.518294 0.107888 0.335938 0.531250
-1.021631 -0.612197 -6.882045 -0.848370 -0.518294 0.107888 0.335938 0.500000
-0.909480 -0.616701 -6.021790 -0.821402 -0.570096 0.016994 0.343750 0.531250
-0.897308 -0.608596 -5.161534 -0.821402 -0.570096 0.016994 0.343750 0.562500
-0.929845 -0.561716 -5.161534 -0.821402 -0.570096 0.016994 0.335938 0.562500
-0.942448 -0.569200 -6.021790 -0.821402 -0.570096 0.016994 0.335938 0.531250
-0.814822 -0.552732 3.441023 -0.821131 -0.569907 0.030835 0.343750 0.875000
-0.770814 -0.523052 5.161534 -0.821131 -0.569907 0.030835 0.343750 0.937500
-0.798758 -0.482791 5.161534 -0.821131 -0.569907 0.030835 0.335938 0.937500
-0.844361 -0.510173 3.441023 -0.821131 -0.569907 0.030835 0.335938 0.875000
-0.897308 -0.608596 -5.161534 -0.821521 -0.570178 -0.000605 0.343750 0.562500
-0.898235 -0.609085 -3.441023 -0.821521 -0.570178 -0.000605 0.343750 0.625000
-0.930795 -0.562172 -3.441023 -0.821521 -0.570178 -0.000605 0.335938 0.625000
-0.929845 -0.561716 -5.161534 -0.821521 -0.570178 -0.000605 0.335938 0.562500
-0.851093 -0.577206 0.001871 -0.821454 -0.570132 0.012721 0.343750 0.750000
-0.814822 -0.552732 3.441023 -0.821454 -0.570132 0.012721 0.343750 0.875000
-0.844361 -0.510173 3.441023 -0.821454 -0.570132 0.012721 0.335938 0.875000
-0.881945 -0.532754 0.001871 -0.821454 -0.570132 0.012721 0.335938 0.750000
-0.898235 -0.609085 -3.441023 -0.821409 -0.570101 0.016526 0.343750 0.625000
-0.851093 -0.577206 0.001871 -0.821409 -0.570101 0.016526 0.343750 0.750000
-0.881945 -0.532754 0.001871 -0.821409 -0.570101 0.016526 0.335938 0.750000
-0.930795 -0.562172 -3.441023 -0.821409 -0.570101 0.016526 0.335938 0.625000
-0.770814 -0.523052 6.021790 -0.850662 -0.520139 -0.076352 0.343750 0.968750
-0.831470 -0.555570 6.882045 -0.850662 -0.520139 -0.076352 0.343750 1.000000
-0.854572 -0.512348 6.882045 -0.850662 -0.520139 -0.076352 0.335938 1.000000
-0.798758 -0.482791 6.021790 -0.850662 -0.520139 -0.076352 0.335938 0.968750
-0.877675 -0.469126 5.161534 -0.881922 -0.471396 0.000000 0.328125 0.937500
-0.877675 -0.469126 6.021790 -0.881922 -0.471396 0.000000 0.328125 0.968750
-0.900777 -0.425904 6.021790 -0.881922 -0.471396 0.000000 0.320312 0.968750
-0.900777 -0.425904 5.161534 -0.881922 -0.471396 0.000000 0.320312 0.937500
-1.049248 -0.560529 -6.882045 -0.881777 -0.471319 0.018117 0.328125 0.500000
-1.035556 -0.553079 -6.021790 -0.881777 -0.471319 0.018117 0.328125 0.531250
-1.062812 -0.502085 -6.021790 -0.881777 -0.471319 0.018117 0.320312 0.531250
-1.076865 -0.508861 -6.882045 -0.881777 -0.471319 0.018117 0.320312 0.500000
-1.035556 -0.553079 -6.021790 -0.881776 -0.471319 0.018150 0.328125 0.531250
-1.021736 -0.545805 -5.161534 -0.881776 -0.471319 0.018150 0.328125 0.562500
-1.048636 -0.495478 -5.161534 -0.881776 -0.471319 0.018150 0.320312 0.562500
-1.062812 -0.502085 -6.021790 -0.881776 -0.471319 0.018150 0.320312 0.531250
-0.927781 -0.495729 3.441023 -0.881442 -0.471140 0.032955 0.328125 0.875000
-0.877675 -0.469126 5.161534 -0.881442 -0.471140 0.032955 0.328125 0.937500
-0.900777 -0.425904 5.161534 -0.881442 -0.471140 0.032955 0.320312 0.937500
-0.952201 -0.450041 3.441023 -0.881442 -0.471140 0.032955 0.320312 0.875000
-1.021736 -0.545805 -5.161534 -0.881922 -0.471395 -0.000642 0.328125 0.562500
-1.022750 -0.546250 -3.441023 -0.881922 -0.471395 -0.000642 0.328125 0.625000
-1.049669 -0.495888 -3.441023 -0.881922 -0.471395 -0.000642 0.320312 0.625000
-1.048636 -0.495478 -5.161534 -0.881922 -0.471395 -0.000642 0.320312 0.562500
-0.969077 -0.517667 0.001871 -0.881840 -0.471353 0.013596 0.328125 0.750000
-0.927781 -0.495729 3.441023 -0.881840 -0.471353 0.013596 0.328125 0.875000
-0.952201 -0.450041 3.441023 -0.881840 -0.471353 0.013596 0.320312 0.875000
-0.994584 -0.469946 0.001871 -0.881840 -0.471353 0.013596 0.320312 0.750000
-1.022750 -0.546250 -3.441023 -0.881785 -0.471322 0.017659 0.328125 0.625000
-0.969077 -0.517667 0.001871 -0.881785 -0.471322 0.017659 0.328125 0.750000
-0.994584 -0.469946 0.001871 -0.881785 -0.471322 0.017659 0.320312 0.750000
-1.049669 -0.495888 -3.441023 -0.881785 -0.471322 0.017659 0.320312 0.625000
-0.877675 -0.469126 6.882045 -0.881922 -0.471396 0.000000 0.328125 1.000000
-0.900777 -0.425904 6.882045 -0.881922 -0.471396 0.000000 0.320312 1.000000
-0.882589 -0.362006 5.161534 -0.916973 -0.398950 0.000000 0.312500 0.937500
-0.882589 -0.362006 6.021790 -0.916973 -0.398950 0.000000 0.312500 0.968750
-0.902140 -0.317066 6.021790 -0.916973 -0.398950 0.000000 0.304688 0.968750
-0.902140 -0.317066 5.161534 -0.916973 -0.398950 0.000000 0.304688 0.937500
-1.104482 -0.457193 -6.882045 -0.935878 -0.343815 0.076962 0.312500 0.500000
-1.041353 -0.426697 -6.021790 -0.935878 -0.343815 0.076962 0.312500 0.531250
-1.064420 -0.373677 -6.021790 -0.935878 -0.343815 0.076962 0.304688 0.531250
-1.121489 -0.401130 -6.882045 -0.935878 -0.343815 0.076962 0.304688 0.500000
-1.041353 -0.426697 -6.021790 -0.916833 -0.398891 0.017416 0.312500 0.531250
-1.027457 -0.421075 -5.161534 -0.916833 -0.398891 0.017416 0.312500 0.562500
-1.050224 -0.368747 -5.161534 -0.916833 -0.398891 0.017416 0.304688 0.562500
-1.064420 -0.373677 -6.021790 -0.916833 -0.398891 0.017416 0.304688 0.531250
-0.932975 -0.382496 3.441023 -0.916515 -0.398751 0.031590 0.312500 0.875000
-0.882589 -0.362006 5.161534 -0.916515 -0.398751 0.031590 0.312500 0.937500
-0.902140 -0.317066 5.161534 -0.916515 -0.398751 0.031590 0.304688 0.937500
-0.953642 -0.334993 3.441023 -0.916515 -0.398751 0.031590 0.304688 0.875000
-1.027457 -0.421075 -5.161534 -0.916972 -0.398951 -0.000625 0.312500 0.562500
-1.028475 -0.421433 -3.441023 -0.916972 -0.398951 -0.000625 0.312500 0.625000
-1.051257 -0.369070 -3.441023 -0.916972 -0.398951 -0.000625 0.304688 0.625000
-1.050224 -0.368747 -5.161534 -0.916972 -0.398951 -0.000625 0.304688 0.562500
-0.974502 -0.399396 0.001871 -0.916895 -0.398917 0.013032 0.312500 0.750000
-0.932975 -0.382496 3.441023 -0.916895 -0.398917 0.013032 0.312500 0.875000
-0.953642 -0.334993 3.441023 -0.916895 -0.398917 0.013032 0.304688 0.875000
-0.996089 -0.349778 0.001871 -0.916895 -0.398917 0.013032 0.304688 0.750000
-1.028475 -0.421433 -3.441023 -0.916841 -0.398893 0.016926 0.312500 0.625000
-0.974502 -0.399396 0.001871 -0.916841 -0.398893 0.016926 0.312500 0.750000
-0.996089 -0.349778 0.001871 -0.916841 -0.398893 0.016926 0.304688 0.750000
-1.051257 -0.369070 -3.441023 -0.916841 -0.398893 0.016926 0.304688 0.625000
-0.882589 -0.362006 6.021790 -0.937357 -0.344764 -0.049985 0.312500 0.968750
-0.923880 -0.382683 6.882045 -0.937357 -0.344764 -0.049985 0.312500 1.000000
-0.938106 -0.335784 6.882045 -0.937357 -0.344764 -0.049985 0.304688 1.000000
-0.902140 -0.317066 6.021790 -0.937357 -0.344764 -0.049985 0.304688 0.968750
-0.952333 -0.288886 5.161534 -0.956940 -0.290284 0.000000 0.296875 0.937500
-0.952333 -0.288886 6.021790 -0.956940 -0.290284 0.000000 0.296875 0.968750
-0.966559 -0.241988 6.021790 -0.956940 -0.290284 0.000000 0.289062 0.968750
-0.966559 -0.241988 5.161534 -0.956940 -0.290284 0.000000 0.289062 0.937500
-1.138495 -0.345067 -6.882045 -0.956784 -0.290237 0.018089 0.296875 0.500000
-1.123638 -0.340429 -6.021790 -0.956784 -0.290237 0.018089 0.296875 0.531250
-1.140422 -0.285098 -6.021790 -0.956784 -0.290237 0.018089 0.289062 0.531250
-1.155502 -0.289004 -6.882045 -0.956784 -0.290237 0.018089 0.289062 0.500000
-1.123638 -0.340429 -6.021790 -0.956782 -0.290237 0.018167 0.296875 0.531250
-1.108667 -0.335934 -5.161534 -0.956782 -0.290237 0.018167 0.296875 0.562500
-1.125232 -0.281326 -5.161534 -0.956782 -0.290237 0.018167 0.289062 0.562500
-1.140422 -0.285098 -6.021790 -0.956782 -0.290237 0.018167 0.289062 0.531250
-1.006698 -0.305204 3.441023 -0.956420 -0.290126 0.032973 0.296875 0.875000
-0.952333 -0.288886 5.161534 -0.956420 -0.290126 0.032973 0.296875 0.937500
-0.966559 -0.241988 5.161534 -0.956420 -0.290126 0.032973 0.289062 0.937500
-1.021736 -0.255630 3.441023 -0.956420 -0.290126 0.032973 0.289062 0.875000
-1.108667 -0.335934 -5.161534 -0.999215 0.037935 -0.011449 0.296875 0.562500
-1.147461 -0.347556 -3.441023 -0.999215 0.037935 -0.011449 0.296875 0.625000
-1.126318 -0.281588 -3.441023 -0.999215 0.037935 -0.011449 0.289062 0.625000
-1.125232 -0.281326 -5.161534 -0.999215 0.037935 -0.011449 0.289062 0.562500
-1.051506 -0.318664 0.001871 -0.956852 -0.290257 0.013603 0.296875 0.750000
-1.006698 -0.305204 3.441023 -0.956852 -0.290257 0.013603 0.296875 0.875000
-1.021736 -0.255630 3.441023 -0.956852 -0.290257 0.013603 0.289062 0.875000
-1.067213 -0.266884 0.001871 -0.956852 -0.290257 0.013603 0.289062 0.750000
-1.147461 -0.347556 -3.441023 -0.998690 0.046102 0.022197 0.296875 0.625000
-1.051506 -0.318664 0.001871 -0.998690 0.046102 0.022197 0.296875 0.750000
-1.067213 -0.266884 0.001871 -0.998690 0.046102 0.022197 0.289062 0.750000
-1.126318 -0.281588 -3.441023 -0.998690 0.046102 0.022197 0.289062 0.625000
-0.952333 -0.288886 6.882045 -0.956940 -0.290284 0.000000 0.296875 1.000000
-0.966559 -0.241988 6.882045 -0.956940 -0.290284 0.000000 0.289062 1.000000
-0.938226 -0.189384 5.161534 -0.950998 -0.309198 0.000000 0.281250 0.937500
-0.938226 -0.189384 6.021790 -0.950998 -0.309198 0.000000 0.281250 0.968750
-0.953379 -0.142777 6.021790 -0.950998 -0.309198 0.000000 0.273438 0.968750
-0.953379 -0.142777 5.161534 -0.950998 -0.309198 0.000000 0.273438 0.937500
-1.172508 -0.232941 -6.882045 -0.976586 -0.203612 0.069436 0.281250 0.500000
-1.106995 -0.223036 -6.021790 -0.976586 -0.203612 0.069436 0.281250 0.531250
-1.124873 -0.168048 -6.021790 -0.976586 -0.203612 0.069436 0.273438 0.531250
-1.178251 -0.174637 -6.882045 -0.976586 -0.203612 0.069436 0.273438 0.500000
-1.106995 -0.223036 -6.021790 -0.950855 -0.309149 0.017371 0.281250 0.531250
-1.092242 -0.220075 -5.161534 -0.950855 -0.309149 0.017371 0.281250 0.562500
-1.109886 -0.165806 -5.161534 -0.950855 -0.309149 0.017371 0.273438 0.562500
-1.124873 -0.168048 -6.021790 -0.950855 -0.309149 0.017371 0.273438 0.531250
-0.991787 -0.200025 3.441023 -0.950526 -0.309044 0.031502 0.281250 0.875000
-0.938226 -0.189384 5.161534 -0.950526 -0.309044 0.031502 0.281250 0.937500
-0.953379 -0.142777 5.161534 -0.950526 -0.309044 0.031502 0.273438 0.937500
-1.007805 -0.150759 3.441023 -0.950526 -0.309044 0.031502 0.273438 0.875000
-1.092242 -0.220075 -5.161534 -0.950998 -0.309196 -0.000627 0.281250 0.562500
-1.093304 -0.220294 -3.441023 -0.950998 -0.309196 -0.000627 0.281250 0.625000
-1.110961 -0.165987 -3.441023 -0.950998 -0.309196 -0.000627 0.273438 0.625000
-1.109886 -0.165806 -5.161534 -0.950998 -0.309196 -0.000627 0.273438 0.562500
-1.035931 -0.208805 0.001871 -0.950917 -0.309172 0.012995 0.281250 0.750000
-0.991787 -0.200025 3.441023 -0.950917 -0.309172 0.012995 0.281250 0.875000
-1.007805 -0.150759 3.441023 -0.950917 -0.309172 0.012995 0.273438 0.875000
-1.052662 -0.157346 0.001871 -0.950917 -0.309172 0.012995 0.273438 0.750000
-1.093304 -0.220294 -3.441023 -0.950862 -0.309154 0.016877 0.281250 0.625000
-1.035931 -0.208805 0.001871 -0.950862 -0.309154 0.016877 0.281250 0.750000
-1.052662 -0.157346 0.001871 -0.950862 -0.309154 0.016877 0.273438 0.750000
-1.110961 -0.165987 -3.441023 -0.950862 -0.309154 0.016877 0.273438 0.625000
-0.938226 -0.189384 6.021790 -0.977873 -0.204607 -0.043595 0.281250 0.968750
-0.980785 -0.195089 6.882045 -0.977873 -0.204607 -0.043595 0.281250 1.000000
-0.985589 -0.146317 6.882045 -0.977873 -0.204607 -0.043595 0.273438 1.000000
-0.953379 -0.142777 6.021790 -0.977873 -0.204607 -0.043595 0.273438 0.968750
-0.990393 -0.097544 5.161534 -0.995185 -0.098017 0.000000 0.265625 0.937500
-0.990393 -0.097544 6.021790 -0.995185 -0.098017 0.000000 0.265625 0.968750
-0.995196 -0.048772 6.021790 -0.995185 -0.098017 0.000000 0.257812 0.968750
-0.995196 -0.048772 5.161534 -0.995185 -0.098017 0.000000 0.257812 0.937500
-1.183993 -0.116333 -6.882045 -0.995023 -0.098000 0.018060 0.265625 0.500000
-1.168541 -0.114682 -6.021790 -0.995023 -0.098000 0.018060 0.265625 0.531250
-1.174209 -0.057140 -6.021790 -0.995023 -0.098000 0.018060 0.257812 0.531250
-1.189735 -0.058030 -6.882045 -0.995023 -0.098000 0.018060 0.257812 0.500000
-1.168541 -0.114682 -6.021790 -0.995021 -0.098000 0.018170 0.265625 0.531250
-1.152984 -0.113137 -5.161534 -0.995021 -0.098000 0.018170 0.265625 0.562500
-1.158577 -0.056346 -5.161534 -0.995021 -0.098000 0.018170 0.257812 0.562500
-1.174209 -0.057140 -6.021790 -0.995021 -0.098000 0.018170 0.257812 0.531250
-1.046930 -0.102945 3.441023 -0.994643 -0.097963 0.032992 0.265625 0.875000
-0.990393 -0.097544 5.161534 -0.994643 -0.097963 0.032992 0.265625 0.937500
-0.995196 -0.048772 5.161534 -0.994643 -0.097963 0.032992 0.257812 0.937500
-1.052008 -0.051390 3.441023 -0.994643 -0.097963 0.032992 0.257812 0.875000
-1.152984 -0.113137 -5.161534 -0.995185 -0.098017 -0.000647 0.265625 0.562500
-1.154088 -0.113282 -3.441023 -0.995185 -0.098017 -0.000647 0.265625 0.625000
-1.159686 -0.056452 -3.441023 -0.995185 -0.098017 -0.000647 0.257812 0.625000
-1.158577 -0.056346 -5.161534 -0.995185 -0.098017 -0.000647 0.257812 0.562500
-1.093528 -0.107405 0.001871 -0.995093 -0.098008 0.013610 0.265625 0.750000
-1.046930 -0.102945 3.441023 -0.995093 -0.098008 0.013610 0.265625 0.875000
-1.052008 -0.051390 3.441023 -0.995093 -0.098008 0.013610 0.257812 0.875000
-1.098832 -0.053556 0.001871 -0.995093 -0.098008 0.013610 0.257812 0.750000
-1.154088 -0.113282 -3.441023 -0.995029 -0.098003 0.017670 0.265625 0.625000
-1.093528 -0.107405 0.001871 -0.995029 -0.098003 0.017670 0.265625 0.750000
-1.098832 -0.053556 0.001871 -0.995029 -0.098003 0.017670 0.257812 0.750000
-1.159686 -0.056452 -3.441023 -0.995029 -0.098003 0.017670 0.257812 0.625000
-0.990393 -0.097544 6.882045 -0.995185 -0.098017 -0.000000 0.265625 1.000000
-0.995196 -0.048772 6.882045 -0.995185 -0.098017 -0.000000 0.257812 1.000000
-0.940512 -0.000085 5.161534 -0.998711 -0.050766 0.000000 0.250000 0.937500
-0.940512 -0.000085 6.021790 -0.998711 -0.050766 0.000000 0.250000 0.968750
-0.943000 0.048860 6.021790 -0.998711 -0.050766 0.000000 0.242188 0.968750
-0.943000 0.048860 5.161534 -0.998711 -0.050766 0.000000 0.242188 0.937500
-1.195478 0.000274 -6.882045 -0.995259 0.024074 0.094236 0.250000 0.500000
-1.109691 0.000301 -6.021790 -0.995259 0.024074 0.094236 0.250000 0.531250
-1.112627 0.058047 -6.021790 -0.995259 0.024074 0.094236 0.242188 0.531250
-1.189735 0.058578 -6.882045 -0.995259 0.024074 0.094236 0.242188 0.500000
-1.109691 0.000301 -6.021790 -0.998563 -0.050760 0.017168 0.250000 0.531250
-1.094903 0.000344 -5.161534 -0.998563 -0.050760 0.017168 0.250000 0.562500
-1.097800 0.057336 -5.161534 -0.998563 -0.050760 0.017168 0.242188 0.562500
-1.112627 0.058047 -6.021790 -0.998563 -0.050760 0.017168 0.242188 0.531250
-0.994203 0.000075 3.441023 -0.998226 -0.050741 0.031146 0.250000 0.875000
-0.940512 -0.000085 5.161534 -0.998226 -0.050741 0.031146 0.250000 0.937500
-0.943000 0.048860 5.161534 -0.998226 -0.050741 0.031146 0.242188 0.937500
-0.996833 0.051813 3.441023 -0.998226 -0.050741 0.031146 0.242188 0.875000
-1.094903 0.000344 -5.161534 -0.998710 -0.050766 -0.000620 0.250000 0.562500
-1.095968 0.000277 -3.441023 -0.998710 -0.050766 -0.000620 0.250000 0.625000
-1.098866 0.057308 -3.441023 -0.998710 -0.050766 -0.000620 0.242188 0.625000
-1.097800 0.057336 -5.161534 -0.998710 -0.050766 -0.000620 0.242188 0.562500
-1.038455 0.000199 0.001871 -0.998628 -0.050762 0.012848 0.250000 0.750000
-0.994203 0.000075 3.441023 -0.998628 -0.050762 0.012848 0.250000 0.875000
-0.996833 0.051813 3.441023 -0.998628 -0.050762 0.012848 0.242188 0.875000
-1.041202 0.054239 0.001871 -0.998628 -0.050762 0.012848 0.242188 0.750000
-1.095968 0.000277 -3.441023 -0.998572 -0.050759 0.016680 0.250000 0.625000
-1.038455 0.000199 0.001871 -0.998572 -0.050759 0.016680 0.250000 0.750000
-1.041202 0.054239 0.001871 -0.998572 -0.050759 0.016680 0.242188 0.750000
-1.098866 0.057308 -3.441023 -0.998572 -0.050759 0.016680 0.242188 0.625000
-0.940512 -0.000085 6.021790 -0.997621 0.023642 -0.064759 0.250000 0.968750
-1.000000 0.000001 6.882045 -0.997621 0.023642 -0.064759 0.250000 1.000000
-0.995196 0.048774 6.882045 -0.997621 0.023642 -0.064759 0.242188 1.000000
-0.943000 0.048860 6.021790 -0.997621 0.023642 -0.064759 0.242188 0.968750
-0.990393 0.097546 5.161534 -0.995185 0.098019 0.000000 0.234375 0.937500
-0.990393 0.097546 6.021790 -0.995185 0.098019 0.000000 0.234375 0.968750
-0.985589 0.146319 6.021790 -0.995185 0.098019 0.000000 0.226562 0.968750
-0.985589 0.146319 5.161534 -0.995185 0.098019 0.000000 0.226562 0.937500
-1.183993 0.116881 -6.882045 -0.995023 0.098001 0.018031 0.234375 0.500000
-1.168541 0.115488 -6.021790 -0.995023 0.098001 0.018031 0.234375 0.531250
-1.162874 0.173030 -6.021790 -0.995023 0.098001 0.018031 0.226562 0.531250
-1.178250 0.175185 -6.882045 -0.995023 0.098001 0.018031 0.226562 0.500000
-1.168541 0.115488 -6.021790 -0.995020 0.098002 0.018161 0.234375 0.531250
-1.152984 0.114026 -5.161534 -0.995020 0.098002 0.018161 0.234375 0.562500
-1.147390 0.170816 -5.161534 -0.995020 0.098002 0.018161 0.226562 0.562500
-1.162874 0.173030 -6.021790 -0.995020 0.098002 0.018161 0.226562 0.531250
-1.046930 0.103277 3.441023 -0.994642 0.097966 0.033011 0.234375 0.875000
-0.990393 0.097546 5.161534 -0.994642 0.097966 0.033011 0.234375 0.937500
-0.985589 0.146319 5.161534 -0.994642 0.097966 0.033011 0.226562 0.937500
-1.041852 0.154832 3.441023 -0.994642 0.097966 0.033011 0.226562 0.875000
-1.152984 0.114026 -5.161534 -0.995184 0.098019 -0.000639 0.234375 0.562500
-1.154088 0.114038 -3.441023 -0.995184 0.098019 -0.000639 0.234375 0.625000
-1.148491 0.170868 -3.441023 -0.995184 0.098019 -0.000639 0.226562 0.625000
-1.147390 0.170816 -5.161534 -0.995184 0.098019 -0.000639 0.226562 0.562500
-1.093528 0.107993 0.001871 -0.995092 0.098011 0.013617 0.234375 0.750000
-1.046930 0.103277 3.441023 -0.995092 0.098011 0.013617 0.234375 0.875000
-1.041852 0.154832 3.441023 -0.995092 0.098011 0.013617 0.226562 0.875000
-1.088224 0.161843 0.001871 -0.995092 0.098011 0.013617 0.226562 0.750000
-1.154088 0.114038 -3.441023 -0.995029 0.098004 0.017675 0.234375 0.625000
-1.093528 0.107993 0.001871 -0.995029 0.098004 0.017675 0.234375 0.750000
-1.088224 0.161843 0.001871 -0.995029 0.098004 0.017675 0.226562 0.750000
-1.148491 0.170868 -3.441023 -0.995029 0.098004 0.017675 0.226562 0.625000
-0.990393 0.097546 6.882045 -0.995185 0.098019 0.000000 0.234375 1.000000
-0.985589 0.146319 6.882045 -0.995185 0.098019 0.000000 0.226562 1.000000
-0.914996 0.134779 5.161534 -0.971267 0.237993 0.000000 0.218750 0.937500
-0.914996 0.134779 6.021790 -0.971267 0.237993 0.000000 0.218750 0.968750
-0.904471 0.177735 6.021790 -0.971267 0.237993 0.000000 0.211700 0.968750
-0.904471 0.177735 5.161534 -0.971267 0.237993 0.000000 0.211700 0.937500
-1.172508 0.233489 -6.882045 -0.956931 0.262356 0.124310 0.218750 0.500000
-1.079588 0.159415 -6.021790 -0.956931 0.262356 0.124310 0.218750 0.531250
-1.067169 0.210096 -6.021790 -0.956931 0.262356 0.124310 0.211700 0.531250
-1.157160 0.284082 -6.882045 -0.956931 0.262356 0.124310 0.211700 0.500000
-1.079588 0.159415 -6.021790 -0.971130 0.237959 0.016813 0.218750 0.531250
-1.065193 0.157379 -5.161534 -0.971130 0.237959 0.016813 0.218750 0.562500
-1.052937 0.207397 -5.161534 -0.971130 0.237959 0.016813 0.211700 0.562500
-1.067169 0.210096 -6.021790 -0.971130 0.237959 0.016813 0.211700 0.531250
-0.967231 0.142634 3.441023 -0.970813 0.237881 0.030560 0.218750 0.875000
-0.914996 0.134779 5.161534 -0.970813 0.237881 0.030560 0.218750 0.937500
-0.904471 0.177735 5.161534 -0.970813 0.237881 0.030560 0.211700 0.937500
-0.956105 0.188041 3.441023 -0.970813 0.237881 0.030560 0.211700 0.875000
-1.065193 0.157379 -5.161534 -0.986714 -0.162086 0.011155 0.218750 0.562500
-1.024256 0.151201 -3.441023 -0.986714 -0.162086 0.011155 0.218750 0.625000
-1.053972 0.207474 -3.441023 -0.986714 -0.162086 0.011155 0.211700 0.625000
-1.052937 0.207397 -5.161534 -0.986714 -0.162086 0.011155 0.211700 0.562500
-1.010283 0.149101 0.001871 -0.971190 0.237973 0.012605 0.218750 0.750000
-0.967231 0.142634 3.441023 -0.971190 0.237973 0.012605 0.218750 0.875000
-0.956105 0.188041 3.441023 -0.971190 0.237973 0.012605 0.211700 0.875000
-0.998662 0.196529 0.001871 -0.971190 0.237973 0.012605 0.211700 0.750000
-1.024256 0.151201 -3.441023 -0.985070 -0.171888 0.009586 0.218750 0.625000
-1.010283 0.149101 0.001871 -0.985070 -0.171888 0.009586 0.218750 0.750000
-0.998662 0.196529 0.001871 -0.985070 -0.171888 0.009586 0.211700 0.750000
-1.053972 0.207474 -3.441023 -0.985070 -0.171888 0.009586 0.211700 0.625000
-0.914996 0.134779 6.021790 -0.960499 0.263152 -0.090517 0.218750 0.968750
-0.980785 0.195091 6.882045 -0.960499 0.263152 -0.090517 0.218750 1.000000
-0.967947 0.237414 6.882045 -0.960499 0.263152 -0.090517 0.211700 1.000000
-0.904471 0.177735 6.021790 -0.960499 0.263152 -0.090517 0.211700 0.968750
-0.955108 0.279737 5.161534 -0.956940 0.290286 0.000000 0.204649 0.937500
-0.955108 0.279737 6.021790 -0.956940 0.290286 0.000000 0.204649 0.968750
-0.939494 0.331211 6.021790 -0.956940 0.290286 0.000000 0.196075 0.968750
-0.939494 0.331211 5.161534 -0.956940 0.290286 0.000000 0.196075 0.937500
-1.141813 0.334676 -6.882045 -0.956785 0.290239 0.018002 0.204649 0.500000
-1.126912 0.330439 -6.021790 -0.956785 0.290239 0.018002 0.204649 0.531250
-1.108490 0.391168 -6.021790 -0.956785 0.290239 0.018002 0.196075 0.531250
-1.123147 0.396208 -6.882045 -0.956785 0.290239 0.018002 0.196075 0.500000
-1.126912 0.330439 -6.021790 -0.956782 0.290239 0.018139 0.204649 0.531250
-1.111899 0.326168 -5.161534 -0.956782 0.290239 0.018139 0.204649 0.562500
-1.093717 0.386104 -5.161534 -0.956782 0.290239 0.018139 0.196075 0.562500
-1.108490 0.391168 -6.021790 -0.956782 0.290239 0.018139 0.196075 0.531250
-1.009632 0.295863 3.441023 -0.956418 0.290128 0.033029 0.204649 0.875000
-0.955108 0.279737 5.161534 -0.956418 0.290128 0.033029 0.204649 0.937500
-0.939494 0.331211 5.161534 -0.956418 0.290128 0.033029 0.196075 0.937500
-0.993126 0.350274 3.441023 -0.956418 0.290128 0.033029 0.196075 0.875000
-1.111899 0.326168 -5.161534 -0.956940 0.290285 -0.000625 0.204649 0.562500
-1.112975 0.326327 -3.441023 -0.956940 0.290285 -0.000625 0.204649 0.625000
-1.094781 0.386304 -3.441023 -0.956940 0.290285 -0.000625 0.196075 0.625000
-1.093717 0.386104 -5.161534 -0.956940 0.290285 -0.000625 0.196075 0.562500
-1.054570 0.309149 0.001871 -0.956851 0.290259 0.013624 0.204649 0.750000
-1.009632 0.295863 3.441023 -0.956851 0.290259 0.013624 0.204649 0.875000
-0.993126 0.350274 3.441023 -0.956851 0.290259 0.013624 0.196075 0.875000
-1.037331 0.365981 0.001871 -0.956851 0.290259 0.013624 0.196075 0.750000
-1.112975 0.326327 -3.441023 -0.956791 0.290239 0.017679 0.204649 0.625000
-1.054570 0.309149 0.001871 -0.956791 0.290239 0.017679 0.204649 0.750000
-1.037331 0.365981 0.001871 -0.956791 0.290239 0.017679 0.196075 0.750000
-1.094781 0.386304 -3.441023 -0.956791 0.290239 0.017679 0.196075 0.625000
-0.955108 0.279737 6.882045 -0.956940 0.290286 0.000000 0.204649 1.000000
-0.939494 0.331211 6.882045 -0.956940 0.290286 0.000000 0.196075 1.000000
-0.868342 0.325180 5.161534 -0.906174 0.422906 0.000000 0.187500 0.937500
-0.868342 0.325180 6.021790 -0.906174 0.422906 0.000000 0.187500 0.968750
-0.847615 0.369591 6.021790 -0.906174 0.422906 0.000000 0.179688 0.968750
-0.847615 0.369591 5.161534 -0.906174 0.422906 0.000000 0.179688 0.937500
-1.104481 0.457741 -6.882045 -0.887969 0.444309 0.118750 0.187500 0.500000
-1.024544 0.384053 -6.021790 -0.887969 0.444309 0.118750 0.187500 0.531250
-1.000091 0.436449 -6.021790 -0.887969 0.444309 0.118750 0.179688 0.531250
-1.076864 0.509409 -6.882045 -0.887969 0.444309 0.118750 0.179688 0.500000
-1.024544 0.384053 -6.021790 -0.906045 0.422846 0.016847 0.187500 0.531250
-1.010868 0.379082 -5.161534 -0.906045 0.422846 0.016847 0.187500 0.562500
-0.986735 0.430793 -5.161534 -0.906045 0.422846 0.016847 0.179688 0.562500
-1.000091 0.436449 -6.021790 -0.906045 0.422846 0.016847 0.179688 0.531250
-0.917915 0.343900 3.441023 -0.905746 0.422707 0.030696 0.187500 0.875000
-0.868342 0.325180 5.161534 -0.905746 0.422707 0.030696 0.187500 0.937500
-0.847615 0.369591 5.161534 -0.905746 0.422707 0.030696 0.179688 0.937500
-0.896006 0.390844 3.441023 -0.905746 0.422707 0.030696 0.179688 0.875000
-1.010868 0.379082 -5.161534 -0.906174 0.422906 -0.000578 0.187500 0.562500
-1.011874 0.379277 -3.441023 -0.906174 0.422906 -0.000578 0.187500 0.625000
-0.987724 0.431024 -3.441023 -0.906174 0.422906 -0.000578 0.179688 0.625000
-0.986735 0.430793 -5.161534 -0.906174 0.422906 -0.000578 0.179688 0.562500
-0.958772 0.359323 0.001871 -0.906101 0.422873 0.012661 0.187500 0.750000
-0.917915 0.343900 3.441023 -0.906101 0.422873 0.012661 0.187500 0.875000
-0.896006 0.390844 3.441023 -0.906101 0.422873 0.012661 0.179688 0.875000
-0.935889 0.408356 0.001871 -0.906101 0.422873 0.012661 0.179688 0.750000
-1.011874 0.379277 -3.441023 -0.906051 0.422849 0.016426 0.187500 0.625000
-0.958772 0.359323 0.001871 -0.906051 0.422849 0.016426 0.187500 0.750000
-0.935889 0.408356 0.001871 -0.906051 0.422849 0.016426 0.179688 0.750000
-0.987724 0.431024 -3.441023 -0.906051 0.422849 0.016426 0.179688 0.625000
-0.868342 0.325180 6.021790 -0.891079 0.445668 -0.085780 0.187500 0.968750
-0.923879 0.382684 6.882045 -0.891079 0.445668 -0.085780 0.187500 1.000000
-0.900777 0.425906 6.882045 -0.891079 0.445668 -0.085780 0.179688 1.000000
-0.847615 0.369591 6.021790 -0.891079 0.445668 -0.085780 0.179688 0.968750
-0.877674 0.469128 5.161534 -0.881921 0.471398 0.000000 0.171875 0.937500
-0.877674 0.469128 6.021790 -0.881921 0.471398 0.000000 0.171875 0.968750
-0.854571 0.512350 6.021790 -0.881921 0.471398 0.000000 0.164062 0.968750
-0.854571 0.512350 5.161534 -0.881921 0.471398 0.000000 0.164062 0.937500
-1.049247 0.561077 -6.882045 -0.881778 0.471321 0.017976 0.171875 0.500000
-1.035555 0.553884 -6.021790 -0.881778 0.471321 0.017976 0.171875 0.531250
-1.008298 0.604878 -6.021790 -0.881778 0.471321 0.017976 0.164062 0.531250
-1.021630 0.612745 -6.882045 -0.881778 0.471321 0.017976 0.164062 0.500000
-1.035555 0.553884 -6.021790 -0.881777 0.471319 0.018105 0.171875 0.531250
-1.021735 0.546694 -5.161534 -0.881777 0.471319 0.018105 0.171875 0.562500
-0.994835 0.597021 -5.161534 -0.881777 0.471319 0.018105 0.164062 0.562500
-1.008298 0.604878 -6.021790 -0.881777 0.471319 0.018105 0.164062 0.531250
-0.927780 0.496060 3.441023 -0.881439 0.471140 0.033045 0.171875 0.875000
-0.877674 0.469128 5.161534 -0.881439 0.471140 0.033045 0.171875 0.937500
-0.854571 0.512350 5.161534 -0.881439 0.471140 0.033045 0.164062 0.937500
-0.903359 0.541748 3.441023 -0.881439 0.471140 0.033045 0.164062 0.875000
-1.021735 0.546694 -5.161534 -0.881921 0.471398 -0.000605 0.171875 0.562500
-1.022749 0.547005 -3.441023 -0.881921 0.471398 -0.000605 0.171875 0.625000
-0.995829 0.597367 -3.441023 -0.881921 0.471398 -0.000605 0.164062 0.625000
-0.994835 0.597021 -5.161534 -0.881921 0.471398 -0.000605 0.164062 0.562500
-0.969076 0.518254 0.001871 -0.881839 0.471354 0.013631 0.171875 0.750000
-0.927780 0.496060 3.441023 -0.881839 0.471354 0.013631 0.171875 0.875000
-0.903359 0.541748 3.441023 -0.881839 0.471354 0.013631 0.164062 0.875000
-0.943569 0.565975 0.001871 -0.881839 0.471354 0.013631 0.164062 0.750000
-1.022749 0.547005 -3.441023 -0.881782 0.471325 0.017682 0.171875 0.625000
-0.969076 0.518254 0.001871 -0.881782 0.471325 0.017682 0.171875 0.750000
-0.943569 0.565975 0.001871 -0.881782 0.471325 0.017682 0.164062 0.750000
-0.995829 0.597367 -3.441023 -0.881782 0.471325 0.017682 0.164062 0.625000
-0.877674 0.469128 6.882045 -0.881921 0.471398 0.000000 0.171875 1.000000
-0.854571 0.512350 6.882045 -0.881921 0.471398 0.000000 0.164062 1.000000
-0.427132 -1.032265 6.756533 -0.471397 -0.881921 0.000000 0.437500 0.500000
-0.427132 -1.032265 6.850919 -0.471397 -0.881921 0.000000 0.437500 0.750000
-0.523340 -0.980841 6.850919 -0.471397 -0.881921 0.000000 0.421875 0.750000
-0.523340 -0.980841 6.756533 -0.471397 -0.881921 0.000000 0.421875 0.500000
1.101045 0.104539 6.756533 0.995185 0.098017 0.000000 0.765625 0.500000
1.101045 0.104539 6.850919 0.995185 0.098017 0.000000 0.765625 0.750000
1.111738 -0.004025 6.850919 0.995185 0.098017 0.000000 0.750000 0.750000
1.111738 -0.004025 6.756533 0.995185 0.098017 0.000000 0.750000 0.500000
0.107343 1.098241 6.850919 0.098017 0.995185 0.000000 0.984375 0.750000
0.107343 1.098241 6.945305 0.098017 0.995185 0.000000 0.984375 1.000000
0.215906 1.087549 6.945305 0.098017 0.995185 0.000000 0.968750 1.000000
0.215906 1.087549 6.850919 0.098017 0.995185 0.000000 0.968750 0.750000
-0.218349 -1.095599 6.850919 -0.290286 -0.956940 0.000000 0.468750 0.750000
-0.218349 -1.095599 6.945305 -0.290286 -0.956940 0.000000 0.468750 1.000000
-0.322741 -1.063932 6.945305 -0.290286 -0.956940 0.000000 0.453125 1.000000
-0.322741 -1.063932 6.850919 -0.290286 -0.956940 0.000000 0.453125 0.750000
1.101045 -0.112589 6.756533 0.995185 -0.098017 0.000000 0.734375 0.500000
1.101045 -0.112589 6.850919 0.995185 -0.098017 0.000000 0.734375 0.750000
1.090353 -0.221153 6.850919 0.995185 -0.098017 0.000000 0.718750 0.750000
1.090353 -0.221153 6.756533 0.995185 -0.098017 0.000000 0.718750 0.500000
0.215906 1.087549 6.850919 0.290285 0.956940 0.000000 0.968750 0.750000
0.215906 1.087549 6.945305 0.290285 0.956940 0.000000 0.968750 1.000000
0.424690 1.024215 6.945305 0.290285 0.956940 0.000000 0.937500 1.000000
0.424690 1.024215 6.850919 0.290285 0.956940 0.000000 0.937500 0.750000
-0.619548 -0.929416 6.756533 -0.634394 -0.773010 0.000000 0.406250 0.500000
-0.619548 -0.929416 6.850919 -0.634394 -0.773010 0.000000 0.406250 0.750000
-0.703875 -0.860211 6.850919 -0.634394 -0.773010 0.000000 0.390625 0.750000
-0.703875 -0.860211 6.756533 -0.634394 -0.773010 0.000000 0.390625 0.500000
1.058686 -0.325544 6.756533 0.956940 -0.290285 0.000000 0.703125 0.500000
1.058686 -0.325544 6.850919 0.956940 -0.290285 0.000000 0.703125 0.750000
1.027019 -0.429936 6.850919 0.956940 -0.290285 0.000000 0.687500 0.750000
1.027019 -0.429936 6.756533 0.956940 -0.290285 0.000000 0.687500 0.500000
0.520898 0.972791 6.850919 0.471396 0.881922 0.000000 0.921875 0.750000
0.520898 0.972791 6.945305 0.471396 0.881922 0.000000 0.921875 1.000000
0.617106 0.921366 6.945305 0.471396 0.881922 0.000000 0.906250 1.000000
0.617106 0.921366 6.850919 0.471396 0.881922 0.000000 0.906250 0.750000
-0.619548 -0.929416 6.945305 -0.634394 -0.773010 0.000000 0.406250 1.000000
-0.703875 -0.860211 6.945305 -0.634394 -0.773010 0.000000 0.390625 1.000000
0.975595 -0.526144 6.756533 0.881921 -0.471397 0.000000 0.671875 0.500000
0.975595 -0.526144 6.850919 0.881921 -0.471397 0.000000 0.671875 0.750000
0.924170 -0.622352 6.850919 0.881921 -0.471397 0.000000 0.656250 0.750000
0.924170 -0.622352 6.756533 0.881921 -0.471397 0.000000 0.656250 0.500000
0.701433 0.852161 6.850919 0.634394 0.773010 0.000000 0.890625 0.750000
0.701433 0.852161 6.945305 0.634394 0.773010 0.000000 0.890625 1.000000
0.785760 0.782956 6.945305 0.634394 0.773010 0.000000 0.875000 1.000000
0.785760 0.782956 6.850919 0.634394 0.773010 0.000000 0.875000 0.750000
-0.788202 -0.791005 6.756533 -0.773011 -0.634393 0.000000 0.375000 0.500000
-0.788202 -0.791005 6.850919 -0.773011 -0.634393 0.000000 0.375000 0.750000
-0.857408 -0.706678 6.850919 -0.773011 -0.634393 0.000000 0.359375 0.750000
-0.857408 -0.706678 6.756533 -0.773011 -0.634393 0.000000 0.359375 0.500000
0.854965 -0.706679 6.756533 0.773011 -0.634393 0.000000 0.640625 0.500000
0.854965 -0.706679 6.850919 0.773011 -0.634393 0.000000 0.640625 0.750000
0.785760 -0.791006 6.850919 0.773011 -0.634393 0.000000 0.625000 0.750000
0.785760 -0.791006 6.756533 0.773011 -0.634393 0.000000 0.625000 0.500000
0.854965 0.698629 6.850919 0.773011 0.634393 0.000000 0.859375 0.750000
0.854965 0.698629 6.945305 0.773011 0.634393 0.000000 0.859375 1.000000
0.924170 0.614302 6.945305 0.773011 0.634393 0.000000 0.843750 1.000000
0.924170 0.614302 6.850919 0.773011 0.634393 0.000000 0.843750 0.750000
-0.788202 -0.791005 6.945305 -0.773011 -0.634393 0.000000 0.375000 1.000000
-0.857408 -0.706678 6.945305 -0.773011 -0.634393 0.000000 0.359375 1.000000
0.701433 -0.860211 6.756533 0.634393 -0.773010 0.000000 0.609375 0.500000
0.701433 -0.860211 6.850919 0.634393 -0.773010 0.000000 0.609375 0.750000
0.617106 -0.929417 6.850919 0.634393 -0.773010 0.000000 0.593750 0.750000
0.617106 -0.929417 6.756533 0.634393 -0.773010 0.000000 0.593750 0.500000
0.975595 0.518094 6.850919 0.881921 0.471397 0.000000 0.828125 0.750000
0.975595 0.518094 6.945305 0.881921 0.471397 0.000000 0.828125 1.000000
1.027019 0.421886 6.945305 0.881921 0.471397 0.000000 0.812500 1.000000
1.027019 0.421886 6.850919 0.881921 0.471397 0.000000 0.812500 0.750000
-0.001221 1.108934 6.850919 0.098017 0.995185 0.000000 1.000000 0.750000
-0.001221 1.108934 6.945305 0.098017 0.995185 0.000000 1.000000 1.000000
0.520898 -0.980841 6.756533 0.471397 -0.881921 0.000000 0.578125 0.500000
0.520898 -0.980841 6.850919 0.471397 -0.881921 0.000000 0.578125 0.750000
0.424690 -1.032265 6.850919 0.471397 -0.881921 0.000000 0.562500 0.750000
0.424690 -1.032265 6.756533 0.471397 -0.881921 0.000000 0.562500 0.500000
1.058686 0.317494 6.850919 0.956940 0.290285 0.000000 0.796875 0.750000
1.058686 0.317494 6.945305 0.956940 0.290285 0.000000 0.796875 1.000000
1.090353 0.213102 6.945305 0.956940 0.290285 0.000000 0.781250 1.000000
1.090353 0.213102 6.850919 0.956940 0.290285 0.000000 0.781250 0.750000
-0.001221 1.108934 6.756533 0.098017 0.995185 0.000000 1.000000 0.500000
0.107343 1.098241 6.756533 0.098017 0.995185 0.000000 0.984375 0.500000
0.320298 -1.063932 6.756533 0.290284 -0.956940 0.000000 0.546875 0.500000
0.320298 -1.063932 6.850919 0.290284 -0.956940 0.000000 0.546875 0.750000
0.215906 -1.095599 6.850919 0.290284 -0.956940 0.000000 0.531250 0.750000
0.215906 -1.095599 6.756533 0.290284 -0.956940 0.000000 0.531250 0.500000
1.101045 0.104539 6.945305 0.995185 0.098017 -0.000000 0.765625 1.000000
1.111738 -0.004025 6.945305 0.995185 0.098017 -0.000000 0.750000 1.000000
-0.218347 1.087549 6.756533 -0.098017 0.995185 0.000000 0.031250 0.500000
-0.218347 1.087549 6.850919 -0.098017 0.995185 0.000000 0.031250 0.750000
-0.109784 1.098241 6.850919 -0.098017 0.995185 0.000000 0.015625 0.750000
-0.109784 1.098241 6.756533 -0.098017 0.995185 0.000000 0.015625 0.500000
0.107342 -1.106291 6.756533 0.098018 -0.995185 0.000000 0.515625 0.500000
0.107342 -1.106291 6.850919 0.098018 -0.995185 0.000000 0.515625 0.750000
-0.001221 -1.116984 6.850919 0.098018 -0.995185 0.000000 0.500000 0.750000
-0.001221 -1.116984 6.756533 0.098018 -0.995185 0.000000 0.500000 0.500000
1.101045 -0.112589 6.945305 0.995185 -0.098017 -0.000000 0.734375 1.000000
1.090353 -0.221153 6.945305 0.995185 -0.098017 -0.000000 0.718750 1.000000
-0.218347 1.087549 6.945305 -0.098017 0.995185 0.000000 0.031250 1.000000
-0.109784 1.098241 6.945305 -0.098017 0.995185 0.000000 0.015625 1.000000
-0.109785 -1.106291 6.756533 -0.098018 -0.995185 0.000000 0.484375 0.500000
-0.109785 -1.106291 6.850919 -0.098018 -0.995185 0.000000 0.484375 0.750000
-0.218349 -1.095599 6.850919 -0.098018 -0.995185 0.000000 0.468750 0.750000
-0.218349 -1.095599 6.756533 -0.098018 -0.995185 0.000000 0.468750 0.500000
1.058686 -0.325544 6.945305 0.956940 -0.290285 0.000000 0.703125 1.000000
1.027019 -0.429936 6.945305 0.956940 -0.290285 0.000000 0.687500 1.000000
-0.427130 1.024215 6.756533 -0.290283 0.956941 0.000000 0.062500 0.500000
-0.427130 1.024215 6.850919 -0.290283 0.956941 0.000000 0.062500 0.750000
-0.322739 1.055882 6.850919 -0.290283 0.956941 0.000000 0.046875 0.750000
-0.322739 1.055882 6.756533 -0.290283 0.956941 0.000000 0.046875 0.500000
-0.322741 -1.063932 6.756533 -0.290285 -0.956940 0.000000 0.453125 0.500000
-0.322741 -1.063932 6.850919 -0.290285 -0.956940 0.000000 0.453125 0.750000
-0.427132 -1.032265 6.850919 -0.290285 -0.956940 0.000000 0.437500 0.750000
-0.427132 -1.032265 6.756533 -0.290285 -0.956940 0.000000 0.437500 0.500000
0.975595 -0.526144 6.945305 0.881921 -0.471397 0.000000 0.671875 1.000000
0.924170 -0.622352 6.945305 0.881921 -0.471397 0.000000 0.656250 1.000000
-0.427130 1.024215 6.945305 -0.290283 0.956941 0.000000 0.062500 1.000000
-0.322739 1.055882 6.945305 -0.290283 0.956941 0.000000 0.046875 1.000000
-0.619548 -0.929416 6.850919 -0.471397 -0.881921 0.000000 0.406250 0.750000
-0.619548 -0.929416 6.756533 -0.471397 -0.881921 0.000000 0.406250 0.500000
0.854965 -0.706679 6.945305 0.773011 -0.634393 0.000000 0.640625 1.000000
0.785760 -0.791006 6.945305 0.773011 -0.634393 0.000000 0.625000 1.000000
-0.619547 0.921367 6.756533 -0.471396 0.881922 0.000000 0.093750 0.500000
-0.619547 0.921367 6.850919 -0.471396 0.881922 0.000000 0.093750 0.750000
-0.523338 0.972791 6.850919 -0.471396 0.881922 0.000000 0.078125 0.750000
-0.523338 0.972791 6.756533 -0.471396 0.881922 0.000000 0.078125 0.500000
-0.703875 -0.860211 6.756533 -0.634393 -0.773010 0.000000 0.390625 0.500000
-0.703875 -0.860211 6.850919 -0.634393 -0.773010 0.000000 0.390625 0.750000
-0.788202 -0.791005 6.850919 -0.634393 -0.773010 0.000000 0.375000 0.750000
-0.788202 -0.791005 6.756533 -0.634393 -0.773010 0.000000 0.375000 0.500000
0.701433 -0.860211 6.850919 0.634394 -0.773010 0.000000 0.609375 0.750000
0.701433 -0.860211 6.945305 0.634394 -0.773010 0.000000 0.609375 1.000000
0.617106 -0.929417 6.945305 0.634394 -0.773010 0.000000 0.593750 1.000000
0.617106 -0.929417 6.850919 0.634394 -0.773010 0.000000 0.593750 0.750000
-0.619547 0.921367 6.945305 -0.471396 0.881922 0.000000 0.093750 1.000000
-0.523338 0.972791 6.945305 -0.471396 0.881922 0.000000 0.078125 1.000000
-0.926613 -0.622351 6.850919 -0.773011 -0.634393 0.000000 0.343750 0.750000
-0.926613 -0.622351 6.756533 -0.773011 -0.634393 0.000000 0.343750 0.500000
0.520898 -0.980841 6.945305 0.471397 -0.881921 0.000000 0.578125 1.000000
0.424690 -1.032265 6.945305 0.471397 -0.881921 0.000000 0.562500 1.000000
-0.788201 0.782957 6.756533 -0.634392 0.773011 0.000000 0.125000 0.500000
-0.788201 0.782957 6.850919 -0.634392 0.773011 0.000000 0.125000 0.750000
-0.703874 0.852162 6.850919 -0.634392 0.773011 0.000000 0.109375 0.750000
-0.703874 0.852162 6.756533 -0.634392 0.773011 0.000000 0.109375 0.500000
-0.978037 -0.526143 6.756533 -0.881922 -0.471396 0.000000 0.328125 0.500000
-0.978037 -0.526143 6.850919 -0.881922 -0.471396 0.000000 0.328125 0.750000
-1.029461 -0.429935 6.850919 -0.881922 -0.471396 0.000000 0.312500 0.750000
-1.029461 -0.429935 6.756533 -0.881922 -0.471396 0.000000 0.312500 0.500000
0.320298 -1.063932 6.945305 0.290284 -0.956940 0.000000 0.546875 1.000000
0.215906 -1.095599 6.945305 0.290284 -0.956940 0.000000 0.531250 1.000000
-0.788201 0.782957 6.945305 -0.634392 0.773011 0.000000 0.125000 1.000000
-0.703874 0.852162 6.945305 -0.634392 0.773011 0.000000 0.109375 1.000000
-1.061128 -0.325543 6.756533 -0.956940 -0.290284 0.000000 0.296875 0.500000
-1.061128 -0.325543 6.850919 -0.956940 -0.290284 0.000000 0.296875 0.750000
-1.092795 -0.221152 6.850919 -0.956940 -0.290284 0.000000 0.281250 0.750000
-1.092795 -0.221152 6.756533 -0.956940 -0.290284 0.000000 0.281250 0.500000
0.107342 -1.106291 6.945305 0.098018 -0.995185 0.000000 0.515625 1.000000
-0.001221 -1.116984 6.945305 0.098018 -0.995185 0.000000 0.500000 1.000000
-0.926613 -0.622351 6.756533 -0.881921 -0.471397 0.000000 0.343750 0.500000
-0.926613 -0.622351 6.850919 -0.881921 -0.471397 0.000000 0.343750 0.750000
-0.978037 -0.526143 6.850919 -0.881921 -0.471397 0.000000 0.328125 0.750000
-0.978037 -0.526143 6.756533 -0.881921 -0.471397 0.000000 0.328125 0.500000
-1.103487 -0.112588 6.756533 -0.995185 -0.098016 0.000000 0.265625 0.500000
-1.103487 -0.112588 6.850919 -0.995185 -0.098016 0.000000 0.265625 0.750000
-1.114180 -0.004024 6.850919 -0.995185 -0.098016 0.000000 0.250000 0.750000
-1.114180 -0.004024 6.756533 -0.995185 -0.098016 0.000000 0.250000 0.500000
-0.109785 -1.106291 6.945305 -0.098018 -0.995185 0.000000 0.484375 1.000000
-0.218349 -1.095599 6.945305 -0.098018 -0.995185 0.000000 0.468750 1.000000
-0.926613 -0.622351 6.945305 -0.881921 -0.471397 0.000000 0.343750 1.000000
-0.978037 -0.526143 6.945305 -0.881921 -0.471397 0.000000 0.328125 1.000000
-1.103487 0.104540 6.756533 -0.995185 0.098018 0.000000 0.234375 0.500000
-1.103487 0.104540 6.850919 -0.995185 0.098018 0.000000 0.234375 0.750000
-1.092795 0.213104 6.850919 -0.995185 0.098018 0.000000 0.218750 0.750000
-1.092795 0.213104 6.756533 -0.995185 0.098018 0.000000 0.218750 0.500000
-0.322741 -1.063932 6.945305 -0.290285 -0.956940 0.000000 0.453125 1.000000
-0.427132 -1.032265 6.945305 -0.290285 -0.956940 0.000000 0.437500 1.000000
-1.029461 -0.429935 6.756533 -0.956941 -0.290283 0.000000 0.312500 0.500000
-1.029461 -0.429935 6.850919 -0.956941 -0.290283 0.000000 0.312500 0.750000
-1.061128 -0.325543 6.850919 -0.956941 -0.290283 0.000000 0.296875 0.750000
-1.061128 -0.325543 6.756533 -0.956941 -0.290283 0.000000 0.296875 0.500000
-1.061127 0.317495 6.756533 -0.956940 0.290286 0.000000 0.203125 0.500000
-1.061127 0.317495 6.850919 -0.956940 0.290286 0.000000 0.203125 0.750000
-1.029460 0.421887 6.850919 -0.956940 0.290286 0.000000 0.187500 0.750000
-1.029460 0.421887 6.756533 -0.956940 0.290286 0.000000 0.187500 0.500000
-0.523340 -0.980841 6.945305 -0.471397 -0.881921 0.000000 0.421875 1.000000
-0.619548 -0.929416 6.945305 -0.471397 -0.881921 0.000000 0.406250 1.000000
-1.029461 -0.429935 6.945305 -0.956941 -0.290283 0.000000 0.312500 1.000000
-1.061128 -0.325543 6.945305 -0.956941 -0.290283 0.000000 0.296875 1.000000
-0.978036 0.518095 6.756533 -0.881921 0.471397 0.000000 0.171875 0.500000
-0.978036 0.518095 6.850919 -0.881921 0.471397 0.000000 0.171875 0.750000
-0.926612 0.614303 6.850919 -0.881921 0.471397 0.000000 0.156250 0.750000
-0.926612 0.614303 6.756533 -0.881921 0.471397 0.000000 0.156250 0.500000
-0.788202 -0.791005 6.945305 -0.634394 -0.773010 0.000000 0.375000 1.000000
-0.788202 -0.791005 6.850919 -0.634394 -0.773010 0.000000 0.375000 0.750000
-1.092795 -0.221152 6.756533 -0.995185 -0.098015 0.000000 0.281250 0.500000
-1.092795 -0.221152 6.850919 -0.995185 -0.098015 0.000000 0.281250 0.750000
-1.103487 -0.112588 6.850919 -0.995185 -0.098015 0.000000 0.265625 0.750000
-1.103487 -0.112588 6.756533 -0.995185 -0.098015 0.000000 0.265625 0.500000
-0.857406 0.698630 6.756533 -0.773009 0.634395 0.000000 0.140625 0.500000
-0.857406 0.698630 6.850919 -0.773009 0.634395 0.000000 0.140625 0.750000
-0.788201 0.782957 6.850919 -0.773009 0.634395 0.000000 0.125000 0.750000
-0.788201 0.782957 6.756533 -0.773009 0.634395 0.000000 0.125000 0.500000
-0.926613 -0.622351 6.945305 -0.773011 -0.634393 0.000000 0.343750 1.000000
-1.092795 -0.221152 6.945305 -0.995185 -0.098015 -0.000000 0.281250 1.000000
-1.103487 -0.112588 6.945305 -0.995185 -0.098015 -0.000000 0.265625 1.000000
-1.092795 0.213104 6.756533 -0.956940 0.290287 0.000000 0.218750 0.500000
-1.092795 0.213104 6.850919 -0.956940 0.290287 0.000000 0.218750 0.750000
-1.061127 0.317495 6.850919 -0.956940 0.290287 0.000000 0.203125 0.750000
-1.061127 0.317495 6.756533 -0.956940 0.290287 0.000000 0.203125 0.500000
-0.978037 -0.526143 6.945305 -0.881922 -0.471396 0.000000 0.328125 1.000000
-1.029461 -0.429935 6.945305 -0.881922 -0.471396 0.000000 0.312500 1.000000
-1.114180 -0.004024 6.756533 -0.995185 0.098017 0.000000 0.250000 0.500000
-1.114180 -0.004024 6.850919 -0.995185 0.098017 0.000000 0.250000 0.750000
-1.103487 0.104540 6.850919 -0.995185 0.098017 0.000000 0.234375 0.750000
-1.103487 0.104540 6.756533 -0.995185 0.098017 0.000000 0.234375 0.500000
-0.619547 0.921367 6.850919 -0.634392 0.773011 0.000000 0.093750 0.750000
-0.619547 0.921367 6.756533 -0.634392 0.773011 0.000000 0.093750 0.500000
-1.061128 -0.325543 6.945305 -0.956940 -0.290284 0.000000 0.296875 1.000000
-1.092795 -0.221152 6.945305 -0.956940 -0.290284 0.000000 0.281250 1.000000
-1.114180 -0.004024 6.945305 -0.995185 0.098017 0.000000 0.250000 1.000000
-1.103487 0.104540 6.945305 -0.995185 0.098017 0.000000 0.234375 1.000000
-1.029460 0.421887 6.756533 -0.881921 0.471397 0.000000 0.187500 0.500000
-1.029460 0.421887 6.850919 -0.881921 0.471397 0.000000 0.187500 0.750000
-1.103487 -0.112588 6.945305 -0.995185 -0.098016 -0.000000 0.265625 1.000000
-1.114180 -0.004024 6.945305 -0.995185 -0.098016 -0.000000 0.250000 1.000000
0.215906 1.087549 6.756533 0.098017 0.995185 0.000000 0.968750 0.500000
-0.427130 1.024215 6.850919 -0.471396 0.881922 0.000000 0.062500 0.750000
-0.427130 1.024215 6.756533 -0.471396 0.881922 0.000000 0.062500 0.500000
-1.103487 0.104540 6.945305 -0.995185 0.098018 0.000000 0.234375 1.000000
-1.092795 0.213104 6.945305 -0.995185 0.098018 0.000000 0.218750 1.000000
0.215906 1.087549 6.756533 0.290285 0.956940 0.000000 0.968750 0.500000
0.424690 1.024215 6.756533 0.290285 0.956940 0.000000 0.937500 0.500000
-0.926612 0.614303 6.756533 -0.773009 0.634395 0.000000 0.156250 0.500000
-0.926612 0.614303 6.850919 -0.773009 0.634395 0.000000 0.156250 0.750000
-1.061127 0.317495 6.945305 -0.956940 0.290286 0.000000 0.203125 1.000000
-1.029460 0.421887 6.945305 -0.956940 0.290286 0.000000 0.187500 1.000000
0.520898 0.972791 6.756533 0.471396 0.881922 0.000000 0.921875 0.500000
0.617106 0.921366 6.756533 0.471396 0.881922 0.000000 0.906250 0.500000
-0.322739 1.055882 6.756533 -0.290282 0.956941 0.000000 0.046875 0.500000
-0.322739 1.055882 6.850919 -0.290282 0.956941 0.000000 0.046875 0.750000
-0.218347 1.087549 6.850919 -0.290282 0.956941 0.000000 0.031250 0.750000
-0.218347 1.087549 6.756533 -0.290282 0.956941 0.000000 0.031250 0.500000
-0.978036 0.518095 6.945305 -0.881921 0.471397 0.000000 0.171875 1.000000
-0.926612 0.614303 6.945305 -0.881921 0.471397 0.000000 0.156250 1.000000
0.701433 0.852161 6.756533 0.634394 0.773010 0.000000 0.890625 0.500000
0.785760 0.782956 6.756533 0.634394 0.773010 0.000000 0.875000 0.500000
-0.001221 1.108934 6.850919 -0.098017 0.995185 0.000000 0.000000 0.750000
-0.001221 1.108934 6.756533 -0.098017 0.995185 0.000000 0.000000 0.500000
-0.857406 0.698630 6.945305 -0.773009 0.634395 0.000000 0.140625 1.000000
-0.788201 0.782957 6.945305 -0.773009 0.634395 0.000000 0.125000 1.000000
0.854965 0.698629 6.756533 0.773011 0.634393 0.000000 0.859375 0.500000
0.924170 0.614302 6.756533 0.773011 0.634393 0.000000 0.843750 0.500000
-1.092795 0.213104 6.945305 -0.956940 0.290287 0.000000 0.218750 1.000000
-1.061127 0.317495 6.945305 -0.956940 0.290287 0.000000 0.203125 1.000000
-0.619547 0.921367 6.945305 -0.634392 0.773011 0.000000 0.093750 1.000000
0.975595 0.518094 6.756533 0.881921 0.471397 0.000000 0.828125 0.500000
1.027019 0.421886 6.756533 0.881921 0.471397 0.000000 0.812500 0.500000
-1.029460 0.421887 6.945305 -0.881921 0.471397 0.000000 0.187500 1.000000
-0.427130 1.024215 6.945305 -0.471396 0.881922 0.000000 0.062500 1.000000
0.215906 1.087549 6.945305 0.000001 0.000000 1.000000 0.296822 0.485388
0.107343 1.098241 6.945305 0.000001 0.000000 1.000000 0.273411 0.487694
-0.001221 1.108934 6.945305 0.000001 0.000000 1.000000 0.250000 0.490000
-0.109784 1.098241 6.945305 0.000001 0.000000 1.000000 0.226589 0.487694
-0.218347 1.087549 6.945305 0.000001 0.000000 1.000000 0.203179 0.485389
-0.322739 1.055882 6.945305 0.000001 0.000000 1.000000 0.180667 0.478560
-0.427130 1.024215 6.945305 0.000001 0.000000 1.000000 0.158156 0.471731
-0.523338 0.972791 6.945305 0.000001 0.000000 1.000000 0.137410 0.460642
-0.619547 0.921367 6.945305 0.000001 0.000000 1.000000 0.116663 0.449553
-0.703874 0.852162 6.945305 0.000001 0.000000 1.000000 0.098479 0.434629
-0.788201 0.782957 6.945305 0.000001 0.000000 1.000000 0.080295 0.419706
-0.857406 0.698630 6.945305 0.000001 0.000000 1.000000 0.065371 0.401521
-0.926612 0.614303 6.945305 0.000001 0.000000 1.000000 0.050447 0.383337
-0.978036 0.518095 6.945305 0.000001 0.000000 1.000000 0.039358 0.362591
-1.029460 0.421887 6.945305 0.000001 0.000000 1.000000 0.028269 0.341844
-1.061127 0.317495 6.945305 0.000001 0.000000 1.000000 0.021440 0.319333
-1.092795 0.213104 6.945305 0.000001 0.000000 1.000000 0.014612 0.296822
-1.103487 0.104540 6.945305 0.000001 0.000000 1.000000 0.012306 0.273411
-1.114180 -0.004024 6.945305 0.000001 0.000000 1.000000 0.010000 0.250000
-1.103487 -0.112588 6.945305 0.000001 0.000000 1.000000 0.012306 0.226589
-1.092795 -0.221152 6.945305 0.000001 0.000000 1.000000 0.014611 0.203179
-1.061128 -0.325543 6.945305 0.000001 0.000000 1.000000 0.021440 0.180667
-1.029461 -0.429935 6.945305 0.000001 0.000000 1.000000 0.028269 0.158156
-0.978037 -0.526143 6.945305 0.000001 0.000000 1.000000 0.039358 0.137410
-0.926613 -0.622351 6.945305 0.000001 0.000000 1.000000 0.050447 0.116663
-0.857408 -0.706678 6.945305 0.000001 0.000000 1.000000 0.065371 0.098479
-0.788202 -0.791005 6.945305 0.000001 0.000000 1.000000 0.080294 0.080294
-0.703875 -0.860211 6.945305 0.000001 0.000000 1.000000 0.098479 0.065371
-0.619548 -0.929416 6.945305 0.000001 0.000000 1.000000 0.116663 0.050447
-0.523340 -0.980841 6.945305 0.000001 0.000000 1.000000 0.137409 0.039358
-0.427132 -1.032265 6.945305 0.000001 0.000000 1.000000 0.158156 0.028269
-0.322741 -1.063932 6.945305 0.000001 0.000000 1.000000 0.180667 0.021440
-0.218349 -1.095599 6.945305 0.000001 0.000000 1.000000 0.203178 0.014612
-0.109785 -1.106291 6.945305 0.000001 0.000000 1.000000 0.226589 0.012306
-0.001221 -1.116984 6.945305 0.000001 0.000000 1.000000 0.250000 0.010000
0.107342 -1.106291 6.945305 0.000001 0.000000 1.000000 0.273411 0.012306
0.215906 -1.095599 6.945305 0.000001 0.000000 1.000000 0.296822 0.014612
0.320298 -1.063932 6.945305 0.000001 0.000000 1.000000 0.319333 0.021440
0.424690 -1.032265 6.945305 0.000001 0.000000 1.000000 0.341844 0.028269
0.520898 -0.980841 6.945305 0.000001 0.000000 1.000000 0.362590 0.039358
0.617106 -0.929417 6.945305 0.000001 0.000000 1.000000 0.383337 0.050447
0.701433 -0.860211 6.945305 0.000001 0.000000 1.000000 0.401521 0.065371
0.785760 -0.791006 6.945305 0.000001 0.000000 1.000000 0.419706 0.080294
0.854965 -0.706679 6.945305 0.000001 0.000000 1.000000 0.434629 0.098479
0.924170 -0.622352 6.945305 0.000001 0.000000 1.000000 0.449553 0.116663
0.975595 -0.526144 6.945305 0.000001 0.000000 1.000000 0.460642 0.137410
1.027019 -0.429936 6.945305 0.000001 0.000000 1.000000 0.471731 0.158156
1.058686 -0.325544 6.945305 0.000001 0.000000 1.000000 0.478560 0.180667
1.090353 -0.221153 6.945305 0.000001 0.000000 1.000000 0.485388 0.203178
1.101045 -0.112589 6.945305 0.000001 0.000000 1.000000 0.487694 0.226589
1.111738 -0.004025 6.945305 0.000001 0.000000 1.000000 0.490000 0.250000
1.101045 0.104539 6.945305 0.000001 0.000000 1.000000 0.487694 0.273411
1.090353 0.213102 6.945305 0.000001 0.000000 1.000000 0.485388 0.296822
1.058686 0.317494 6.945305 0.000001 0.000000 1.000000 0.478560 0.319333
1.027019 0.421886 6.945305 0.000001 0.000000 1.000000 0.471731 0.341844
0.975595 0.518094 6.945305 0.000001 0.000000 1.000000 0.460642 0.362590
0.924170 0.614302 6.945305 0.000001 0.000000 1.000000 0.449553 0.383337
0.854965 0.698629 6.945305 0.000001 0.000000 1.000000 0.434629 0.401521
0.785760 0.782956 6.945305 0.000001 0.000000 1.000000 0.419706 0.419706
0.701433 0.852161 6.945305 0.000001 0.000000 1.000000 0.401521 0.434629
0.617106 0.921366 6.945305 0.000001 0.000000 1.000000 0.383337 0.449553
0.520898 0.972791 6.945305 0.000001 0.000000 1.000000 0.362590 0.460642
0.424690 1.024215 6.945305 0.000001 0.000000 1.000000 0.341844 0.471731
-0.926612 0.614303 6.945305 -0.773009 0.634395 0.000000 0.156250 1.000000
-0.322739 1.055882 6.945305 -0.290282 0.956941 0.000000 0.046875 1.000000
-0.218347 1.087549 6.945305 -0.290282 0.956941 0.000000 0.031250 1.000000
-0.427132 -1.032265 6.945305 -0.471397 -0.881921 0.000000 0.437500 1.000000
1.058686 0.317494 6.756533 0.956940 0.290285 0.000000 0.796875 0.500000
1.090353 0.213102 6.756533 0.956940 0.290285 0.000000 0.781250 0.500000
-0.001221 1.108934 6.945305 -0.098017 0.995185 0.000000 0.000000 1.000000
-0.001221 1.108934 6.756533 0.000000 0.000000 -1.000000 0.750000 0.490000
0.107343 1.098241 6.756533 0.000000 0.000000 -1.000000 0.773411 0.487694
0.215906 1.087549 6.756533 0.000000 0.000000 -1.000000 0.796822 0.485388
0.424690 1.024215 6.756533 0.000000 0.000000 -1.000000 0.841844 0.471731
0.520898 0.972791 6.756533 0.000000 0.000000 -1.000000 0.862590 0.460642
0.617106 0.921366 6.756533 0.000000 0.000000 -1.000000 0.883337 0.449553
0.701433 0.852161 6.756533 0.000000 0.000000 -1.000000 0.901521 0.434629
0.785760 0.782956 6.756533 0.000000 0.000000 -1.000000 0.919706 0.419706
0.854965 0.698629 6.756533 0.000000 0.000000 -1.000000 0.934629 0.401521
0.924170 0.614302 6.756533 0.000000 0.000000 -1.000000 0.949553 0.383337
0.975595 0.518094 6.756533 0.000000 0.000000 -1.000000 0.960642 0.362590
1.027019 0.421886 6.756533 0.000000 0.000000 -1.000000 0.971731 0.341844
1.058686 0.317494 6.756533 0.000000 0.000000 -1.000000 0.978560 0.319333
1.090353 0.213102 6.756533 0.000000 0.000000 -1.000000 0.985388 0.296822
1.101045 0.104539 6.756533 0.000000 0.000000 -1.000000 0.987694 0.273411
1.111738 -0.004025 6.756533 0.000000 0.000000 -1.000000 0.990000 0.250000
1.101045 -0.112589 6.756533 0.000000 0.000000 -1.000000 0.987694 0.226589
1.090353 -0.221153 6.756533 0.000000 0.000000 -1.000000 0.985388 0.203178
1.058686 -0.325544 6.756533 0.000000 0.000000 -1.000000 0.978560 0.180667
1.027019 -0.429936 6.756533 0.000000 0.000000 -1.000000 0.971731 0.158156
0.975595 -0.526144 6.756533 0.000000 0.000000 -1.000000 0.960642 0.137410
0.924170 -0.622352 6.756533 0.000000 0.000000 -1.000000 0.949553 0.116663
0.854965 -0.706679 6.756533 0.000000 0.000000 -1.000000 0.934629 0.098479
0.785760 -0.791006 6.756533 0.000000 0.000000 -1.000000 0.919706 0.080294
0.701433 -0.860211 6.756533 0.000000 0.000000 -1.000000 0.901521 0.065371
0.617106 -0.929417 6.756533 0.000000 0.000000 -1.000000 0.883337 0.050447
0.520898 -0.980841 6.756533 0.000000 0.000000 -1.000000 0.862590 0.039358
0.424690 -1.032265 6.756533 0.000000 0.000000 -1.000000 0.841844 0.028269
0.320298 -1.063932 6.756533 0.000000 0.000000 -1.000000 0.819333 0.021440
0.215906 -1.095599 6.756533 0.000000 0.000000 -1.000000 0.796822 0.014612
0.107342 -1.106291 6.756533 0.000000 0.000000 -1.000000 0.773411 0.012306
-0.001221 -1.116984 6.756533 0.000000 0.000000 -1.000000 0.750000 0.010000
-0.109785 -1.106291 6.756533 0.000000 0.000000 -1.000000 0.726589 0.012306
-0.218349 -1.095599 6.756533 0.000000 0.000000 -1.000000 0.703178 0.014612
-0.322741 -1.063932 6.756533 0.000000 0.000000 -1.000000 0.680667 0.021440
-0.427132 -1.032265 6.756533 0.000000 0.000000 -1.000000 0.658156 0.028269
-0.523340 -0.980841 6.756533 0.000000 0.000000 -1.000000 0.637409 0.039358
-0.619548 -0.929416 6.756533 0.000000 0.000000 -1.000000 0.616663 0.050447
-0.703875 -0.860211 6.756533 0.000000 0.000000 -1.000000 0.598479 0.065371
-0.788202 -0.791005 6.756533 0.000000 0.000000 -1.000000 0.580294 0.080294
-0.857408 -0.706678 6.756533 0.000000 0.000000 -1.000000 0.565371 0.098479
-0.926613 -0.622351 6.756533 0.000000 0.000000 -1.000000 0.550447 0.116663
-0.978037 -0.526143 6.756533 0.000000 0.000000 -1.000000 0.539358 0.137410
-1.029461 -0.429935 6.756533 0.000000 0.000000 -1.000000 0.528269 0.158156
-1.061128 -0.325543 6.756533 0.000000 0.000000 -1.000000 0.521440 0.180667
-1.092795 -0.221152 6.756533 0.000000 0.000000 -1.000000 0.514611 0.203179
-1.103487 -0.112588 6.756533 0.000000 0.000000 -1.000000 0.512306 0.226589
-1.114180 -0.004024 6.756533 0.000000 0.000000 -1.000000 0.510000 0.250000
-1.103487 0.104540 6.756533 0.000000 0.000000 -1.000000 0.512306 0.273411
-1.092795 0.213104 6.756533 0.000000 0.000000 -1.000000 0.514612 0.296822
-1.061127 0.317495 6.756533 0.000000 0.000000 -1.000000 0.521440 0.319333
-1.029460 0.421887 6.756533 0.000000 0.000000 -1.000000 0.528269 0.341844
-0.978036 0.518095 6.756533 0.000000 0.000000 -1.000000 0.539358 0.362591
-0.926612 0.614303 6.756533 0.000000 0.000000 -1.000000 0.550447 0.383337
-0.857406 0.698630 6.756533 0.000000 0.000000 -1.000000 0.565371 0.401521
-0.788201 0.782957 6.756533 0.000000 0.000000 -1.000000 0.580295 0.419706
-0.703874 0.852162 6.756533 0.000000 0.000000 -1.000000 0.598479 0.434629
-0.619547 0.921367 6.756533 0.000000 0.000000 -1.000000 0.616663 0.449553
-0.523338 0.972791 6.756533 0.000000 0.000000 -1.000000 0.637410 0.460642
-0.427130 1.024215 6.756533 0.000000 0.000000 -1.000000 0.658156 0.471731
-0.322739 1.055882 6.756533 0.000000 0.000000 -1.000000 0.680668 0.478560
-0.218347 1.087549 6.756533 0.000000 0.000000 -1.000000 0.703179 0.485389
-0.109784 1.098241 6.756533 0.000000 0.000000 -1.000000 0.726589 0.487694
-0.218349 -1.095599 6.756533 -0.290286 -0.956940 0.000000 0.468750 0.500000
-0.322741 -1.063932 6.756533 -0.290286 -0.956940 0.000000 0.453125 0.500000
-0.001221 -1.116984 6.850919 -0.098018 -0.995185 0.000000 0.500000 0.750000
-0.001221 -1.116984 6.945305 -0.098018 -0.995185 0.000000 0.500000 1.000000
-0.001221 -1.116984 6.756533 -0.098018 -0.995185 0.000000 0.500000 0.500000
0.215906 -1.095599 6.850919 0.098017 -0.995185 0.000000 0.531250 0.750000
0.215906 -1.095599 6.945305 0.098017 -0.995185 0.000000 0.531250 1.000000
0.107342 -1.106291 6.945305 0.098017 -0.995185 0.000000 0.515625 1.000000
0.107342 -1.106291 6.850919 0.098017 -0.995185 0.000000 0.515625 0.750000
0.215906 -1.095599 6.756533 0.098017 -0.995185 0.000000 0.531250 0.500000
0.107342 -1.106291 6.756533 0.098017 -0.995185 0.000000 0.515625 0.500000
0.424690 -1.032265 6.850919 0.290283 -0.956941 0.000000 0.562500 0.750000
0.424690 -1.032265 6.945305 0.290283 -0.956941 0.000000 0.562500 1.000000
0.320298 -1.063932 6.945305 0.290283 -0.956941 0.000000 0.546875 1.000000
0.320298 -1.063932 6.850919 0.290283 -0.956941 0.000000 0.546875 0.750000
0.424690 -1.032265 6.756533 0.290283 -0.956941 0.000000 0.562500 0.500000
0.320298 -1.063932 6.756533 0.290283 -0.956941 0.000000 0.546875 0.500000
0.617106 -0.929417 6.850919 0.471397 -0.881921 0.000000 0.593750 0.750000
0.617106 -0.929417 6.945305 0.471397 -0.881921 0.000000 0.593750 1.000000
0.617106 -0.929417 6.756533 0.471397 -0.881921 0.000000 0.593750 0.500000
0.785760 -0.791006 6.850919 0.634393 -0.773010 0.000000 0.625000 0.750000
0.785760 -0.791006 6.945305 0.634393 -0.773010 0.000000 0.625000 1.000000
0.701433 -0.860211 6.945305 0.634393 -0.773010 0.000000 0.609375 1.000000
0.785760 -0.791006 6.756533 0.634393 -0.773011 0.000000 0.625000 0.500000
0.785760 -0.791006 6.850919 0.634393 -0.773011 0.000000 0.625000 0.750000
0.701433 -0.860211 6.850919 0.634393 -0.773011 0.000000 0.609375 0.750000
0.701433 -0.860211 6.756533 0.634393 -0.773011 0.000000 0.609375 0.500000
0.924170 -0.622352 6.850919 0.773010 -0.634393 0.000000 0.656250 0.750000
0.924170 -0.622352 6.945305 0.773010 -0.634393 0.000000 0.656250 1.000000
0.854965 -0.706679 6.945305 0.773010 -0.634393 0.000000 0.640625 1.000000
0.854965 -0.706679 6.850919 0.773010 -0.634393 0.000000 0.640625 0.750000
0.924170 -0.622352 6.756533 0.773011 -0.634393 0.000000 0.656250 0.500000
0.924170 -0.622352 6.850919 0.773011 -0.634393 0.000000 0.656250 0.750000
1.027019 -0.429936 6.850919 0.881921 -0.471397 0.000000 0.687500 0.750000
1.027019 -0.429936 6.945305 0.881921 -0.471397 0.000000 0.687500 1.000000
1.027019 -0.429936 6.756533 0.881921 -0.471397 0.000000 0.687500 0.500000
1.090353 -0.221153 6.850919 0.956941 -0.290284 0.000000 0.718750 0.750000
1.090353 -0.221153 6.945305 0.956941 -0.290284 0.000000 0.718750 1.000000
1.058686 -0.325544 6.945305 0.956941 -0.290284 0.000000 0.703125 1.000000
1.058686 -0.325544 6.850919 0.956941 -0.290284 0.000000 0.703125 0.750000
1.090353 -0.221153 6.756533 0.956941 -0.290284 0.000000 0.718750 0.500000
1.058686 -0.325544 6.756533 0.956941 -0.290284 0.000000 0.703125 0.500000
1.111738 -0.004025 6.850919 0.995185 -0.098017 -0.000000 0.750000 0.750000
1.111738 -0.004025 6.945305 0.995185 -0.098017 -0.000000 0.750000 1.000000
1.111738 -0.004025 6.756533 0.995185 -0.098017 0.000000 0.750000 0.500000
1.090353 0.213102 6.850919 0.995185 0.098018 -0.000000 0.781250 0.750000
1.090353 0.213102 6.945305 0.995185 0.098018 -0.000000 0.781250 1.000000
1.101045 0.104539 6.945305 0.995185 0.098018 -0.000000 0.765625 1.000000
1.101045 0.104539 6.850919 0.995185 0.098018 -0.000000 0.765625 0.750000
1.090353 0.213102 6.756533 0.995185 0.098018 0.000000 0.781250 0.500000
1.101045 0.104539 6.756533 0.995185 0.098018 0.000000 0.765625 0.500000
1.027019 0.421886 6.756533 0.956941 0.290284 0.000000 0.812500 0.500000
1.027019 0.421886 6.850919 0.956941 0.290284 0.000000 0.812500 0.750000
1.058686 0.317494 6.850919 0.956941 0.290284 0.000000 0.796875 0.750000
1.058686 0.317494 6.756533 0.956941 0.290284 0.000000 0.796875 0.500000
1.027019 0.421886 6.945305 0.956941 0.290284 0.000000 0.812500 1.000000
1.058686 0.317494 6.945305 0.956941 0.290284 0.000000 0.796875 1.000000
0.924170 0.614302 6.756533 0.881922 0.471396 0.000000 0.843750 0.500000
0.924170 0.614302 6.850919 0.881922 0.471396 0.000000 0.843750 0.750000
0.975595 0.518094 6.850919 0.881922 0.471396 0.000000 0.828125 0.750000
0.975595 0.518094 6.756533 0.881922 0.471396 0.000000 0.828125 0.500000
0.924170 0.614302 6.850919 0.881921 0.471396 0.000000 0.843750 0.750000
0.924170 0.614302 6.945305 0.881921 0.471396 0.000000 0.843750 1.000000
0.975595 0.518094 6.945305 0.881921 0.471396 0.000000 0.828125 1.000000
0.975595 0.518094 6.850919 0.881921 0.471396 0.000000 0.828125 0.750000
0.785760 0.782956 6.756533 0.773011 0.634393 0.000000 0.875000 0.500000
0.785760 0.782956 6.850919 0.773011 0.634393 0.000000 0.875000 0.750000
0.785760 0.782956 6.850919 0.773010 0.634393 0.000000 0.875000 0.750000
0.785760 0.782956 6.945305 0.773010 0.634393 0.000000 0.875000 1.000000
0.854965 0.698629 6.945305 0.773010 0.634393 0.000000 0.859375 1.000000
0.854965 0.698629 6.850919 0.773010 0.634393 0.000000 0.859375 0.750000
0.617106 0.921366 6.756533 0.634393 0.773011 0.000000 0.906250 0.500000
0.617106 0.921366 6.850919 0.634393 0.773011 0.000000 0.906250 0.750000
0.701433 0.852161 6.850919 0.634393 0.773011 0.000000 0.890625 0.750000
0.701433 0.852161 6.756533 0.634393 0.773011 0.000000 0.890625 0.500000
0.617106 0.921366 6.850919 0.634393 0.773010 0.000000 0.906250 0.750000
0.617106 0.921366 6.945305 0.634393 0.773010 0.000000 0.906250 1.000000
0.701433 0.852161 6.945305 0.634393 0.773010 0.000000 0.890625 1.000000
0.701433 0.852161 6.850919 0.634393 0.773010 0.000000 0.890625 0.750000
0.424690 1.024215 6.756533 0.471397 0.881921 0.000000 0.937500 0.500000
0.424690 1.024215 6.850919 0.471397 0.881921 0.000000 0.937500 0.750000
0.520898 0.972791 6.850919 0.471397 0.881921 0.000000 0.921875 0.750000
0.520898 0.972791 6.756533 0.471397 0.881921 0.000000 0.921875 0.500000
0.424690 1.024215 6.945305 0.471397 0.881921 0.000000 0.937500 1.000000
0.520898 0.972791 6.945305 0.471397 0.881921 0.000000 0.921875 1.000000
1.192892 0.000000 7.062801 0.872818 0.057207 0.484682 0.500000 0.500000
1.182687 0.155704 7.062801 0.872818 0.057207 0.484682 0.520833 0.500000
1.150997 0.151532 7.120361 0.872818 0.057207 0.484682 0.520833 0.583333
1.160928 0.000000 7.120361 0.872818 0.057207 0.484682 0.500000 0.583333
1.160928 0.000000 7.120361 0.434409 0.028473 0.900266 0.500000 0.583333
1.150997 0.151532 7.120361 0.434409 0.028473 0.900266 0.520833 0.583333
1.064418 0.140133 7.162498 0.434409 0.028473 0.900266 0.520833 0.666667
1.073603 0.000000 7.162498 0.434409 0.028473 0.900266 0.500000 0.666667
1.073603 0.000000 7.162498 0.128218 0.008404 0.991710 0.500000 0.666667
1.064418 0.140133 7.162498 0.128218 0.008404 0.991710 0.520833 0.666667
0.946149 0.124563 7.177921 0.128218 0.008404 0.991710 0.520833 0.750000
0.954314 0.000000 7.177921 0.128218 0.008404 0.991710 0.500000 0.750000
0.954314 0.000000 7.177921 -0.128218 -0.008404 0.991710 0.500000 0.750000
0.946149 0.124563 7.177921 -0.128218 -0.008404 0.991710 0.520833 0.750000
0.827881 0.108993 7.162498 -0.128218 -0.008404 0.991710 0.520833 0.833333
0.835024 0.000000 7.162498 -0.128218 -0.008404 0.991710 0.500000 0.833333
0.835024 0.000000 7.162498 -0.434409 -0.028473 0.900266 0.500000 0.833333
0.827881 0.108993 7.162498 -0.434409 -0.028473 0.900266 0.520833 0.833333
0.741302 0.097594 7.120361 -0.434409 -0.028473 0.900266 0.520833 0.916667
0.747699 0.000000 7.120361 -0.434409 -0.028473 0.900266 0.500000 0.916667
0.747699 0.000000 7.120361 -0.872818 -0.057207 0.484681 0.500000 0.916667
0.741302 0.097594 7.120361 -0.872818 -0.057207 0.484681 0.520833 0.916667
0.709612 0.093422 7.062801 -0.872818 -0.057207 0.484681 0.520833 1.000000
0.715735 0.000000 7.062801 -0.872818 -0.057207 0.484681 0.500000 1.000000
0.715735 0.000000 7.062801 -0.872820 -0.057207 -0.484678 0.500000 0.000000
0.709612 0.093422 7.062801 -0.872820 -0.057207 -0.484678 0.520833 0.000000
0.741302 0.097594 7.005240 -0.872820 -0.057207 -0.484678 0.520833 0.083333
0.747699 0.000000 7.005240 -0.872820 -0.057207 -0.484678 0.500000 0.083333
0.747699 0.000000 7.005240 -0.434401 -0.028472 -0.900270 0.500000 0.083333
0.741302 0.097594 7.005240 -0.434401 -0.028472 -0.900270 0.520833 0.083333
0.827881 0.108993 6.963104 -0.434401 -0.028472 -0.900270 0.520833 0.166667
0.835024 0.000000 6.963104 -0.434401 -0.028472 -0.900270 0.500000 0.166667
0.835024 0.000000 6.963104 -0.128225 -0.008404 -0.991710 0.500000 0.166667
0.827881 0.108993 6.963104 -0.128225 -0.008404 -0.991710 0.520833 0.166667
0.946149 0.124563 6.947680 -0.128225 -0.008404 -0.991710 0.520833 0.250000
0.954314 0.000000 6.947680 -0.128225 -0.008404 -0.991710 0.500000 0.250000
0.954314 0.000000 6.947680 0.128225 0.008404 -0.991709 0.500000 0.250000
0.946149 0.124563 6.947680 0.128225 0.008404 -0.991709 0.520833 0.250000
1.064418 0.140133 6.963104 0.128225 0.008404 -0.991709 0.520833 0.333333
1.073603 0.000000 6.963104 0.128225 0.008404 -0.991709 0.500000 0.333333
1.073603 0.000000 6.963104 0.434401 0.028472 -0.900270 0.500000 0.333333
1.064418 0.140133 6.963104 0.434401 0.028472 -0.900270 0.520833 0.333333
1.150997 0.151532 7.005240 0.434401 0.028472 -0.900270 0.520833 0.416667
1.160928 0.000000 7.005240 0.434401 0.028472 -0.900270 0.500000 0.416667
1.160928 0.000000 7.005240 0.872819 0.057207 -0.484679 0.500000 0.416667
1.150997 0.151532 7.005240 0.872819 0.057207 -0.484679 0.520833 0.416667
1.182687 0.155704 7.062801 0.872819 0.057207 -0.484679 0.520833 0.500000
1.192892 0.000000 7.062801 0.872819 0.057207 -0.484679 0.500000 0.500000
1.182687 0.155704 7.062801 0.857883 0.170644 0.484682 0.520833 0.500000
1.152245 0.308743 7.062801 0.857883 0.170644 0.484682 0.541667 0.500000
1.121371 0.300470 7.120361 0.857883 0.170644 0.484682 0.541667 0.583333
1.150997 0.151532 7.120361 0.857883 0.170644 0.484682 0.520833 0.583333
1.150997 0.151532 7.120361 0.426976 0.084931 0.900266 0.520833 0.583333
1.121371 0.300470 7.120361 0.426976 0.084931 0.900266 0.541667 0.583333
1.037021 0.277869 7.162498 0.426976 0.084931 0.900266 0.541667 0.666667
1.064418 0.140133 7.162498 0.426976 0.084931 0.900266 0.520833 0.666667
1.064418 0.140133 7.162498 0.126024 0.025068 0.991710 0.520833 0.666667
1.037021 0.277869 7.162498 0.126024 0.025068 0.991710 0.541667 0.666667
0.921796 0.246994 7.177921 0.126024 0.025068 0.991710 0.541667 0.750000
0.946149 0.124563 7.177921 0.126024 0.025068 0.991710 0.520833 0.750000
0.946149 0.124563 7.177921 -0.126024 -0.025068 0.991710 0.520833 0.750000
0.921796 0.246994 7.177921 -0.126024 -0.025068 0.991710 0.541667 0.750000
0.806572 0.216120 7.162498 -0.126024 -0.025068 0.991710 0.541667 0.833333
0.827881 0.108993 7.162498 -0.126024 -0.025068 0.991710 0.520833 0.833333
0.827881 0.108993 7.162498 -0.426976 -0.084931 0.900266 0.520833 0.833333
0.806572 0.216120 7.162498 -0.426976 -0.084931 0.900266 0.541667 0.833333
0.722221 0.193519 7.120361 -0.426976 -0.084931 0.900266 0.541667 0.916667
0.741302 0.097594 7.120361 -0.426976 -0.084931 0.900266 0.520833 0.916667
0.741302 0.097594 7.120361 -0.857884 -0.170644 0.484681 0.520833 0.916667
0.722221 0.193519 7.120361 -0.857884 -0.170644 0.484681 0.541667 0.916667
0.691347 0.185246 7.062801 -0.857884 -0.170644 0.484681 0.541667 1.000000
0.709612 0.093422 7.062801 -0.857884 -0.170644 0.484681 0.520833 1.000000
0.709612 0.093422 7.062801 -0.857886 -0.170644 -0.484678 0.520833 0.000000
0.691347 0.185246 7.062801 -0.857886 -0.170644 -0.484678 0.541667 0.000000
0.722221 0.193519 7.005240 -0.857886 -0.170644 -0.484678 0.541667 0.083333
0.741302 0.097594 7.005240 -0.857886 -0.170644 -0.484678 0.520833 0.083333
0.741302 0.097594 7.005240 -0.426968 -0.084929 -0.900270 0.520833 0.083333
0.722221 0.193519 7.005240 -0.426968 -0.084929 -0.900270 0.541667 0.083333
0.806572 0.216120 6.963104 -0.426968 -0.084929 -0.900270 0.541667 0.166667
0.827881 0.108993 6.963104 -0.426968 -0.084929 -0.900270 0.520833 0.166667
0.827881 0.108993 6.963104 -0.126031 -0.025069 -0.991709 0.520833 0.166667
0.806572 0.216120 6.963104 -0.126031 -0.025069 -0.991709 0.541667 0.166667
0.921796 0.246994 6.947680 -0.126031 -0.025069 -0.991709 0.541667 0.250000
0.946149 0.124563 6.947680 -0.126031 -0.025069 -0.991709 0.520833 0.250000
0.946149 0.124563 6.947680 0.126031 0.025069 -0.991709 0.520833 0.250000
0.921796 0.246994 6.947680 0.126031 0.025069 -0.991709 0.541667 0.250000
1.037021 0.277869 6.963104 0.126031 0.025069 -0.991709 0.541667 0.333333
1.064418 0.140133 6.963104 0.126031 0.025069 -0.991709 0.520833 0.333333
1.064418 0.140133 6.963104 0.426968 0.084929 -0.900270 0.520833 0.333333
1.037021 0.277869 6.963104 0.426968 0.084929 -0.900270 0.541667 0.333333
1.121371 0.300470 7.005240 0.426968 0.084929 -0.900270 0.541667 0.416667
1.150997 0.151532 7.005240 0.426968 0.084929 -0.900270 0.520833 0.416667
1.150997 0.151532 7.005240 0.857885 0.170645 -0.484679 0.520833 0.416667
1.121371 0.300470 7.005240 0.857885 0.170645 -0.484679 0.541667 0.416667
1.152245 0.308743 7.062801 0.857885 0.170645 -0.484679 0.541667 0.500000
1.182687 0.155704 7.062801 0.857885 0.170645 -0.484679 0.520833 0.500000
1.152245 0.308743 7.062801 0.828271 0.281160 0.484681 0.541667 0.500000
1.102088 0.456500 7.062801 0.828271 0.281160 0.484681 0.562500 0.500000
1.072558 0.444268 7.120361 0.828271 0.281160 0.484681 0.562500 0.583333
1.121371 0.300470 7.120361 0.828271 0.281160 0.484681 0.541667 0.583333
1.121371 0.300470 7.120361 0.412237 0.139936 0.900266 0.541667 0.583333
1.072558 0.444268 7.120361 0.412237 0.139936 0.900266 0.562500 0.583333
0.991880 0.410850 7.162498 0.412237 0.139936 0.900266 0.562500 0.666667
1.037021 0.277869 7.162498 0.412237 0.139936 0.900266 0.541667 0.666667
1.037021 0.277869 7.162498 0.121674 0.041303 0.991710 0.541667 0.666667
0.991880 0.410850 7.162498 0.121674 0.041303 0.991710 0.562500 0.666667
0.881671 0.365200 7.177921 0.121674 0.041303 0.991710 0.562500 0.750000
0.921796 0.246994 7.177921 0.121674 0.041303 0.991710 0.541667 0.750000
0.921796 0.246994 7.177921 -0.121674 -0.041303 0.991710 0.541667 0.750000
0.881671 0.365200 7.177921 -0.121674 -0.041303 0.991710 0.562500 0.750000
0.771462 0.319550 7.162498 -0.121674 -0.041303 0.991710 0.562500 0.833333
0.806572 0.216120 7.162498 -0.121674 -0.041303 0.991710 0.541667 0.833333
0.806572 0.216120 7.162498 -0.412237 -0.139935 0.900266 0.541667 0.833333
0.771462 0.319550 7.162498 -0.412237 -0.139935 0.900266 0.562500 0.833333
0.690784 0.286132 7.120361 -0.412237 -0.139935 0.900266 0.562500 0.916667
0.722221 0.193519 7.120361 -0.412237 -0.139935 0.900266 0.541667 0.916667
0.722221 0.193519 7.120361 -0.828271 -0.281160 0.484682 0.541667 0.916667
0.690784 0.286132 7.120361 -0.828271 -0.281160 0.484682 0.562500 0.916667
0.661253 0.273900 7.062801 -0.828271 -0.281160 0.484682 0.562500 1.000000
0.691347 0.185246 7.062801 -0.828271 -0.281160 0.484682 0.541667 1.000000
0.691347 0.185246 7.062801 -0.828273 -0.281160 -0.484678 0.541667 0.000000
0.661253 0.273900 7.062801 -0.828273 -0.281160 -0.484678 0.562500 0.000000
0.690784 0.286132 7.005240 -0.828273 -0.281160 -0.484678 0.562500 0.083333
0.722221 0.193519 7.005240 -0.828273 -0.281160 -0.484678 0.541667 0.083333
0.722221 0.193519 7.005240 -0.412230 -0.139933 -0.900270 0.541667 0.083333
0.690784 0.286132 7.005240 -0.412230 -0.139933 -0.900270 0.562500 0.083333
0.771462 0.319550 6.963104 -0.412230 -0.139933 -0.900270 0.562500 0.166667
0.806572 0.216120 6.963104 -0.412230 -0.139933 -0.900270 0.541667 0.166667
0.806572 0.216120 6.963104 -0.121681 -0.041305 -0.991709 0.541667 0.166667
0.771462 0.319550 6.963104 -0.121681 -0.041305 -0.991709 0.562500 0.166667
0.881671 0.365200 6.947680 -0.121681 -0.041305 -0.991709 0.562500 0.250000
0.921796 0.246994 6.947680 -0.121681 -0.041305 -0.991709 0.541667 0.250000
0.921796 0.246994 6.947680 0.121681 0.041305 -0.991709 0.541667 0.250000
0.881671 0.365200 6.947680 0.121681 0.041305 -0.991709 0.562500 0.250000
0.991880 0.410850 6.963104 0.121681 0.041305 -0.991709 0.562500 0.333333
1.037021 0.277869 6.963104 0.121681 0.041305 -0.991709 0.541667 0.333333
1.037021 0.277869 6.963104 0.412230 0.139933 -0.900270 0.541667 0.333333
0.991880 0.410850 6.963104 0.412230 0.139933 -0.900270 0.562500 0.333333
1.072558 0.444268 7.005240 0.412230 0.139933 -0.900270 0.562500 0.416667
1.121371 0.300470 7.005240 0.412230 0.139933 -0.900270 0.541667 0.416667
1.121371 0.300470 7.005240 0.828273 0.281160 -0.484678 0.541667 0.416667
1.072558 0.444268 7.005240 0.828273 0.281160 -0.484678 0.562500 0.416667
1.102088 0.456500 7.062801 0.828273 0.281160 -0.484678 0.562500 0.500000
1.152245 0.308743 7.062801 0.828273 0.281160 -0.484678 0.541667 0.500000
1.102088 0.456500 7.062801 0.784486 0.386866 0.484682 0.562500 0.500000
1.033075 0.596446 7.062801 0.784486 0.386866 0.484682 0.583333 0.500000
1.005394 0.580464 7.120361 0.784486 0.386866 0.484682 0.583333 0.583333
1.072558 0.444268 7.120361 0.784486 0.386866 0.484682 0.562500 0.583333
1.072558 0.444268 7.120361 0.390445 0.192546 0.900266 0.562500 0.583333
1.005394 0.580464 7.120361 0.390445 0.192546 0.900266 0.583333 0.583333
0.929767 0.536802 7.162498 0.390445 0.192546 0.900266 0.583333 0.666667
0.991880 0.410850 7.162498 0.390445 0.192546 0.900266 0.562500 0.666667
0.991880 0.410850 7.162498 0.115242 0.056831 0.991710 0.562500 0.666667
0.929767 0.536802 7.162498 0.115242 0.056831 0.991710 0.583333 0.666667
0.826460 0.477157 7.177921 0.115242 0.056831 0.991710 0.583333 0.750000
0.881671 0.365200 7.177921 0.115242 0.056831 0.991710 0.562500 0.750000
0.881671 0.365200 7.177921 -0.115242 -0.056831 0.991710 0.562500 0.750000
0.826460 0.477157 7.177921 -0.115242 -0.056831 0.991710 0.583333 0.750000
0.723152 0.417512 7.162498 -0.115242 -0.056831 0.991710 0.583333 0.833333
0.771462 0.319550 7.162498 -0.115242 -0.056831 0.991710 0.562500 0.833333
0.771462 0.319550 7.162498 -0.390445 -0.192547 0.900266 0.562500 0.833333
0.723152 0.417512 7.162498 -0.390445 -0.192547 0.900266 0.583333 0.833333
0.647526 0.373849 7.120361 -0.390445 -0.192547 0.900266 0.583333 0.916667
0.690784 0.286132 7.120361 -0.390445 -0.192547 0.900266 0.562500 0.916667
0.690784 0.286132 7.120361 -0.784486 -0.386866 0.484682 0.562500 0.916667
0.647526 0.373849 7.120361 -0.784486 -0.386866 0.484682 0.583333 0.916667
0.619845 0.357868 7.062801 -0.784486 -0.386866 0.484682 0.583333 1.000000
0.661253 0.273900 7.062801 -0.784486 -0.386866 0.484682 0.562500 1.000000
0.661253 0.273900 7.062801 -0.784488 -0.386867 -0.484679 0.562500 0.000000
0.619845 0.357868 7.062801 -0.784488 -0.386867 -0.484679 0.583333 0.000000
0.647526 0.373849 7.005240 -0.784488 -0.386867 -0.484679 0.583333 0.083333
0.690784 0.286132 7.005240 -0.784488 -0.386867 -0.484679 0.562500 0.083333
0.690784 0.286132 7.005240 -0.390438 -0.192543 -0.900270 0.562500 0.083333
0.647526 0.373849 7.005240 -0.390438 -0.192543 -0.900270 0.583333 0.083333
0.723152 0.417512 6.963104 -0.390438 -0.192543 -0.900270 0.583333 0.166667
0.771462 0.319550 6.963104 -0.390438 -0.192543 -0.900270 0.562500 0.166667
0.771462 0.319550 6.963104 -0.115249 -0.056834 -0.991709 0.562500 0.166667
0.723152 0.417512 6.963104 -0.115249 -0.056834 -0.991709 0.583333 0.166667
0.826460 0.477157 6.947680 -0.115249 -0.056834 -0.991709 0.583333 0.250000
0.881671 0.365200 6.947680 -0.115249 -0.056834 -0.991709 0.562500 0.250000
0.881671 0.365200 6.947680 0.115249 0.056834 -0.991709 0.562500 0.250000
0.826460 0.477157 6.947680 0.115249 0.056834 -0.991709 0.583333 0.250000
0.929767 0.536802 6.963104 0.115249 0.056834 -0.991709 0.583333 0.333333
0.991880 0.410850 6.963104 0.115249 0.056834 -0.991709 0.562500 0.333333
0.991880 0.410850 6.963104 0.390438 0.192543 -0.900270 0.562500 0.333333
0.929767 0.536802 6.963104 0.390438 0.192543 -0.900270 0.583333 0.333333
1.005394 0.580464 7.005240 0.390438 0.192543 -0.900270 0.583333 0.416667
1.072558 0.444268 7.005240 0.390438 0.192543 -0.900270 0.562500 0.416667
1.072558 0.444268 7.005240 0.784488 0.386866 -0.484679 0.562500 0.416667
1.005394 0.580464 7.005240 0.784488 0.386866 -0.484679 0.583333 0.416667
1.033075 0.596446 7.062801 0.784488 0.386866 -0.484679 0.583333 0.500000
1.102088 0.456500 7.062801 0.784488 0.386866 -0.484679 0.562500 0.500000
1.033075 0.596446 7.062801 0.727279 0.485952 0.484682 0.583333 0.500000
0.946385 0.726186 7.062801 0.727279 0.485952 0.484682 0.604167 0.500000
0.921027 0.706728 7.120361 0.727279 0.485952 0.484682 0.604167 0.583333
1.005394 0.580464 7.120361 0.727279 0.485952 0.484682 0.583333 0.583333
1.005394 0.580464 7.120361 0.361973 0.241862 0.900266 0.583333 0.583333
0.921027 0.706728 7.120361 0.361973 0.241862 0.900266 0.604167 0.583333
0.851746 0.653568 7.162498 0.361973 0.241862 0.900266 0.604167 0.666667
0.929767 0.536802 7.162498 0.361973 0.241862 0.900266 0.583333 0.666667
0.929767 0.536802 7.162498 0.106838 0.071387 0.991710 0.583333 0.666667
0.851746 0.653568 7.162498 0.106838 0.071387 0.991710 0.604167 0.666667
0.757108 0.580949 7.177921 0.106838 0.071387 0.991710 0.604167 0.750000
0.826460 0.477157 7.177921 0.106838 0.071387 0.991710 0.583333 0.750000
0.826460 0.477157 7.177921 -0.106838 -0.071387 0.991711 0.583333 0.750000
0.757108 0.580949 7.177921 -0.106838 -0.071387 0.991711 0.604167 0.750000
0.662469 0.508331 7.162498 -0.106838 -0.071387 0.991711 0.604167 0.833333
0.723152 0.417512 7.162498 -0.106838 -0.071387 0.991711 0.583333 0.833333
0.723152 0.417512 7.162498 -0.361973 -0.241862 0.900266 0.583333 0.833333
0.662469 0.508331 7.162498 -0.361973 -0.241862 0.900266 0.604167 0.833333
0.593189 0.455170 7.120361 -0.361973 -0.241862 0.900266 0.604167 0.916667
0.647526 0.373849 7.120361 -0.361973 -0.241862 0.900266 0.583333 0.916667
0.647526 0.373849 7.120361 -0.727279 -0.485952 0.484682 0.583333 0.916667
0.593189 0.455170 7.120361 -0.727279 -0.485952 0.484682 0.604167 0.916667
0.567831 0.435712 7.062801 -0.727279 -0.485952 0.484682 0.604167 1.000000
0.619845 0.357868 7.062801 -0.727279 -0.485952 0.484682 0.583333 1.000000
0.619845 0.357868 7.062801 -0.727280 -0.485953 -0.484679 0.583333 0.000000
0.567831 0.435712 7.062801 -0.727280 -0.485953 -0.484679 0.604167 0.000000
0.593189 0.455170 7.005240 -0.727280 -0.485953 -0.484679 0.604167 0.083333
0.647526 0.373849 7.005240 -0.727280 -0.485953 -0.484679 0.583333 0.083333
0.647526 0.373849 7.005240 -0.361966 -0.241858 -0.900270 0.583333 0.083333
0.593189 0.455170 7.005240 -0.361966 -0.241858 -0.900270 0.604167 0.083333
0.662469 0.508331 6.963104 -0.361966 -0.241858 -0.900270 0.604167 0.166667
0.723152 0.417512 6.963104 -0.361966 -0.241858 -0.900270 0.583333 0.166667
0.723152 0.417512 6.963104 -0.106844 -0.071391 -0.991709 0.583333 0.166667
0.662469 0.508331 6.963104 -0.106844 -0.071391 -0.991709 0.604167 0.166667
0.757108 0.580949 6.947680 -0.106844 -0.071391 -0.991709 0.604167 0.250000
0.826460 0.477157 6.947680 -0.106844 -0.071391 -0.991709 0.583333 0.250000
0.826460 0.477157 6.947680 0.106844 0.071391 -0.991709 0.583333 0.250000
0.757108 0.580949 6.947680 0.106844 0.071391 -0.991709 0.604167 0.250000
0.851746 0.653568 6.963104 0.106844 0.071391 -0.991709 0.604167 0.333333
0.929767 0.536802 6.963104 0.106844 0.071391 -0.991709 0.583333 0.333333
0.929767 0.536802 6.963104 0.361966 0.241858 -0.900270 0.583333 0.333333
0.851746 0.653568 6.963104 0.361966 0.241858 -0.900270 0.604167 0.333333
0.921027 0.706728 7.005240 0.361966 0.241858 -0.900270 0.604167 0.416667
1.005394 0.580464 7.005240 0.361966 0.241858 -0.900270 0.583333 0.416667
1.005394 0.580464 7.005240 0.727280 0.485953 -0.484679 0.583333 0.416667
0.921027 0.706728 7.005240 0.727280 0.485953 -0.484679 0.604167 0.416667
0.946385 0.726186 7.062801 0.727280 0.485953 -0.484679 0.604167 0.500000
1.033075 0.596446 7.062801 0.727280 0.485953 -0.484679 0.583333 0.500000
0.946385 0.726186 7.062801 0.657627 0.576724 0.484681 0.604167 0.500000
0.843502 0.843502 7.062801 0.657627 0.576724 0.484681 0.625000 0.500000
0.820900 0.820900 7.120361 0.657627 0.576724 0.484681 0.625000 0.583333
0.921027 0.706728 7.120361 0.657627 0.576724 0.484681 0.604167 0.583333
0.921027 0.706728 7.120361 0.327306 0.287040 0.900266 0.604167 0.583333
0.820900 0.820900 7.120361 0.327306 0.287040 0.900266 0.625000 0.583333
0.759152 0.759152 7.162498 0.327306 0.287040 0.900266 0.625000 0.666667
0.851746 0.653568 7.162498 0.327306 0.287040 0.900266 0.604167 0.666667
0.851746 0.653568 7.162498 0.096606 0.084721 0.991710 0.604167 0.666667
0.759152 0.759152 7.162498 0.096606 0.084721 0.991710 0.625000 0.666667
0.674802 0.674802 7.177921 0.096606 0.084721 0.991710 0.625000 0.750000
0.757108 0.580949 7.177921 0.096606 0.084721 0.991710 0.604167 0.750000
0.757108 0.580949 7.177921 -0.096606 -0.084721 0.991710 0.604167 0.750000
0.674802 0.674802 7.177921 -0.096606 -0.084721 0.991710 0.625000 0.750000
0.590451 0.590451 7.162498 -0.096606 -0.084721 0.991710 0.625000 0.833333
0.662469 0.508331 7.162498 -0.096606 -0.084721 0.991710 0.604167 0.833333
0.662469 0.508331 7.162498 -0.327307 -0.287040 0.900266 0.604167 0.833333
0.590451 0.590451 7.162498 -0.327307 -0.287040 0.900266 0.625000 0.833333
0.528703 0.528703 7.120361 -0.327307 -0.287040 0.900266 0.625000 0.916667
0.593189 0.455170 7.120361 -0.327307 -0.287040 0.900266 0.604167 0.916667
0.593189 0.455170 7.120361 -0.657627 -0.576723 0.484682 0.604167 0.916667
0.528703 0.528703 7.120361 -0.657627 -0.576723 0.484682 0.625000 0.916667
0.506101 0.506101 7.062801 -0.657627 -0.576723 0.484682 0.625000 1.000000
0.567831 0.435712 7.062801 -0.657627 -0.576723 0.484682 0.604167 1.000000
0.567831 0.435712 7.062801 -0.657629 -0.576724 -0.484679 0.604167 0.000000
0.506101 0.506101 7.062801 -0.657629 -0.576724 -0.484679 0.625000 0.000000
0.528703 0.528703 7.005240 -0.657629 -0.576724 -0.484679 0.625000 0.083333
0.593189 0.455170 7.005240 -0.657629 -0.576724 -0.484679 0.604167 0.083333
0.593189 0.455170 7.005240 -0.327301 -0.287035 -0.900270 0.604167 0.083333
0.528703 0.528703 7.005240 -0.327301 -0.287035 -0.900270 0.625000 0.083333
0.590451 0.590451 6.963104 -0.327301 -0.287035 -0.900270 0.625000 0.166667
0.662469 0.508331 6.963104 -0.327301 -0.287035 -0.900270 0.604167 0.166667
0.662469 0.508331 6.963104 -0.096612 -0.084726 -0.991709 0.604167 0.166667
0.590451 0.590451 6.963104 -0.096612 -0.084726 -0.991709 0.625000 0.166667
0.674802 0.674802 6.947680 -0.096612 -0.084726 -0.991709 0.625000 0.250000
0.757108 0.580949 6.947680 -0.096612 -0.084726 -0.991709 0.604167 0.250000
0.757108 0.580949 6.947680 0.096612 0.084726 -0.991709 0.604167 0.250000
0.674802 0.674802 6.947680 0.096612 0.084726 -0.991709 0.625000 0.250000
0.759152 0.759152 6.963104 0.096612 0.084726 -0.991709 0.625000 0.333333
0.851746 0.653568 6.963104 0.096612 0.084726 -0.991709 0.604167 0.333333
0.851746 0.653568 6.963104 0.327300 0.287035 -0.900270 0.604167 0.333333
0.759152 0.759152 6.963104 0.327300 0.287035 -0.900270 0.625000 0.333333
0.820900 0.820900 7.005240 0.327300 0.287035 -0.900270 0.625000 0.416667
0.921027 0.706728 7.005240 0.327300 0.287035 -0.900270 0.604167 0.416667
0.921027 0.706728 7.005240 0.657629 0.576725 -0.484678 0.604167 0.416667
0.820900 0.820900 7.005240 0.657629 0.576725 -0.484678 0.625000 0.416667
0.843502 0.843502 7.062801 0.657629 0.576725 -0.484678 0.625000 0.500000
0.946385 0.726186 7.062801 0.657629 0.576725 -0.484678 0.604167 0.500000
0.843502 0.843502 7.062801 0.576724 0.657628 0.484681 0.625000 0.500000
0.726187 0.946385 7.062801 0.576724 0.657628 0.484681 0.645833 0.500000
0.706729 0.921026 7.120361 0.576724 0.657628 0.484681 0.645833 0.583333
0.820900 0.820900 7.120361 0.576724 0.657628 0.484681 0.625000 0.583333
0.820900 0.820900 7.120361 0.287040 0.327306 0.900266 0.625000 0.583333
0.706729 0.921026 7.120361 0.287040 0.327306 0.900266 0.645833 0.583333
0.653568 0.851746 7.162498 0.287040 0.327306 0.900266 0.645833 0.666667
0.759152 0.759152 7.162498 0.287040 0.327306 0.900266 0.625000 0.666667
0.759152 0.759152 7.162498 0.084721 0.096606 0.991710 0.625000 0.666667
0.653568 0.851746 7.162498 0.084721 0.096606 0.991710 0.645833 0.666667
0.580949 0.757108 7.177921 0.084721 0.096606 0.991710 0.645833 0.750000
0.674802 0.674802 7.177921 0.084721 0.096606 0.991710 0.625000 0.750000
0.674802 0.674802 7.177921 -0.084721 -0.096606 0.991710 0.625000 0.750000
0.580949 0.757108 7.177921 -0.084721 -0.096606 0.991710 0.645833 0.750000
0.508331 0.662469 7.162498 -0.084721 -0.096606 0.991710 0.645833 0.833333
0.590451 0.590451 7.162498 -0.084721 -0.096606 0.991710 0.625000 0.833333
0.590451 0.590451 7.162498 -0.287040 -0.327307 0.900266 0.625000 0.833333
0.508331 0.662469 7.162498 -0.287040 -0.327307 0.900266 0.645833 0.833333
0.455170 0.593189 7.120361 -0.287040 -0.327307 0.900266 0.645833 0.916667
0.528703 0.528703 7.120361 -0.287040 -0.327307 0.900266 0.625000 0.916667
0.528703 0.528703 7.120361 -0.576723 -0.657628 0.484682 0.625000 0.916667
0.455170 0.593189 7.120361 -0.576723 -0.657628 0.484682 0.645833 0.916667
0.435712 0.567831 7.062801 -0.576723 -0.657628 0.484682 0.645833 1.000000
0.506101 0.506101 7.062801 -0.576723 -0.657628 0.484682 0.625000 1.000000
0.506101 0.506101 7.062801 -0.576724 -0.657629 -0.484679 0.625000 0.000000
0.435712 0.567831 7.062801 -0.576724 -0.657629 -0.484679 0.645833 0.000000
0.455170 0.593189 7.005240 -0.576724 -0.657629 -0.484679 0.645833 0.083333
0.528703 0.528703 7.005240 -0.576724 -0.657629 -0.484679 0.625000 0.083333
0.528703 0.528703 7.005240 -0.287035 -0.327301 -0.900270 0.625000 0.083333
0.455170 0.593189 7.005240 -0.287035 -0.327301 -0.900270 0.645833 0.083333
0.508331 0.662469 6.963104 -0.287035 -0.327301 -0.900270 0.645833 0.166667
0.590451 0.590451 6.963104 -0.287035 -0.327301 -0.900270 0.625000 0.166667
0.590451 0.590451 6.963104 -0.084726 -0.096612 -0.991709 0.625000 0.166667
0.508331 0.662469 6.963104 -0.084726 -0.096612 -0.991709 0.645833 0.166667
0.580949 0.757108 6.947680 -0.084726 -0.096612 -0.991709 0.645833 0.250000
0.674802 0.674802 6.947680 -0.084726 -0.096612 -0.991709 0.625000 0.250000
0.674802 0.674802 6.947680 0.084726 0.096612 -0.991709 0.625000 0.250000
0.580949 0.757108 6.947680 0.084726 0.096612 -0.991709 0.645833 0.250000
0.653568 0.851746 6.963104 0.084726 0.096612 -0.991709 0.645833 0.333333
0.759152 0.759152 6.963104 0.084726 0.096612 -0.991709 0.625000 0.333333
0.759152 0.759152 6.963104 0.287035 0.327300 -0.900270 0.625000 0.333333
0.653568 0.851746 6.963104 0.287035 0.327300 -0.900270 0.645833 0.333333
0.706729 0.921026 7.005240 0.287035 0.327300 -0.900270 0.645833 0.416667
0.820900 0.820900 7.005240 0.287035 0.327300 -0.900270 0.625000 0.416667
0.820900 0.820900 7.005240 0.576725 0.657629 -0.484678 0.625000 0.416667
0.706729 0.921026 7.005240 0.576725 0.657629 -0.484678 0.645833 0.416667
0.726187 0.946385 7.062801 0.576725 0.657629 -0.484678 0.645833 0.500000
0.843502 0.843502 7.062801 0.576725 0.657629 -0.484678 0.625000 0.500000
0.726187 0.946385 7.062801 0.485952 0.727279 0.484681 0.645833 0.500000
0.596446 1.033075 7.062801 0.485952 0.727279 0.484681 0.666667 0.500000
0.580464 1.005394 7.120361 0.485952 0.727279 0.484681 0.666667 0.583333
0.706729 0.921026 7.120361 0.485952 0.727279 0.484681 0.645833 0.583333
0.706729 0.921026 7.120361 0.241862 0.361973 0.900266 0.645833 0.583333
0.580464 1.005394 7.120361 0.241862 0.361973 0.900266 0.666667 0.583333
0.536801 0.929767 7.162498 0.241862 0.361973 0.900266 0.666667 0.666667
0.653568 0.851746 7.162498 0.241862 0.361973 0.900266 0.645833 0.666667
0.653568 0.851746 7.162498 0.071387 0.106838 0.991710 0.645833 0.666667
0.536801 0.929767 7.162498 0.071387 0.106838 0.991710 0.666667 0.666667
0.477157 0.826460 7.177921 0.071387 0.106838 0.991710 0.666667 0.750000
0.580949 0.757108 7.177921 0.071387 0.106838 0.991710 0.645833 0.750000
0.580949 0.757108 7.177921 -0.071387 -0.106838 0.991710 0.645833 0.750000
0.477157 0.826460 7.177921 -0.071387 -0.106838 0.991710 0.666667 0.750000
0.417512 0.723152 7.162498 -0.071387 -0.106838 0.991710 0.666667 0.833333
0.508331 0.662469 7.162498 -0.071387 -0.106838 0.991710 0.645833 0.833333
0.508331 0.662469 7.162498 -0.241863 -0.361972 0.900266 0.645833 0.833333
0.417512 0.723152 7.162498 -0.241863 -0.361972 0.900266 0.666667 0.833333
0.373849 0.647526 7.120361 -0.241863 -0.361972 0.900266 0.666667 0.916667
0.455170 0.593189 7.120361 -0.241863 -0.361972 0.900266 0.645833 0.916667
0.455170 0.593189 7.120361 -0.485953 -0.727279 0.484681 0.645833 0.916667
0.373849 0.647526 7.120361 -0.485953 -0.727279 0.484681 0.666667 0.916667
0.357868 0.619845 7.062801 -0.485953 -0.727279 0.484681 0.666667 1.000000
0.435712 0.567831 7.062801 -0.485953 -0.727279 0.484681 0.645833 1.000000
0.435712 0.567831 7.062801 -0.485954 -0.727280 -0.484678 0.645833 0.000000
0.357868 0.619845 7.062801 -0.485954 -0.727280 -0.484678 0.666667 0.000000
0.373849 0.647526 7.005240 -0.485954 -0.727280 -0.484678 0.666667 0.083333
0.455170 0.593189 7.005240 -0.485954 -0.727280 -0.484678 0.645833 0.083333
0.455170 0.593189 7.005240 -0.241858 -0.361966 -0.900270 0.645833 0.083333
0.373849 0.647526 7.005240 -0.241858 -0.361966 -0.900270 0.666667 0.083333
0.417512 0.723152 6.963104 -0.241858 -0.361966 -0.900270 0.666667 0.166667
0.508331 0.662469 6.963104 -0.241858 -0.361966 -0.900270 0.645833 0.166667
0.508331 0.662469 6.963104 -0.071391 -0.106844 -0.991709 0.645833 0.166667
0.417512 0.723152 6.963104 -0.071391 -0.106844 -0.991709 0.666667 0.166667
0.477157 0.826460 6.947680 -0.071391 -0.106844 -0.991709 0.666667 0.250000
0.580949 0.757108 6.947680 -0.071391 -0.106844 -0.991709 0.645833 0.250000
0.580949 0.757108 6.947680 0.071391 0.106844 -0.991709 0.645833 0.250000
0.477157 0.826460 6.947680 0.071391 0.106844 -0.991709 0.666667 0.250000
0.536801 0.929767 6.963104 0.071391 0.106844 -0.991709 0.666667 0.333333
0.653568 0.851746 6.963104 0.071391 0.106844 -0.991709 0.645833 0.333333
0.653568 0.851746 6.963104 0.241858 0.361966 -0.900270 0.645833 0.333333
0.536801 0.929767 6.963104 0.241858 0.361966 -0.900270 0.666667 0.333333
0.580464 1.005394 7.005240 0.241858 0.361966 -0.900270 0.666667 0.416667
0.706729 0.921026 7.005240 0.241858 0.361966 -0.900270 0.645833 0.416667
0.706729 0.921026 7.005240 0.485953 0.727280 -0.484678 0.645833 0.416667
0.580464 1.005394 7.005240 0.485953 0.727280 -0.484678 0.666667 0.416667
0.596446 1.033075 7.062801 0.485953 0.727280 -0.484678 0.666667 0.500000
0.726187 0.946385 7.062801 0.485953 0.727280 -0.484678 0.645833 0.500000
0.596446 1.033075 7.062801 0.386865 0.784486 0.484682 0.666667 0.500000
0.456500 1.102088 7.062801 0.386865 0.784486 0.484682 0.687500 0.500000
0.444268 1.072558 7.120361 0.386865 0.784486 0.484682 0.687500 0.583333
0.580464 1.005394 7.120361 0.386865 0.784486 0.484682 0.666667 0.583333
0.580464 1.005394 7.120361 0.192546 0.390445 0.900266 0.666667 0.583333
0.444268 1.072558 7.120361 0.192546 0.390445 0.900266 0.687500 0.583333
0.410850 0.991880 7.162498 0.192546 0.390445 0.900266 0.687500 0.666667
0.536801 0.929767 7.162498 0.192546 0.390445 0.900266 0.666667 0.666667
0.536801 0.929767 7.162498 0.056831 0.115242 0.991710 0.666667 0.666667
0.410850 0.991880 7.162498 0.056831 0.115242 0.991710 0.687500 0.666667
0.365200 0.881671 7.177921 0.056831 0.115242 0.991710 0.687500 0.750000
0.477157 0.826460 7.177921 0.056831 0.115242 0.991710 0.666667 0.750000
0.477157 0.826460 7.177921 -0.056831 -0.115242 0.991710 0.666667 0.750000
0.365200 0.881671 7.177921 -0.056831 -0.115242 0.991710 0.687500 0.750000
0.319550 0.771462 7.162498 -0.056831 -0.115242 0.991710 0.687500 0.833333
0.417512 0.723152 7.162498 -0.056831 -0.115242 0.991710 0.666667 0.833333
0.417512 0.723152 7.162498 -0.192546 -0.390445 0.900266 0.666667 0.833333
0.319550 0.771462 7.162498 -0.192546 -0.390445 0.900266 0.687500 0.833333
0.286132 0.690783 7.120361 -0.192546 -0.390445 0.900266 0.687500 0.916667
0.373849 0.647526 7.120361 -0.192546 -0.390445 0.900266 0.666667 0.916667
0.373849 0.647526 7.120361 -0.386866 -0.784486 0.484681 0.666667 0.916667
0.286132 0.690783 7.120361 -0.386866 -0.784486 0.484681 0.687500 0.916667
0.273900 0.661253 7.062801 -0.386866 -0.784486 0.484681 0.687500 1.000000
0.357868 0.619845 7.062801 -0.386866 -0.784486 0.484681 0.666667 1.000000
0.357868 0.619845 7.062801 -0.386867 -0.784488 -0.484678 0.666667 0.000000
0.273900 0.661253 7.062801 -0.386867 -0.784488 -0.484678 0.687500 0.000000
0.286132 0.690783 7.005240 -0.386867 -0.784488 -0.484678 0.687500 0.083333
0.373849 0.647526 7.005240 -0.386867 -0.784488 -0.484678 0.666667 0.083333
0.373849 0.647526 7.005240 -0.192543 -0.390438 -0.900270 0.666667 0.083333
0.286132 0.690783 7.005240 -0.192543 -0.390438 -0.900270 0.687500 0.083333
0.319550 0.771462 6.963104 -0.192543 -0.390438 -0.900270 0.687500 0.166667
0.417512 0.723152 6.963104 -0.192543 -0.390438 -0.900270 0.666667 0.166667
0.417512 0.723152 6.963104 -0.056834 -0.115249 -0.991709 0.666667 0.166667
0.319550 0.771462 6.963104 -0.056834 -0.115249 -0.991709 0.687500 0.166667
0.365200 0.881671 6.947680 -0.056834 -0.115249 -0.991709 0.687500 0.250000
0.477157 0.826460 6.947680 -0.056834 -0.115249 -0.991709 0.666667 0.250000
0.477157 0.826460 6.947680 0.056834 0.115249 -0.991710 0.666667 0.250000
0.365200 0.881671 6.947680 0.056834 0.115249 -0.991710 0.687500 0.250000
0.410850 0.991880 6.963104 0.056834 0.115249 -0.991710 0.687500 0.333333
0.536801 0.929767 6.963104 0.056834 0.115249 -0.991710 0.666667 0.333333
0.536801 0.929767 6.963104 0.192543 0.390438 -0.900270 0.666667 0.333333
0.410850 0.991880 6.963104 0.192543 0.390438 -0.900270 0.687500 0.333333
0.444268 1.072558 7.005240 0.192543 0.390438 -0.900270 0.687500 0.416667
0.580464 1.005394 7.005240 0.192543 0.390438 -0.900270 0.666667 0.416667
0.580464 1.005394 7.005240 0.386866 0.784488 -0.484679 0.666667 0.416667
0.444268 1.072558 7.005240 0.386866 0.784488 -0.484679 0.687500 0.416667
0.456500 1.102088 7.062801 0.386866 0.784488 -0.484679 0.687500 0.500000
0.596446 1.033075 7.062801 0.386866 0.784488 -0.484679 0.666667 0.500000
0.456500 1.102088 7.062801 0.281160 0.828270 0.484682 0.687500 0.500000
0.308743 1.152245 7.062801 0.281160 0.828270 0.484682 0.708333 0.500000
0.300470 1.121371 7.120361 0.281160 0.828270 0.484682 0.708333 0.583333
0.444268 1.072558 7.120361 0.281160 0.828270 0.484682 0.687500 0.583333
0.444268 1.072558 7.120361 0.139936 0.412238 0.900266 0.687500 0.583333
0.300470 1.121371 7.120361 0.139936 0.412238 0.900266 0.708333 0.583333
0.277869 1.037021 7.162498 0.139936 0.412238 0.900266 0.708333 0.666667
0.410850 0.991880 7.162498 0.139936 0.412238 0.900266 0.687500 0.666667
0.410850 0.991880 7.162498 0.041303 0.121674 0.991710 0.687500 0.666667
0.277869 1.037021 7.162498 0.041303 0.121674 0.991710 0.708333 0.666667
0.246995 0.921796 7.177921 0.041303 0.121674 0.991710 0.708333 0.750000
0.365200 0.881671 7.177921 0.041303 0.121674 0.991710 0.687500 0.750000
0.365200 0.881671 7.177921 -0.041303 -0.121674 0.991710 0.687500 0.750000
0.246995 0.921796 7.177921 -0.041303 -0.121674 0.991710 0.708333 0.750000
0.216120 0.806572 7.162498 -0.041303 -0.121674 0.991710 0.708333 0.833333
0.319550 0.771462 7.162498 -0.041303 -0.121674 0.991710 0.687500 0.833333
0.319550 0.771462 7.162498 -0.139936 -0.412237 0.900266 0.687500 0.833333
0.216120 0.806572 7.162498 -0.139936 -0.412237 0.900266 0.708333 0.833333
0.193519 0.722221 7.120361 -0.139936 -0.412237 0.900266 0.708333 0.916667
0.286132 0.690783 7.120361 -0.139936 -0.412237 0.900266 0.687500 0.916667
0.286132 0.690783 7.120361 -0.281160 -0.828271 0.484681 0.687500 0.916667
0.193519 0.722221 7.120361 -0.281160 -0.828271 0.484681 0.708333 0.916667
0.185246 0.691347 7.062801 -0.281160 -0.828271 0.484681 0.708333 1.000000
0.273900 0.661253 7.062801 -0.281160 -0.828271 0.484681 0.687500 1.000000
0.273900 0.661253 7.062801 -0.281161 -0.828273 -0.484678 0.687500 0.000000
0.185246 0.691347 7.062801 -0.281161 -0.828273 -0.484678 0.708333 0.000000
0.193519 0.722221 7.005240 -0.281161 -0.828273 -0.484678 0.708333 0.083333
0.286132 0.690783 7.005240 -0.281161 -0.828273 -0.484678 0.687500 0.083333
0.286132 0.690783 7.005240 -0.139933 -0.412230 -0.900270 0.687500 0.083333
0.193519 0.722221 7.005240 -0.139933 -0.412230 -0.900270 0.708333 0.083333
0.216120 0.806572 6.963104 -0.139933 -0.412230 -0.900270 0.708333 0.166667
0.319550 0.771462 6.963104 -0.139933 -0.412230 -0.900270 0.687500 0.166667
0.319550 0.771462 6.963104 -0.041305 -0.121681 -0.991709 0.687500 0.166667
0.216120 0.806572 6.963104 -0.041305 -0.121681 -0.991709 0.708333 0.166667
0.246995 0.921796 6.947680 -0.041305 -0.121681 -0.991709 0.708333 0.250000
0.365200 0.881671 6.947680 -0.041305 -0.121681 -0.991709 0.687500 0.250000
0.365200 0.881671 6.947680 0.041305 0.121681 -0.991709 0.687500 0.250000
0.246995 0.921796 6.947680 0.041305 0.121681 -0.991709 0.708333 0.250000
0.277869 1.037021 6.963104 0.041305 0.121681 -0.991709 0.708333 0.333333
0.410850 0.991880 6.963104 0.041305 0.121681 -0.991709 0.687500 0.333333
0.410850 0.991880 6.963104 0.139933 0.412230 -0.900269 0.687500 0.333333
0.277869 1.037021 6.963104 0.139933 0.412230 -0.900269 0.708333 0.333333
0.300470 1.121371 7.005240 0.139933 0.412230 -0.900269 0.708333 0.416667
0.444268 1.072558 7.005240 0.139933 0.412230 -0.900269 0.687500 0.416667
0.444268 1.072558 7.005240 0.281161 0.828272 -0.484679 0.687500 0.416667
0.300470 1.121371 7.005240 0.281161 0.828272 -0.484679 0.708333 0.416667
0.308743 1.152245 7.062801 0.281161 0.828272 -0.484679 0.708333 0.500000
0.456500 1.102088 7.062801 0.281161 0.828272 -0.484679 0.687500 0.500000
0.308743 1.152245 7.062801 0.170644 0.857883 0.484682 0.708333 0.500000
0.155703 1.182687 7.062801 0.170644 0.857883 0.484682 0.729167 0.500000
0.151531 1.150997 7.120361 0.170644 0.857883 0.484682 0.729167 0.583333
0.300470 1.121371 7.120361 0.170644 0.857883 0.484682 0.708333 0.583333
0.300470 1.121371 7.120361 0.084931 0.426976 0.900266 0.708333 0.583333
0.151531 1.150997 7.120361 0.084931 0.426976 0.900266 0.729167 0.583333
0.140133 1.064418 7.162498 0.084931 0.426976 0.900266 0.729167 0.666667
0.277869 1.037021 7.162498 0.084931 0.426976 0.900266 0.708333 0.666667
0.277869 1.037021 7.162498 0.025068 0.126024 0.991710 0.708333 0.666667
0.140133 1.064418 7.162498 0.025068 0.126024 0.991710 0.729167 0.666667
0.124563 0.946149 7.177921 0.025068 0.126024 0.991710 0.729167 0.750000
0.246995 0.921796 7.177921 0.025068 0.126024 0.991710 0.708333 0.750000
0.246995 0.921796 7.177921 -0.025068 -0.126024 0.991710 0.708333 0.750000
0.124563 0.946149 7.177921 -0.025068 -0.126024 0.991710 0.729167 0.750000
0.108992 0.827881 7.162498 -0.025068 -0.126024 0.991710 0.729167 0.833333
0.216120 0.806572 7.162498 -0.025068 -0.126024 0.991710 0.708333 0.833333
0.216120 0.806572 7.162498 -0.084931 -0.426976 0.900266 0.708333 0.833333
0.108992 0.827881 7.162498 -0.084931 -0.426976 0.900266 0.729167 0.833333
0.097594 0.741302 7.120361 -0.084931 -0.426976 0.900266 0.729167 0.916667
0.193519 0.722221 7.120361 -0.084931 -0.426976 0.900266 0.708333 0.916667
0.193519 0.722221 7.120361 -0.170644 -0.857884 0.484681 0.708333 0.916667
0.097594 0.741302 7.120361 -0.170644 -0.857884 0.484681 0.729167 0.916667
0.093422 0.709612 7.062801 -0.170644 -0.857884 0.484681 0.729167 1.000000
0.185246 0.691347 7.062801 -0.170644 -0.857884 0.484681 0.708333 1.000000
0.185246 0.691347 7.062801 -0.170644 -0.857886 -0.484678 0.708333 0.000000
0.093422 0.709612 7.062801 -0.170644 -0.857886 -0.484678 0.729167 0.000000
0.097594 0.741302 7.005240 -0.170644 -0.857886 -0.484678 0.729167 0.083333
0.193519 0.722221 7.005240 -0.170644 -0.857886 -0.484678 0.708333 0.083333
0.193519 0.722221 7.005240 -0.084929 -0.426968 -0.900270 0.708333 0.083333
0.097594 0.741302 7.005240 -0.084929 -0.426968 -0.900270 0.729167 0.083333
0.108992 0.827881 6.963104 -0.084929 -0.426968 -0.900270 0.729167 0.166667
0.216120 0.806572 6.963104 -0.084929 -0.426968 -0.900270 0.708333 0.166667
0.216120 0.806572 6.963104 -0.025069 -0.126031 -0.991709 0.708333 0.166667
0.108992 0.827881 6.963104 -0.025069 -0.126031 -0.991709 0.729167 0.166667
0.124563 0.946149 6.947680 -0.025069 -0.126031 -0.991709 0.729167 0.250000
0.246995 0.921796 6.947680 -0.025069 -0.126031 -0.991709 0.708333 0.250000
0.246995 0.921796 6.947680 0.025069 0.126031 -0.991709 0.708333 0.250000
0.124563 0.946149 6.947680 0.025069 0.126031 -0.991709 0.729167 0.250000
0.140133 1.064418 6.963104 0.025069 0.126031 -0.991709 0.729167 0.333333
0.277869 1.037021 6.963104 0.025069 0.126031 -0.991709 0.708333 0.333333
0.277869 1.037021 6.963104 0.084929 0.426968 -0.900270 0.708333 0.333333
0.140133 1.064418 6.963104 0.084929 0.426968 -0.900270 0.729167 0.333333
0.151531 1.150997 7.005240 0.084929 0.426968 -0.900270 0.729167 0.416667
0.300470 1.121371 7.005240 0.084929 0.426968 -0.900270 0.708333 0.416667
0.300470 1.121371 7.005240 0.170644 0.857885 -0.484679 0.708333 0.416667
0.151531 1.150997 7.005240 0.170644 0.857885 -0.484679 0.729167 0.416667
0.155703 1.182687 7.062801 0.170644 0.857885 -0.484679 0.729167 0.500000
0.308743 1.152245 7.062801 0.170644 0.857885 -0.484679 0.708333 0.500000
0.155703 1.182687 7.062801 0.057207 0.872818 0.484682 0.729167 0.500000
0.000000 1.192892 7.062801 0.057207 0.872818 0.484682 0.750000 0.500000
0.000000 1.160928 7.120361 0.057207 0.872818 0.484682 0.750000 0.583333
0.151531 1.150997 7.120361 0.057207 0.872818 0.484682 0.729167 0.583333
0.151531 1.150997 7.120361 0.028473 0.434409 0.900266 0.729167 0.583333
0.000000 1.160928 7.120361 0.028473 0.434409 0.900266 0.750000 0.583333
0.000000 1.073603 7.162498 0.028473 0.434409 0.900266 0.750000 0.666667
0.140133 1.064418 7.162498 0.028473 0.434409 0.900266 0.729167 0.666667
0.140133 1.064418 7.162498 0.008404 0.128218 0.991710 0.729167 0.666667
0.000000 1.073603 7.162498 0.008404 0.128218 0.991710 0.750000 0.666667
0.000000 0.954314 7.177921 0.008404 0.128218 0.991710 0.750000 0.750000
0.124563 0.946149 7.177921 0.008404 0.128218 0.991710 0.729167 0.750000
0.124563 0.946149 7.177921 -0.008404 -0.128218 0.991710 0.729167 0.750000
0.000000 0.954314 7.177921 -0.008404 -0.128218 0.991710 0.750000 0.750000
0.000000 0.835024 7.162498 -0.008404 -0.128218 0.991710 0.750000 0.833333
0.108992 0.827881 7.162498 -0.008404 -0.128218 0.991710 0.729167 0.833333
0.108992 0.827881 7.162498 -0.028473 -0.434409 0.900266 0.729167 0.833333
0.000000 0.835024 7.162498 -0.028473 -0.434409 0.900266 0.750000 0.833333
0.000000 0.747699 7.120361 -0.028473 -0.434409 0.900266 0.750000 0.916667
0.097594 0.741302 7.120361 -0.028473 -0.434409 0.900266 0.729167 0.916667
0.097594 0.741302 7.120361 -0.057207 -0.872818 0.484681 0.729167 0.916667
0.000000 0.747699 7.120361 -0.057207 -0.872818 0.484681 0.750000 0.916667
0.000000 0.715735 7.062801 -0.057207 -0.872818 0.484681 0.750000 1.000000
0.093422 0.709612 7.062801 -0.057207 -0.872818 0.484681 0.729167 1.000000
0.093422 0.709612 7.062801 -0.057208 -0.872820 -0.484678 0.729167 0.000000
0.000000 0.715735 7.062801 -0.057208 -0.872820 -0.484678 0.750000 0.000000
0.000000 0.747699 7.005240 -0.057208 -0.872820 -0.484678 0.750000 0.083333
0.097594 0.741302 7.005240 -0.057208 -0.872820 -0.484678 0.729167 0.083333
0.097594 0.741302 7.005240 -0.028472 -0.434401 -0.900270 0.729167 0.083333
0.000000 0.747699 7.005240 -0.028472 -0.434401 -0.900270 0.750000 0.083333
0.000000 0.835024 6.963104 -0.028472 -0.434401 -0.900270 0.750000 0.166667
0.108992 0.827881 6.963104 -0.028472 -0.434401 -0.900270 0.729167 0.166667
0.108992 0.827881 6.963104 -0.008404 -0.128225 -0.991709 0.729167 0.166667
0.000000 0.835024 6.963104 -0.008404 -0.128225 -0.991709 0.750000 0.166667
0.000000 0.954314 6.947680 -0.008404 -0.128225 -0.991709 0.750000 0.250000
0.124563 0.946149 6.947680 -0.008404 -0.128225 -0.991709 0.729167 0.250000
0.124563 0.946149 6.947680 0.008404 0.128225 -0.991710 0.729167 0.250000
0.000000 0.954314 6.947680 0.008404 0.128225 -0.991710 0.750000 0.250000
0.000000 1.073603 6.963104 0.008404 0.128225 -0.991710 0.750000 0.333333
0.140133 1.064418 6.963104 0.008404 0.128225 -0.991710 0.729167 0.333333
0.140133 1.064418 6.963104 0.028472 0.434401 -0.900270 0.729167 0.333333
0.000000 1.073603 6.963104 0.028472 0.434401 -0.900270 0.750000 0.333333
0.000000 1.160928 7.005240 0.028472 0.434401 -0.900270 0.750000 0.416667
0.151531 1.150997 7.005240 0.028472 0.434401 -0.900270 0.729167 0.416667
0.151531 1.150997 7.005240 0.057207 0.872819 -0.484679 0.729167 0.416667
0.000000 1.160928 7.005240 0.057207 0.872819 -0.484679 0.750000 0.416667
0.000000 1.192892 7.062801 0.057207 0.872819 -0.484679 0.750000 0.500000
0.155703 1.182687 7.062801 0.057207 0.872819 -0.484679 0.729167 0.500000
0.000000 1.192892 7.062801 -0.057208 0.872818 0.484682 0.750000 0.500000
-0.155704 1.182687 7.062801 -0.057208 0.872818 0.484682 0.770833 0.500000
-0.151532 1.150997 7.120361 -0.057208 0.872818 0.484682 0.770833 0.583333
0.000000 1.160928 7.120361 -0.057208 0.872818 0.484682 0.750000 0.583333
0.000000 1.160928 7.120361 -0.028473 0.434409 0.900266 0.750000 0.583333
-0.151532 1.150997 7.120361 -0.028473 0.434409 0.900266 0.770833 0.583333
-0.140133 1.064418 7.162498 -0.028473 0.434409 0.900266 0.770833 0.666667
0.000000 1.073603 7.162498 -0.028473 0.434409 0.900266 0.750000 0.666667
0.000000 1.073603 7.162498 -0.008404 0.128218 0.991710 0.750000 0.666667
-0.140133 1.064418 7.162498 -0.008404 0.128218 0.991710 0.770833 0.666667
-0.124563 0.946149 7.177921 -0.008404 0.128218 0.991710 0.770833 0.750000
0.000000 0.954314 7.177921 -0.008404 0.128218 0.991710 0.750000 0.750000
0.000000 0.954314 7.177921 0.008404 -0.128218 0.991710 0.750000 0.750000
-0.124563 0.946149 7.177921 0.008404 -0.128218 0.991710 0.770833 0.750000
-0.108993 0.827881 7.162498 0.008404 -0.128218 0.991710 0.770833 0.833333
0.000000 0.835024 7.162498 0.008404 -0.128218 0.991710 0.750000 0.833333
0.000000 0.835024 7.162498 0.028473 -0.434409 0.900266 0.750000 0.833333
-0.108993 0.827881 7.162498 0.028473 -0.434409 0.900266 0.770833 0.833333
-0.097594 0.741302 7.120361 0.028473 -0.434409 0.900266 0.770833 0.916667
0.000000 0.747699 7.120361 0.028473 -0.434409 0.900266 0.750000 0.916667
0.000000 0.747699 7.120361 0.057207 -0.872818 0.484682 0.750000 0.916667
-0.097594 0.741302 7.120361 0.057207 -0.872818 0.484682 0.770833 0.916667
-0.093422 0.709612 7.062801 0.057207 -0.872818 0.484682 0.770833 1.000000
0.000000 0.715735 7.062801 0.057207 -0.872818 0.484682 0.750000 1.000000
0.000000 0.715735 7.062801 0.057208 -0.872820 -0.484678 0.750000 0.000000
-0.093422 0.709612 7.062801 0.057208 -0.872820 -0.484678 0.770833 0.000000
-0.097594 0.741302 7.005240 0.057208 -0.872820 -0.484678 0.770833 0.083333
0.000000 0.747699 7.005240 0.057208 -0.872820 -0.484678 0.750000 0.083333
0.000000 0.747699 7.005240 0.028472 -0.434401 -0.900270 0.750000 0.083333
-0.097594 0.741302 7.005240 0.028472 -0.434401 -0.900270 0.770833 0.083333
-0.108993 0.827881 6.963104 0.028472 -0.434401 -0.900270 0.770833 0.166667
0.000000 0.835024 6.963104 0.028472 -0.434401 -0.900270 0.750000 0.166667
0.000000 0.835024 6.963104 0.008404 -0.128225 -0.991710 0.750000 0.166667
-0.108993 0.827881 6.963104 0.008404 -0.128225 -0.991710 0.770833 0.166667
-0.124563 0.946149 6.947680 0.008404 -0.128225 -0.991710 0.770833 0.250000
0.000000 0.954314 6.947680 0.008404 -0.128225 -0.991710 0.750000 0.250000
0.000000 0.954314 6.947680 -0.008404 0.128225 -0.991709 0.750000 0.250000
-0.124563 0.946149 6.947680 -0.008404 0.128225 -0.991709 0.770833 0.250000
-0.140133 1.064418 6.963104 -0.008404 0.128225 -0.991709 0.770833 0.333333
0.000000 1.073603 6.963104 -0.008404 0.128225 -0.991709 0.750000 0.333333
0.000000 1.073603 6.963104 -0.028472 0.434401 -0.900270 0.750000 0.333333
-0.140133 1.064418 6.963104 -0.028472 0.434401 -0.900270 0.770833 0.333333
-0.151532 1.150997 7.005240 -0.028472 0.434401 -0.900270 0.770833 0.416667
0.000000 1.160928 7.005240 -0.028472 0.434401 -0.900270 0.750000 0.416667
0.000000 1.160928 7.005240 -0.057208 0.872819 -0.484679 0.750000 0.416667
-0.151532 1.150997 7.005240 -0.057208 0.872819 -0.484679 0.770833 0.416667
-0.155704 1.182687 7.062801 -0.057208 0.872819 -0.484679 0.770833 0.500000
0.000000 1.192892 7.062801 -0.057208 0.872819 -0.484679 0.750000 0.500000
-0.155704 1.182687 7.062801 -0.170643 0.857884 0.484682 0.770833 0.500000
-0.308743 1.152245 7.062801 -0.170643 0.857884 0.484682 0.791667 0.500000
-0.300470 1.121371 7.120361 -0.170643 0.857884 0.484682 0.791667 0.583333
-0.151532 1.150997 7.120361 -0.170643 0.857884 0.484682 0.770833 0.583333
-0.151532 1.150997 7.120361 -0.084931 0.426976 0.900266 0.770833 0.583333
-0.300470 1.121371 7.120361 -0.084931 0.426976 0.900266 0.791667 0.583333
-0.277869 1.037021 7.162498 -0.084931 0.426976 0.900266 0.791667 0.666667
-0.140133 1.064418 7.162498 -0.084931 0.426976 0.900266 0.770833 0.666667
-0.140133 1.064418 7.162498 -0.025068 0.126024 0.991710 0.770833 0.666667
-0.277869 1.037021 7.162498 -0.025068 0.126024 0.991710 0.791667 0.666667
-0.246994 0.921796 7.177921 -0.025068 0.126024 0.991710 0.791667 0.750000
-0.124563 0.946149 7.177921 -0.025068 0.126024 0.991710 0.770833 0.750000
-0.124563 0.946149 7.177921 0.025068 -0.126024 0.991710 0.770833 0.750000
-0.246994 0.921796 7.177921 0.025068 -0.126024 0.991710 0.791667 0.750000
-0.216120 0.806572 7.162498 0.025068 -0.126024 0.991710 0.791667 0.833333
-0.108993 0.827881 7.162498 0.025068 -0.126024 0.991710 0.770833 0.833333
-0.108993 0.827881 7.162498 0.084931 -0.426976 0.900266 0.770833 0.833333
-0.216120 0.806572 7.162498 0.084931 -0.426976 0.900266 0.791667 0.833333
-0.193519 0.722221 7.120361 0.084931 -0.426976 0.900266 0.791667 0.916667
-0.097594 0.741302 7.120361 0.084931 -0.426976 0.900266 0.770833 0.916667
-0.097594 0.741302 7.120361 0.170644 -0.857884 0.484682 0.770833 0.916667
-0.193519 0.722221 7.120361 0.170644 -0.857884 0.484682 0.791667 0.916667
-0.185246 0.691347 7.062801 0.170644 -0.857884 0.484682 0.791667 1.000000
-0.093422 0.709612 7.062801 0.170644 -0.857884 0.484682 0.770833 1.000000
-0.093422 0.709612 7.062801 0.170644 -0.857885 -0.484679 0.770833 0.000000
-0.185246 0.691347 7.062801 0.170644 -0.857885 -0.484679 0.791667 0.000000
-0.193519 0.722221 7.005240 0.170644 -0.857885 -0.484679 0.791667 0.083333
-0.097594 0.741302 7.005240 0.170644 -0.857885 -0.484679 0.770833 0.083333
-0.097594 0.741302 7.005240 0.084929 -0.426968 -0.900270 0.770833 0.083333
-0.193519 0.722221 7.005240 0.084929 -0.426968 -0.900270 0.791667 0.083333
-0.216120 0.806572 6.963104 0.084929 -0.426968 -0.900270 0.791667 0.166667
-0.108993 0.827881 6.963104 0.084929 -0.426968 -0.900270 0.770833 0.166667
-0.108993 0.827881 6.963104 0.025069 -0.126031 -0.991709 0.770833 0.166667
-0.216120 0.806572 6.963104 0.025069 -0.126031 -0.991709 0.791667 0.166667
-0.246994 0.921796 6.947680 0.025069 -0.126031 -0.991709 0.791667 0.250000
-0.124563 0.946149 6.947680 0.025069 -0.126031 -0.991709 0.770833 0.250000
-0.124563 0.946149 6.947680 -0.025069 0.126031 -0.991709 0.770833 0.250000
-0.246994 0.921796 6.947680 -0.025069 0.126031 -0.991709 0.791667 0.250000
-0.277869 1.037021 6.963104 -0.025069 0.126031 -0.991709 0.791667 0.333333
-0.140133 1.064418 6.963104 -0.025069 0.126031 -0.991709 0.770833 0.333333
-0.140133 1.064418 6.963104 -0.084929 0.426968 -0.900270 0.770833 0.333333
-0.277869 1.037021 6.963104 -0.084929 0.426968 -0.900270 0.791667 0.333333
-0.300470 1.121371 7.005240 -0.084929 0.426968 -0.900270 0.791667 0.416667
-0.151532 1.150997 7.005240 -0.084929 0.426968 -0.900270 0.770833 0.416667
-0.151532 1.150997 7.005240 -0.170644 0.857885 -0.484679 0.770833 0.416667
-0.300470 1.121371 7.005240 -0.170644 0.857885 -0.484679 0.791667 0.416667
-0.308743 1.152245 7.062801 -0.170644 0.857885 -0.484679 0.791667 0.500000
-0.155704 1.182687 7.062801 -0.170644 0.857885 -0.484679 0.770833 0.500000
-0.308743 1.152245 7.062801 -0.281160 0.828270 0.484682 0.791667 0.500000
-0.456500 1.102088 7.062801 -0.281160 0.828270 0.484682 0.812500 0.500000
-0.444268 1.072558 7.120361 -0.281160 0.828270 0.484682 0.812500 0.583333
-0.300470 1.121371 7.120361 -0.281160 0.828270 0.484682 0.791667 0.583333
-0.300470 1.121371 7.120361 -0.139936 0.412237 0.900266 0.791667 0.583333
-0.444268 1.072558 7.120361 -0.139936 0.412237 0.900266 0.812500 0.583333
-0.410850 0.991880 7.162498 -0.139936 0.412237 0.900266 0.812500 0.666667
-0.277869 1.037021 7.162498 -0.139936 0.412237 0.900266 0.791667 0.666667
-0.277869 1.037021 7.162498 -0.041303 0.121674 0.991710 0.791667 0.666667
-0.410850 0.991880 7.162498 -0.041303 0.121674 0.991710 0.812500 0.666667
-0.365200 0.881671 7.177921 -0.041303 0.121674 0.991710 0.812500 0.750000
-0.246994 0.921796 7.177921 -0.041303 0.121674 0.991710 0.791667 0.750000
-0.246994 0.921796 7.177921 0.041303 -0.121674 0.991710 0.791667 0.750000
-0.365200 0.881671 7.177921 0.041303 -0.121674 0.991710 0.812500 0.750000
-0.319550 0.771462 7.162498 0.041303 -0.121674 0.991710 0.812500 0.833333
-0.216120 0.806572 7.162498 0.041303 -0.121674 0.991710 0.791667 0.833333
-0.216120 0.806572 7.162498 0.139936 -0.412237 0.900266 0.791667 0.833333
-0.319550 0.771462 7.162498 0.139936 -0.412237 0.900266 0.812500 0.833333
-0.286132 0.690783 7.120361 0.139936 -0.412237 0.900266 0.812500 0.916667
-0.193519 0.722221 7.120361 0.139936 -0.412237 0.900266 0.791667 0.916667
-0.193519 0.722221 7.120361 0.281160 -0.828271 0.484682 0.791667 0.916667
-0.286132 0.690783 7.120361 0.281160 -0.828271 0.484682 0.812500 0.916667
-0.273900 0.661253 7.062801 0.281160 -0.828271 0.484682 0.812500 1.000000
-0.185246 0.691347 7.062801 0.281160 -0.828271 0.484682 0.791667 1.000000
-0.185246 0.691347 7.062801 0.281161 -0.828272 -0.484679 0.791667 0.000000
-0.273900 0.661253 7.062801 0.281161 -0.828272 -0.484679 0.812500 0.000000
-0.286132 0.690783 7.005240 0.281161 -0.828272 -0.484679 0.812500 0.083333
-0.193519 0.722221 7.005240 0.281161 -0.828272 -0.484679 0.791667 0.083333
-0.193519 0.722221 7.005240 0.139933 -0.412230 -0.900270 0.791667 0.083333
-0.286132 0.690783 7.005240 0.139933 -0.412230 -0.900270 0.812500 0.083333
-0.319550 0.771462 6.963104 0.139933 -0.412230 -0.900270 0.812500 0.166667
-0.216120 0.806572 6.963104 0.139933 -0.412230 -0.900270 0.791667 0.166667
-0.216120 0.806572 6.963104 0.041305 -0.121681 -0.991709 0.791667 0.166667
-0.319550 0.771462 6.963104 0.041305 -0.121681 -0.991709 0.812500 0.166667
-0.365200 0.881671 6.947680 0.041305 -0.121681 -0.991709 0.812500 0.250000
-0.246994 0.921796 6.947680 0.041305 -0.121681 -0.991709 0.791667 0.250000
-0.246994 0.921796 6.947680 -0.041305 0.121681 -0.991709 0.791667 0.250000
-0.365200 0.881671 6.947680 -0.041305 0.121681 -0.991709 0.812500 0.250000
-0.410850 0.991880 6.963104 -0.041305 0.121681 -0.991709 0.812500 0.333333
-0.277869 1.037021 6.963104 -0.041305 0.121681 -0.991709 0.791667 0.333333
-0.277869 1.037021 6.963104 -0.139933 0.412230 -0.900270 0.791667 0.333333
-0.410850 0.991880 6.963104 -0.139933 0.412230 -0.900270 0.812500 0.333333
-0.444268 1.072558 7.005240 -0.139933 0.412230 -0.900270 0.812500 0.416667
-0.300470 1.121371 7.005240 -0.139933 0.412230 -0.900270 0.791667 0.416667
-0.300470 1.121371 7.005240 -0.281161 0.828272 -0.484679 0.791667 0.416667
-0.444268 1.072558 7.005240 -0.281161 0.828272 -0.484679 0.812500 0.416667
-0.456500 1.102088 7.062801 -0.281161 0.828272 -0.484679 0.812500 0.500000
-0.308743 1.152245 7.062801 -0.281161 0.828272 -0.484679 0.791667 0.500000
-0.456500 1.102088 7.062801 -0.386865 0.784486 0.484682 0.812500 0.500000
-0.596446 1.033075 7.062801 -0.386865 0.784486 0.484682 0.833333 0.500000
-0.580464 1.005394 7.120361 -0.386865 0.784486 0.484682 0.833333 0.583333
-0.444268 1.072558 7.120361 -0.386865 0.784486 0.484682 0.812500 0.583333
-0.444268 1.072558 7.120361 -0.192546 0.390445 0.900266 0.812500 0.583333
-0.580464 1.005394 7.120361 -0.192546 0.390445 0.900266 0.833333 0.583333
-0.536801 0.929767 7.162498 -0.192546 0.390445 0.900266 0.833333 0.666667
-0.410850 0.991880 7.162498 -0.192546 0.390445 0.900266 0.812500 0.666667
-0.410850 0.991880 7.162498 -0.056831 0.115242 0.991710 0.812500 0.666667
-0.536801 0.929767 7.162498 -0.056831 0.115242 0.991710 0.833333 0.666667
-0.477157 0.826460 7.177921 -0.056831 0.115242 0.991710 0.833333 0.750000
-0.365200 0.881671 7.177921 -0.056831 0.115242 0.991710 0.812500 0.750000
-0.365200 0.881671 7.177921 0.056831 -0.115242 0.991710 0.812500 0.750000
-0.477157 0.826460 7.177921 0.056831 -0.115242 0.991710 0.833333 0.750000
-0.417512 0.723152 7.162498 0.056831 -0.115242 0.991710 0.833333 0.833333
-0.319550 0.771462 7.162498 0.056831 -0.115242 0.991710 0.812500 0.833333
-0.319550 0.771462 7.162498 0.192546 -0.390445 0.900266 0.812500 0.833333
-0.417512 0.723152 7.162498 0.192546 -0.390445 0.900266 0.833333 0.833333
-0.373849 0.647526 7.120361 0.192546 -0.390445 0.900266 0.833333 0.916667
-0.286132 0.690783 7.120361 0.192546 -0.390445 0.900266 0.812500 0.916667
-0.286132 0.690783 7.120361 0.386866 -0.784486 0.484682 0.812500 0.916667
-0.373849 0.647526 7.120361 0.386866 -0.784486 0.484682 0.833333 0.916667
-0.357867 0.619845 7.062801 0.386866 -0.784486 0.484682 0.833333 1.000000
-0.273900 0.661253 7.062801 0.386866 -0.784486 0.484682 0.812500 1.000000
-0.273900 0.661253 7.062801 0.386867 -0.784488 -0.484679 0.812500 0.000000
-0.357867 0.619845 7.062801 0.386867 -0.784488 -0.484679 0.833333 0.000000
-0.373849 0.647526 7.005240 0.386867 -0.784488 -0.484679 0.833333 0.083333
-0.286132 0.690783 7.005240 0.386867 -0.784488 -0.484679 0.812500 0.083333
-0.286132 0.690783 7.005240 0.192543 -0.390438 -0.900270 0.812500 0.083333
-0.373849 0.647526 7.005240 0.192543 -0.390438 -0.900270 0.833333 0.083333
-0.417512 0.723152 6.963104 0.192543 -0.390438 -0.900270 0.833333 0.166667
-0.319550 0.771462 6.963104 0.192543 -0.390438 -0.900270 0.812500 0.166667
-0.319550 0.771462 6.963104 0.056834 -0.115249 -0.991709 0.812500 0.166667
-0.417512 0.723152 6.963104 0.056834 -0.115249 -0.991709 0.833333 0.166667
-0.477157 0.826460 6.947680 0.056834 -0.115249 -0.991709 0.833333 0.250000
-0.365200 0.881671 6.947680 0.056834 -0.115249 -0.991709 0.812500 0.250000
-0.365200 0.881671 6.947680 -0.056834 0.115249 -0.991710 0.812500 0.250000
-0.477157 0.826460 6.947680 -0.056834 0.115249 -0.991710 0.833333 0.250000
-0.536801 0.929767 6.963104 -0.056834 0.115249 -0.991710 0.833333 0.333333
-0.410850 0.991880 6.963104 -0.056834 0.115249 -0.991710 0.812500 0.333333
-0.410850 0.991880 6.963104 -0.192543 0.390438 -0.900270 0.812500 0.333333
-0.536801 0.929767 6.963104 -0.192543 0.390438 -0.900270 0.833333 0.333333
-0.580464 1.005394 7.005240 -0.192543 0.390438 -0.900270 0.833333 0.416667
-0.444268 1.072558 7.005240 -0.192543 0.390438 -0.900270 0.812500 0.416667
-0.444268 1.072558 7.005240 -0.386866 0.784488 -0.484679 0.812500 0.416667
-0.580464 1.005394 7.005240 -0.386866 0.784488 -0.484679 0.833333 0.416667
-0.596446 1.033075 7.062801 -0.386866 0.784488 -0.484679 0.833333 0.500000
-0.456500 1.102088 7.062801 -0.386866 0.784488 -0.484679 0.812500 0.500000
-0.596446 1.033075 7.062801 -0.485953 0.727279 0.484682 0.833333 0.500000
-0.726187 0.946385 7.062801 -0.485953 0.727279 0.484682 0.854167 0.500000
-0.706729 0.921027 7.120361 -0.485953 0.727279 0.484682 0.854167 0.583333
-0.580464 1.005394 7.120361 -0.485953 0.727279 0.484682 0.833333 0.583333
-0.580464 1.005394 7.120361 -0.241862 0.361972 0.900266 0.833333 0.583333
-0.706729 0.921027 7.120361 -0.241862 0.361972 0.900266 0.854167 0.583333
-0.653568 0.851746 7.162498 -0.241862 0.361972 0.900266 0.854167 0.666667
-0.536801 0.929767 7.162498 -0.241862 0.361972 0.900266 0.833333 0.666667
-0.536801 0.929767 7.162498 -0.071387 0.106838 0.991710 0.833333 0.666667
-0.653568 0.851746 7.162498 -0.071387 0.106838 0.991710 0.854167 0.666667
-0.580949 0.757108 7.177921 -0.071387 0.106838 0.991710 0.854167 0.750000
-0.477157 0.826460 7.177921 -0.071387 0.106838 0.991710 0.833333 0.750000
-0.477157 0.826460 7.177921 0.071387 -0.106838 0.991710 0.833333 0.750000
-0.580949 0.757108 7.177921 0.071387 -0.106838 0.991710 0.854167 0.750000
-0.508331 0.662469 7.162498 0.071387 -0.106838 0.991710 0.854167 0.833333
-0.417512 0.723152 7.162498 0.071387 -0.106838 0.991710 0.833333 0.833333
-0.417512 0.723152 7.162498 0.241862 -0.361973 0.900266 0.833333 0.833333
-0.508331 0.662469 7.162498 0.241862 -0.361973 0.900266 0.854167 0.833333
-0.455170 0.593189 7.120361 0.241862 -0.361973 0.900266 0.854167 0.916667
-0.373849 0.647526 7.120361 0.241862 -0.361973 0.900266 0.833333 0.916667
-0.373849 0.647526 7.120361 0.485952 -0.727279 0.484681 0.833333 0.916667
-0.455170 0.593189 7.120361 0.485952 -0.727279 0.484681 0.854167 0.916667
-0.435712 0.567831 7.062801 0.485952 -0.727279 0.484681 0.854167 1.000000
-0.357867 0.619845 7.062801 0.485952 -0.727279 0.484681 0.833333 1.000000
-0.357867 0.619845 7.062801 0.485953 -0.727280 -0.484678 0.833333 0.000000
-0.435712 0.567831 7.062801 0.485953 -0.727280 -0.484678 0.854167 0.000000
-0.455170 0.593189 7.005240 0.485953 -0.727280 -0.484678 0.854167 0.083333
-0.373849 0.647526 7.005240 0.485953 -0.727280 -0.484678 0.833333 0.083333
-0.373849 0.647526 7.005240 0.241858 -0.361966 -0.900270 0.833333 0.083333
-0.455170 0.593189 7.005240 0.241858 -0.361966 -0.900270 0.854167 0.083333
-0.508331 0.662469 6.963104 0.241858 -0.361966 -0.900270 0.854167 0.166667
-0.417512 0.723152 6.963104 0.241858 -0.361966 -0.900270 0.833333 0.166667
-0.417512 0.723152 6.963104 0.071391 -0.106844 -0.991709 0.833333 0.166667
-0.508331 0.662469 6.963104 0.071391 -0.106844 -0.991709 0.854167 0.166667
-0.580949 0.757108 6.947680 0.071391 -0.106844 -0.991709 0.854167 0.250000
-0.477157 0.826460 6.947680 0.071391 -0.106844 -0.991709 0.833333 0.250000
-0.477157 0.826460 6.947680 -0.071391 0.106844 -0.991709 0.833333 0.250000
-0.580949 0.757108 6.947680 -0.071391 0.106844 -0.991709 0.854167 0.250000
-0.653568 0.851746 6.963104 -0.071391 0.106844 -0.991709 0.854167 0.333333
-0.536801 0.929767 6.963104 -0.071391 0.106844 -0.991709 0.833333 0.333333
-0.536801 0.929767 6.963104 -0.241858 0.361966 -0.900270 0.833333 0.333333
-0.653568 0.851746 6.963104 -0.241858 0.361966 -0.900270 0.854167 0.333333
-0.706729 0.921027 7.005240 -0.241858 0.361966 -0.900270 0.854167 0.416667
-0.580464 1.005394 7.005240 -0.241858 0.361966 -0.900270 0.833333 0.416667
-0.580464 1.005394 7.005240 -0.485954 0.727280 -0.484678 0.833333 0.416667
-0.706729 0.921027 7.005240 -0.485954 0.727280 -0.484678 0.854167 0.416667
-0.726187 0.946385 7.062801 -0.485954 0.727280 -0.484678 0.854167 0.500000
-0.596446 1.033075 7.062801 -0.485954 0.727280 -0.484678 0.833333 0.500000
-0.726187 0.946385 7.062801 -0.576724 0.657627 0.484681 0.854167 0.500000
-0.843502 0.843502 7.062801 -0.576724 0.657627 0.484681 0.875000 0.500000
-0.820901 0.820900 7.120361 -0.576724 0.657627 0.484681 0.875000 0.583333
-0.706729 0.921027 7.120361 -0.576724 0.657627 0.484681 0.854167 0.583333
-0.706729 0.921027 7.120361 -0.287040 0.327306 0.900266 0.854167 0.583333
-0.820901 0.820900 7.120361 -0.287040 0.327306 0.900266 0.875000 0.583333
-0.759152 0.759152 7.162498 -0.287040 0.327306 0.900266 0.875000 0.666667
-0.653568 0.851746 7.162498 -0.287040 0.327306 0.900266 0.854167 0.666667
-0.653568 0.851746 7.162498 -0.084721 0.096606 0.991710 0.854167 0.666667
-0.759152 0.759152 7.162498 -0.084721 0.096606 0.991710 0.875000 0.666667
-0.674802 0.674801 7.177921 -0.084721 0.096606 0.991710 0.875000 0.750000
-0.580949 0.757108 7.177921 -0.084721 0.096606 0.991710 0.854167 0.750000
-0.580949 0.757108 7.177921 0.084721 -0.096606 0.991710 0.854167 0.750000
-0.674802 0.674801 7.177921 0.084721 -0.096606 0.991710 0.875000 0.750000
-0.590452 0.590451 7.162498 0.084721 -0.096606 0.991710 0.875000 0.833333
-0.508331 0.662469 7.162498 0.084721 -0.096606 0.991710 0.854167 0.833333
-0.508331 0.662469 7.162498 0.287040 -0.327306 0.900266 0.854167 0.833333
-0.590452 0.590451 7.162498 0.287040 -0.327306 0.900266 0.875000 0.833333
-0.528703 0.528703 7.120361 0.287040 -0.327306 0.900266 0.875000 0.916667
-0.455170 0.593189 7.120361 0.287040 -0.327306 0.900266 0.854167 0.916667
-0.455170 0.593189 7.120361 0.576724 -0.657627 0.484682 0.854167 0.916667
-0.528703 0.528703 7.120361 0.576724 -0.657627 0.484682 0.875000 0.916667
-0.506101 0.506101 7.062801 0.576724 -0.657627 0.484682 0.875000 1.000000
-0.435712 0.567831 7.062801 0.576724 -0.657627 0.484682 0.854167 1.000000
-0.435712 0.567831 7.062801 0.576725 -0.657628 -0.484679 0.854167 0.000000
-0.506101 0.506101 7.062801 0.576725 -0.657628 -0.484679 0.875000 0.000000
-0.528703 0.528703 7.005240 0.576725 -0.657628 -0.484679 0.875000 0.083333
-0.455170 0.593189 7.005240 0.576725 -0.657628 -0.484679 0.854167 0.083333
-0.455170 0.593189 7.005240 0.287035 -0.327300 -0.900270 0.854167 0.083333
-0.528703 0.528703 7.005240 0.287035 -0.327300 -0.900270 0.875000 0.083333
-0.590452 0.590451 6.963104 0.287035 -0.327300 -0.900270 0.875000 0.166667
-0.508331 0.662469 6.963104 0.287035 -0.327300 -0.900270 0.854167 0.166667
-0.508331 0.662469 6.963104 0.084726 -0.096612 -0.991710 0.854167 0.166667
-0.590452 0.590451 6.963104 0.084726 -0.096612 -0.991710 0.875000 0.166667
-0.674802 0.674801 6.947680 0.084726 -0.096612 -0.991710 0.875000 0.250000
-0.580949 0.757108 6.947680 0.084726 -0.096612 -0.991710 0.854167 0.250000
-0.580949 0.757108 6.947680 -0.084726 0.096612 -0.991709 0.854167 0.250000
-0.674802 0.674801 6.947680 -0.084726 0.096612 -0.991709 0.875000 0.250000
-0.759152 0.759152 6.963104 -0.084726 0.096612 -0.991709 0.875000 0.333333
-0.653568 0.851746 6.963104 -0.084726 0.096612 -0.991709 0.854167 0.333333
-0.653568 0.851746 6.963104 -0.287035 0.327300 -0.900270 0.854167 0.333333
-0.759152 0.759152 6.963104 -0.287035 0.327300 -0.900270 0.875000 0.333333
-0.820901 0.820900 7.005240 -0.287035 0.327300 -0.900270 0.875000 0.416667
-0.706729 0.921027 7.005240 -0.287035 0.327300 -0.900270 0.854167 0.416667
-0.706729 0.921027 7.005240 -0.576725 0.657629 -0.484678 0.854167 0.416667
-0.820901 0.820900 7.005240 -0.576725 0.657629 -0.484678 0.875000 0.416667
-0.843502 0.843502 7.062801 -0.576725 0.657629 -0.484678 0.875000 0.500000
-0.726187 0.946385 7.062801 -0.576725 0.657629 -0.484678 0.854167 0.500000
-0.843502 0.843502 7.062801 -0.657628 0.576724 0.484681 0.875000 0.500000
-0.946385 0.726187 7.062801 -0.657628 0.576724 0.484681 0.895833 0.500000
-0.921027 0.706729 7.120361 -0.657628 0.576724 0.484681 0.895833 0.583333
-0.820901 0.820900 7.120361 -0.657628 0.576724 0.484681 0.875000 0.583333
-0.820901 0.820900 7.120361 -0.327306 0.287040 0.900266 0.875000 0.583333
-0.921027 0.706729 7.120361 -0.327306 0.287040 0.900266 0.895833 0.583333
-0.851746 0.653568 7.162498 -0.327306 0.287040 0.900266 0.895833 0.666667
-0.759152 0.759152 7.162498 -0.327306 0.287040 0.900266 0.875000 0.666667
-0.759152 0.759152 7.162498 -0.096606 0.084721 0.991710 0.875000 0.666667
-0.851746 0.653568 7.162498 -0.096606 0.084721 0.991710 0.895833 0.666667
-0.757108 0.580949 7.177921 -0.096606 0.084721 0.991710 0.895833 0.750000
-0.674802 0.674801 7.177921 -0.096606 0.084721 0.991710 0.875000 0.750000
-0.674802 0.674801 7.177921 0.096606 -0.084721 0.991710 0.875000 0.750000
-0.757108 0.580949 7.177921 0.096606 -0.084721 0.991710 0.895833 0.750000
-0.662469 0.508331 7.162498 0.096606 -0.084721 0.991710 0.895833 0.833333
-0.590452 0.590451 7.162498 0.096606 -0.084721 0.991710 0.875000 0.833333
-0.590452 0.590451 7.162498 0.327306 -0.287040 0.900266 0.875000 0.833333
-0.662469 0.508331 7.162498 0.327306 -0.287040 0.900266 0.895833 0.833333
-0.593189 0.455170 7.120361 0.327306 -0.287040 0.900266 0.895833 0.916667
-0.528703 0.528703 7.120361 0.327306 -0.287040 0.900266 0.875000 0.916667
-0.528703 0.528703 7.120361 0.657627 -0.576724 0.484682 0.875000 0.916667
-0.593189 0.455170 7.120361 0.657627 -0.576724 0.484682 0.895833 0.916667
-0.567831 0.435712 7.062801 0.657627 -0.576724 0.484682 0.895833 1.000000
-0.506101 0.506101 7.062801 0.657627 -0.576724 0.484682 0.875000 1.000000
-0.506101 0.506101 7.062801 0.657629 -0.576725 -0.484679 0.875000 0.000000
-0.567831 0.435712 7.062801 0.657629 -0.576725 -0.484679 0.895833 0.000000
-0.593189 0.455170 7.005240 0.657629 -0.576725 -0.484679 0.895833 0.083333
-0.528703 0.528703 7.005240 0.657629 -0.576725 -0.484679 0.875000 0.083333
-0.528703 0.528703 7.005240 0.327300 -0.287035 -0.900270 0.875000 0.083333
-0.593189 0.455170 7.005240 0.327300 -0.287035 -0.900270 0.895833 0.083333
-0.662469 0.508331 6.963104 0.327300 -0.287035 -0.900270 0.895833 0.166667
-0.590452 0.590451 6.963104 0.327300 -0.287035 -0.900270 0.875000 0.166667
-0.590452 0.590451 6.963104 0.096612 -0.084726 -0.991709 0.875000 0.166667
-0.662469 0.508331 6.963104 0.096612 -0.084726 -0.991709 0.895833 0.166667
-0.757108 0.580949 6.947680 0.096612 -0.084726 -0.991709 0.895833 0.250000
-0.674802 0.674801 6.947680 0.096612 -0.084726 -0.991709 0.875000 0.250000
-0.674802 0.674801 6.947680 -0.096612 0.084726 -0.991709 0.875000 0.250000
-0.757108 0.580949 6.947680 -0.096612 0.084726 -0.991709 0.895833 0.250000
-0.851746 0.653568 6.963104 -0.096612 0.084726 -0.991709 0.895833 0.333333
-0.759152 0.759152 6.963104 -0.096612 0.084726 -0.991709 0.875000 0.333333
-0.759152 0.759152 6.963104 -0.327300 0.287035 -0.900270 0.875000 0.333333
-0.851746 0.653568 6.963104 -0.327300 0.287035 -0.900270 0.895833 0.333333
-0.921027 0.706729 7.005240 -0.327300 0.287035 -0.900270 0.895833 0.416667
-0.820901 0.820900 7.005240 -0.327300 0.287035 -0.900270 0.875000 0.416667
-0.820901 0.820900 7.005240 -0.657629 0.576725 -0.484678 0.875000 0.416667
-0.921027 0.706729 7.005240 -0.657629 0.576725 -0.484678 0.895833 0.416667
-0.946385 0.726187 7.062801 -0.657629 0.576725 -0.484678 0.895833 0.500000
-0.843502 0.843502 7.062801 -0.657629 0.576725 -0.484678 0.875000 0.500000
-0.946385 0.726187 7.062801 -0.727279 0.485952 0.484682 0.895833 0.500000
-1.033075 0.596446 7.062801 -0.727279 0.485952 0.484682 0.916667 0.500000
-1.005393 0.580465 7.120361 -0.727279 0.485952 0.484682 0.916667 0.583333
-0.921027 0.706729 7.120361 -0.727279 0.485952 0.484682 0.895833 0.583333
-0.921027 0.706729 7.120361 -0.361973 0.241862 0.900266 0.895833 0.583333
-1.005393 0.580465 7.120361 -0.361973 0.241862 0.900266 0.916667 0.583333
-0.929767 0.536802 7.162498 -0.361973 0.241862 0.900266 0.916667 0.666667
-0.851746 0.653568 7.162498 -0.361973 0.241862 0.900266 0.895833 0.666667
-0.851746 0.653568 7.162498 -0.106838 0.071387 0.991710 0.895833 0.666667
-0.929767 0.536802 7.162498 -0.106838 0.071387 0.991710 0.916667 0.666667
-0.826460 0.477157 7.177921 -0.106838 0.071387 0.991710 0.916667 0.750000
-0.757108 0.580949 7.177921 -0.106838 0.071387 0.991710 0.895833 0.750000
-0.757108 0.580949 7.177921 0.106838 -0.071387 0.991710 0.895833 0.750000
-0.826460 0.477157 7.177921 0.106838 -0.071387 0.991710 0.916667 0.750000
-0.723152 0.417512 7.162498 0.106838 -0.071387 0.991710 0.916667 0.833333
-0.662469 0.508331 7.162498 0.106838 -0.071387 0.991710 0.895833 0.833333
-0.662469 0.508331 7.162498 0.361972 -0.241862 0.900266 0.895833 0.833333
-0.723152 0.417512 7.162498 0.361972 -0.241862 0.900266 0.916667 0.833333
-0.647526 0.373849 7.120361 0.361972 -0.241862 0.900266 0.916667 0.916667
-0.593189 0.455170 7.120361 0.361972 -0.241862 0.900266 0.895833 0.916667
-0.593189 0.455170 7.120361 0.727278 -0.485952 0.484681 0.895833 0.916667
-0.647526 0.373849 7.120361 0.727278 -0.485952 0.484681 0.916667 0.916667
-0.619845 0.357868 7.062801 0.727278 -0.485952 0.484681 0.916667 1.000000
-0.567831 0.435712 7.062801 0.727278 -0.485952 0.484681 0.895833 1.000000
-0.567831 0.435712 7.062801 0.727280 -0.485954 -0.484678 0.895833 0.000000
-0.619845 0.357868 7.062801 0.727280 -0.485954 -0.484678 0.916667 0.000000
-0.647526 0.373849 7.005240 0.727280 -0.485954 -0.484678 0.916667 0.083333
-0.593189 0.455170 7.005240 0.727280 -0.485954 -0.484678 0.895833 0.083333
-0.593189 0.455170 7.005240 0.361966 -0.241858 -0.900270 0.895833 0.083333
-0.647526 0.373849 7.005240 0.361966 -0.241858 -0.900270 0.916667 0.083333
-0.723152 0.417512 6.963104 0.361966 -0.241858 -0.900270 0.916667 0.166667
-0.662469 0.508331 6.963104 0.361966 -0.241858 -0.900270 0.895833 0.166667
-0.662469 0.508331 6.963104 0.106844 -0.071391 -0.991709 0.895833 0.166667
-0.723152 0.417512 6.963104 0.106844 -0.071391 -0.991709 0.916667 0.166667
-0.826460 0.477157 6.947680 0.106844 -0.071391 -0.991709 0.916667 0.250000
-0.757108 0.580949 6.947680 0.106844 -0.071391 -0.991709 0.895833 0.250000
-0.757108 0.580949 6.947680 -0.106844 0.071391 -0.991710 0.895833 0.250000
-0.826460 0.477157 6.947680 -0.106844 0.071391 -0.991710 0.916667 0.250000
-0.929767 0.536802 6.963104 -0.106844 0.071391 -0.991710 0.916667 0.333333
-0.851746 0.653568 6.963104 -0.106844 0.071391 -0.991710 0.895833 0.333333
-0.851746 0.653568 6.963104 -0.361966 0.241858 -0.900270 0.895833 0.333333
-0.929767 0.536802 6.963104 -0.361966 0.241858 -0.900270 0.916667 0.333333
-1.005393 0.580465 7.005240 -0.361966 0.241858 -0.900270 0.916667 0.416667
-0.921027 0.706729 7.005240 -0.361966 0.241858 -0.900270 0.895833 0.416667
-0.921027 0.706729 7.005240 -0.727280 0.485953 -0.484679 0.895833 0.416667
-1.005393 0.580465 7.005240 -0.727280 0.485953 -0.484679 0.916667 0.416667
-1.033075 0.596446 7.062801 -0.727280 0.485953 -0.484679 0.916667 0.500000
-0.946385 0.726187 7.062801 -0.727280 0.485953 -0.484679 0.895833 0.500000
-1.033075 0.596446 7.062801 -0.784486 0.386866 0.484682 0.916667 0.500000
-1.102088 0.456500 7.062801 -0.784486 0.386866 0.484682 0.937500 0.500000
-1.072558 0.444268 7.120361 -0.784486 0.386866 0.484682 0.937500 0.583333
-1.005393 0.580465 7.120361 -0.784486 0.386866 0.484682 0.916667 0.583333
-1.005393 0.580465 7.120361 -0.390445 0.192546 0.900266 0.916667 0.583333
-1.072558 0.444268 7.120361 -0.390445 0.192546 0.900266 0.937500 0.583333
-0.991880 0.410850 7.162498 -0.390445 0.192546 0.900266 0.937500 0.666667
-0.929767 0.536802 7.162498 -0.390445 0.192546 0.900266 0.916667 0.666667
-0.929767 0.536802 7.162498 -0.115242 0.056831 0.991710 0.916667 0.666667
-0.991880 0.410850 7.162498 -0.115242 0.056831 0.991710 0.937500 0.666667
-0.881671 0.365200 7.177921 -0.115242 0.056831 0.991710 0.937500 0.750000
-0.826460 0.477157 7.177921 -0.115242 0.056831 0.991710 0.916667 0.750000
-0.826460 0.477157 7.177921 0.115242 -0.056831 0.991710 0.916667 0.750000
-0.881671 0.365200 7.177921 0.115242 -0.056831 0.991710 0.937500 0.750000
-0.771462 0.319550 7.162498 0.115242 -0.056831 0.991710 0.937500 0.833333
-0.723152 0.417512 7.162498 0.115242 -0.056831 0.991710 0.916667 0.833333
-0.723152 0.417512 7.162498 0.390445 -0.192546 0.900266 0.916667 0.833333
-0.771462 0.319550 7.162498 0.390445 -0.192546 0.900266 0.937500 0.833333
-0.690783 0.286132 7.120361 0.390445 -0.192546 0.900266 0.937500 0.916667
-0.647526 0.373849 7.120361 0.390445 -0.192546 0.900266 0.916667 0.916667
-0.647526 0.373849 7.120361 0.784486 -0.386866 0.484682 0.916667 0.916667
-0.690783 0.286132 7.120361 0.784486 -0.386866 0.484682 0.937500 0.916667
-0.661253 0.273900 7.062801 0.784486 -0.386866 0.484682 0.937500 1.000000
-0.619845 0.357868 7.062801 0.784486 -0.386866 0.484682 0.916667 1.000000
-0.619845 0.357868 7.062801 0.784488 -0.386866 -0.484679 0.916667 0.000000
-0.661253 0.273900 7.062801 0.784488 -0.386866 -0.484679 0.937500 0.000000
-0.690783 0.286132 7.005240 0.784488 -0.386866 -0.484679 0.937500 0.083333
-0.647526 0.373849 7.005240 0.784488 -0.386866 -0.484679 0.916667 0.083333
-0.647526 0.373849 7.005240 0.390438 -0.192543 -0.900270 0.916667 0.083333
-0.690783 0.286132 7.005240 0.390438 -0.192543 -0.900270 0.937500 0.083333
-0.771462 0.319550 6.963104 0.390438 -0.192543 -0.900270 0.937500 0.166667
-0.723152 0.417512 6.963104 0.390438 -0.192543 -0.900270 0.916667 0.166667
-0.723152 0.417512 6.963104 0.115249 -0.056834 -0.991709 0.916667 0.166667
-0.771462 0.319550 6.963104 0.115249 -0.056834 -0.991709 0.937500 0.166667
-0.881671 0.365200 6.947680 0.115249 -0.056834 -0.991709 0.937500 0.250000
-0.826460 0.477157 6.947680 0.115249 -0.056834 -0.991709 0.916667 0.250000
-0.826460 0.477157 6.947680 -0.115249 0.056834 -0.991709 0.916667 0.250000
-0.881671 0.365200 6.947680 -0.115249 0.056834 -0.991709 0.937500 0.250000
-0.991880 0.410850 6.963104 -0.115249 0.056834 -0.991709 0.937500 0.333333
-0.929767 0.536802 6.963104 -0.115249 0.056834 -0.991709 0.916667 0.333333
-0.929767 0.536802 6.963104 -0.390438 0.192543 -0.900270 0.916667 0.333333
-0.991880 0.410850 6.963104 -0.390438 0.192543 -0.900270 0.937500 0.333333
-1.072558 0.444268 7.005240 -0.390438 0.192543 -0.900270 0.937500 0.416667
-1.005393 0.580465 7.005240 -0.390438 0.192543 -0.900270 0.916667 0.416667
-1.005393 0.580465 7.005240 -0.784487 0.386866 -0.484679 0.916667 0.416667
-1.072558 0.444268 7.005240 -0.784487 0.386866 -0.484679 0.937500 0.416667
-1.102088 0.456500 7.062801 -0.784487 0.386866 -0.484679 0.937500 0.500000
-1.033075 0.596446 7.062801 -0.784487 0.386866 -0.484679 0.916667 0.500000
-1.102088 0.456500 7.062801 -0.828270 0.281160 0.484682 0.937500 0.500000
-1.152245 0.308743 7.062801 -0.828270 0.281160 0.484682 0.958333 0.500000
-1.121371 0.300470 7.120361 -0.828270 0.281160 0.484682 0.958333 0.583333
-1.072558 0.444268 7.120361 -0.828270 0.281160 0.484682 0.937500 0.583333
-1.072558 0.444268 7.120361 -0.412237 0.139936 0.900266 0.937500 0.583333
-1.121371 0.300470 7.120361 -0.412237 0.139936 0.900266 0.958333 0.583333
-1.037021 0.277869 7.162498 -0.412237 0.139936 0.900266 0.958333 0.666667
-0.991880 0.410850 7.162498 -0.412237 0.139936 0.900266 0.937500 0.666667
-0.991880 0.410850 7.162498 -0.121674 0.041303 0.991710 0.937500 0.666667
-1.037021 0.277869 7.162498 -0.121674 0.041303 0.991710 0.958333 0.666667
-0.921796 0.246994 7.177921 -0.121674 0.041303 0.991710 0.958333 0.750000
-0.881671 0.365200 7.177921 -0.121674 0.041303 0.991710 0.937500 0.750000
-0.881671 0.365200 7.177921 0.121674 -0.041303 0.991710 0.937500 0.750000
-0.921796 0.246994 7.177921 0.121674 -0.041303 0.991710 0.958333 0.750000
-0.806572 0.216120 7.162498 0.121674 -0.041303 0.991710 0.958333 0.833333
-0.771462 0.319550 7.162498 0.121674 -0.041303 0.991710 0.937500 0.833333
-0.771462 0.319550 7.162498 0.412237 -0.139936 0.900266 0.937500 0.833333
-0.806572 0.216120 7.162498 0.412237 -0.139936 0.900266 0.958333 0.833333
-0.722221 0.193519 7.120361 0.412237 -0.139936 0.900266 0.958333 0.916667
-0.690783 0.286132 7.120361 0.412237 -0.139936 0.900266 0.937500 0.916667
-0.690783 0.286132 7.120361 0.828271 -0.281160 0.484682 0.937500 0.916667
-0.722221 0.193519 7.120361 0.828271 -0.281160 0.484682 0.958333 0.916667
-0.691347 0.185246 7.062801 0.828271 -0.281160 0.484682 0.958333 1.000000
-0.661253 0.273900 7.062801 0.828271 -0.281160 0.484682 0.937500 1.000000
-0.661253 0.273900 7.062801 0.828272 -0.281161 -0.484679 0.937500 0.000000
-0.691347 0.185246 7.062801 0.828272 -0.281161 -0.484679 0.958333 0.000000
-0.722221 0.193519 7.005240 0.828272 -0.281161 -0.484679 0.958333 0.083333
-0.690783 0.286132 7.005240 0.828272 -0.281161 -0.484679 0.937500 0.083333
-0.690783 0.286132 7.005240 0.412230 -0.139933 -0.900270 0.937500 0.083333
-0.722221 0.193519 7.005240 0.412230 -0.139933 -0.900270 0.958333 0.083333
-0.806572 0.216120 6.963104 0.412230 -0.139933 -0.900270 0.958333 0.166667
-0.771462 0.319550 6.963104 0.412230 -0.139933 -0.900270 0.937500 0.166667
-0.771462 0.319550 6.963104 0.121681 -0.041305 -0.991709 0.937500 0.166667
-0.806572 0.216120 6.963104 0.121681 -0.041305 -0.991709 0.958333 0.166667
-0.921796 0.246994 6.947680 0.121681 -0.041305 -0.991709 0.958333 0.250000
-0.881671 0.365200 6.947680 0.121681 -0.041305 -0.991709 0.937500 0.250000
-0.881671 0.365200 6.947680 -0.121681 0.041305 -0.991709 0.937500 0.250000
-0.921796 0.246994 6.947680 -0.121681 0.041305 -0.991709 0.958333 0.250000
-1.037021 0.277869 6.963104 -0.121681 0.041305 -0.991709 0.958333 0.333333
-0.991880 0.410850 6.963104 -0.121681 0.041305 -0.991709 0.937500 0.333333
-0.991880 0.410850 6.963104 -0.412230 0.139933 -0.900270 0.937500 0.333333
-1.037021 0.277869 6.963104 -0.412230 0.139933 -0.900270 0.958333 0.333333
-1.121371 0.300470 7.005240 -0.412230 0.139933 -0.900270 0.958333 0.416667
-1.072558 0.444268 7.005240 -0.412230 0.139933 -0.900270 0.937500 0.416667
-1.072558 0.444268 7.005240 -0.828272 0.281161 -0.484679 0.937500 0.416667
-1.121371 0.300470 7.005240 -0.828272 0.281161 -0.484679 0.958333 0.416667
-1.152245 0.308743 7.062801 -0.828272 0.281161 -0.484679 0.958333 0.500000
-1.102088 0.456500 7.062801 -0.828272 0.281161 -0.484679 0.937500 0.500000
-1.152245 0.308743 7.062801 -0.857884 0.170643 0.484682 0.958333 0.500000
-1.182687 0.155704 7.062801 -0.857884 0.170643 0.484682 0.979167 0.500000
-1.150997 0.151532 7.120361 -0.857884 0.170643 0.484682 0.979167 0.583333
-1.121371 0.300470 7.120361 -0.857884 0.170643 0.484682 0.958333 0.583333
-1.121371 0.300470 7.120361 -0.426976 0.084931 0.900266 0.958333 0.583333
-1.150997 0.151532 7.120361 -0.426976 0.084931 0.900266 0.979167 0.583333
-1.064418 0.140133 7.162498 -0.426976 0.084931 0.900266 0.979167 0.666667
-1.037021 0.277869 7.162498 -0.426976 0.084931 0.900266 0.958333 0.666667
-1.037021 0.277869 7.162498 -0.126024 0.025068 0.991710 0.958333 0.666667
-1.064418 0.140133 7.162498 -0.126024 0.025068 0.991710 0.979167 0.666667
-0.946149 0.124563 7.177921 -0.126024 0.025068 0.991710 0.979167 0.750000
-0.921796 0.246994 7.177921 -0.126024 0.025068 0.991710 0.958333 0.750000
-0.921796 0.246994 7.177921 0.126024 -0.025068 0.991710 0.958333 0.750000
-0.946149 0.124563 7.177921 0.126024 -0.025068 0.991710 0.979167 0.750000
-0.827881 0.108993 7.162498 0.126024 -0.025068 0.991710 0.979167 0.833333
-0.806572 0.216120 7.162498 0.126024 -0.025068 0.991710 0.958333 0.833333
-0.806572 0.216120 7.162498 0.426976 -0.084931 0.900266 0.958333 0.833333
-0.827881 0.108993 7.162498 0.426976 -0.084931 0.900266 0.979167 0.833333
-0.741302 0.097594 7.120361 0.426976 -0.084931 0.900266 0.979167 0.916667
-0.722221 0.193519 7.120361 0.426976 -0.084931 0.900266 0.958333 0.916667
-0.722221 0.193519 7.120361 0.857884 -0.170644 0.484682 0.958333 0.916667
-0.741302 0.097594 7.120361 0.857884 -0.170644 0.484682 0.979167 0.916667
-0.709612 0.093422 7.062801 0.857884 -0.170644 0.484682 0.979167 1.000000
-0.691347 0.185246 7.062801 0.857884 -0.170644 0.484682 0.958333 1.000000
-0.691347 0.185246 7.062801 0.857885 -0.170644 -0.484679 0.958333 0.000000
-0.709612 0.093422 7.062801 0.857885 -0.170644 -0.484679 0.979167 0.000000
-0.741302 0.097594 7.005240 0.857885 -0.170644 -0.484679 0.979167 0.083333
-0.722221 0.193519 7.005240 0.857885 -0.170644 -0.484679 0.958333 0.083333
-0.722221 0.193519 7.005240 0.426968 -0.084929 -0.900270 0.958333 0.083333
-0.741302 0.097594 7.005240 0.426968 -0.084929 -0.900270 0.979167 0.083333
-0.827881 0.108993 6.963104 0.426968 -0.084929 -0.900270 0.979167 0.166667
-0.806572 0.216120 6.963104 0.426968 -0.084929 -0.900270 0.958333 0.166667
-0.806572 0.216120 6.963104 0.126031 -0.025069 -0.991709 0.958333 0.166667
-0.827881 0.108993 6.963104 0.126031 -0.025069 -0.991709 0.979167 0.166667
-0.946149 0.124563 6.947680 0.126031 -0.025069 -0.991709 0.979167 0.250000
-0.921796 0.246994 6.947680 0.126031 -0.025069 -0.991709 0.958333 0.250000
-0.921796 0.246994 6.947680 -0.126031 0.025069 -0.991709 0.958333 0.250000
-0.946149 0.124563 6.947680 -0.126031 0.025069 -0.991709 0.979167 0.250000
-1.064418 0.140133 6.963104 -0.126031 0.025069 -0.991709 0.979167 0.333333
-1.037021 0.277869 6.963104 -0.126031 0.025069 -0.991709 0.958333 0.333333
-1.037021 0.277869 6.963104 -0.426968 0.084929 -0.900270 0.958333 0.333333
-1.064418 0.140133 6.963104 -0.426968 0.084929 -0.900270 0.979167 0.333333
-1.150997 0.151532 7.005240 -0.426968 0.084929 -0.900270 0.979167 0.416667
-1.121371 0.300470 7.005240 -0.426968 0.084929 -0.900270 0.958333 0.416667
-1.121371 0.300470 7.005240 -0.857885 0.170644 -0.484679 0.958333 0.416667
-1.150997 0.151532 7.005240 -0.857885 0.170644 -0.484679 0.979167 0.416667
-1.182687 0.155704 7.062801 -0.857885 0.170644 -0.484679 0.979167 0.500000
-1.152245 0.308743 7.062801 -0.857885 0.170644 -0.484679 0.958333 0.500000
-1.182687 0.155704 7.062801 -0.872818 0.057208 0.484682 0.979167 0.500000
-1.192892 0.000000 7.062801 -0.872818 0.057208 0.484682 1.000000 0.500000
-1.160928 0.000000 7.120361 -0.872818 0.057208 0.484682 1.000000 0.583333
-1.150997 0.151532 7.120361 -0.872818 0.057208 0.484682 0.979167 0.583333
-1.150997 0.151532 7.120361 -0.434409 0.028473 0.900266 0.979167 0.583333
-1.160928 0.000000 7.120361 -0.434409 0.028473 0.900266 1.000000 0.583333
-1.073603 0.000000 7.162498 -0.434409 0.028473 0.900266 1.000000 0.666667
-1.064418 0.140133 7.162498 -0.434409 0.028473 0.900266 0.979167 0.666667
-1.064418 0.140133 7.162498 -0.128218 0.008404 0.991710 0.979167 0.666667
-1.073603 0.000000 7.162498 -0.128218 0.008404 0.991710 1.000000 0.666667
-0.954314 0.000000 7.177921 -0.128218 0.008404 0.991710 1.000000 0.750000
-0.946149 0.124563 7.177921 -0.128218 0.008404 0.991710 0.979167 0.750000
-0.946149 0.124563 7.177921 0.128218 -0.008404 0.991710 0.979167 0.750000
-0.954314 0.000000 7.177921 0.128218 -0.008404 0.991710 1.000000 0.750000
-0.835024 0.000000 7.162498 0.128218 -0.008404 0.991710 1.000000 0.833333
-0.827881 0.108993 7.162498 0.128218 -0.008404 0.991710 0.979167 0.833333
-0.827881 0.108993 7.162498 0.434409 -0.028473 0.900266 0.979167 0.833333
-0.835024 0.000000 7.162498 0.434409 -0.028473 0.900266 1.000000 0.833333
-0.747699 0.000000 7.120361 0.434409 -0.028473 0.900266 1.000000 0.916667
-0.741302 0.097594 7.120361 0.434409 -0.028473 0.900266 0.979167 0.916667
-0.741302 0.097594 7.120361 0.872818 -0.057208 0.484682 0.979167 0.916667
-0.747699 0.000000 7.120361 0.872818 -0.057208 0.484682 1.000000 0.916667
-0.715735 0.000000 7.062801 0.872818 -0.057208 0.484682 1.000000 1.000000
-0.709612 0.093422 7.062801 0.872818 -0.057208 0.484682 0.979167 1.000000
-0.709612 0.093422 7.062801 0.872820 -0.057208 -0.484678 0.979167 0.000000
-0.715735 0.000000 7.062801 0.872820 -0.057208 -0.484678 1.000000 0.000000
-0.747699 0.000000 7.005240 0.872820 -0.057208 -0.484678 1.000000 0.083333
-0.741302 0.097594 7.005240 0.872820 -0.057208 -0.484678 0.979167 0.083333
-0.741302 0.097594 7.005240 0.434401 -0.028472 -0.900270 0.979167 0.083333
-0.747699 0.000000 7.005240 0.434401 -0.028472 -0.900270 1.000000 0.083333
-0.835024 0.000000 6.963104 0.434401 -0.028472 -0.900270 1.000000 0.166667
-0.827881 0.108993 6.963104 0.434401 -0.028472 -0.900270 0.979167 0.166667
-0.827881 0.108993 6.963104 0.128225 -0.008404 -0.991709 0.979167 0.166667
-0.835024 0.000000 6.963104 0.128225 -0.008404 -0.991709 1.000000 0.166667
-0.954314 0.000000 6.947680 0.128225 -0.008404 -0.991709 1.000000 0.250000
-0.946149 0.124563 6.947680 0.128225 -0.008404 -0.991709 0.979167 0.250000
-0.946149 0.124563 6.947680 -0.128225 0.008404 -0.991709 0.979167 0.250000
-0.954314 0.000000 6.947680 -0.128225 0.008404 -0.991709 1.000000 0.250000
-1.073603 0.000000 6.963104 -0.128225 0.008404 -0.991709 1.000000 0.333333
-1.064418 0.140133 6.963104 -0.128225 0.008404 -0.991709 0.979167 0.333333
-1.064418 0.140133 6.963104 -0.434401 0.028472 -0.900270 0.979167 0.333333
-1.073603 0.000000 6.963104 -0.434401 0.028472 -0.900270 1.000000 0.333333
-1.160928 0.000000 7.005240 -0.434401 0.028472 -0.900270 1.000000 0.416667
-1.150997 0.151532 7.005240 -0.434401 0.028472 -0.900270 0.979167 0.416667
-1.150997 0.151532 7.005240 -0.872819 0.057208 -0.484679 0.979167 0.416667
-1.160928 0.000000 7.005240 -0.872819 0.057208 -0.484679 1.000000 0.416667
-1.192892 0.000000 7.062801 -0.872819 0.057208 -0.484679 1.000000 0.500000
-1.182687 0.155704 7.062801 -0.872819 0.057208 -0.484679 0.979167 0.500000
-1.192892 0.000000 7.062801 -0.872818 -0.057208 0.484682 0.000000 0.500000
-1.182687 -0.155704 7.062801 -0.872818 -0.057208 0.484682 0.020833 0.500000
-1.150997 -0.151532 7.120361 -0.872818 -0.057208 0.484682 0.020833 0.583333
-1.160928 0.000000 7.120361 -0.872818 -0.057208 0.484682 0.000000 0.583333
-1.160928 0.000000 7.120361 -0.434409 -0.028473 0.900266 0.000000 0.583333
-1.150997 -0.151532 7.120361 -0.434409 -0.028473 0.900266 0.020833 0.583333
-1.064418 -0.140133 7.162498 -0.434409 -0.028473 0.900266 0.020833 0.666667
-1.073603 0.000000 7.162498 -0.434409 -0.028473 0.900266 0.000000 0.666667
-1.073603 0.000000 7.162498 -0.128218 -0.008404 0.991710 0.000000 0.666667
-1.064418 -0.140133 7.162498 -0.128218 -0.008404 0.991710 0.020833 0.666667
-0.946149 -0.124563 7.177921 -0.128218 -0.008404 0.991710 0.020833 0.750000
-0.954314 0.000000 7.177921 -0.128218 -0.008404 0.991710 0.000000 0.750000
-0.954314 0.000000 7.177921 0.128218 0.008404 0.991710 0.000000 0.750000
-0.946149 -0.124563 7.177921 0.128218 0.008404 0.991710 0.020833 0.750000
-0.827881 -0.108993 7.162498 0.128218 0.008404 0.991710 0.020833 0.833333
-0.835024 0.000000 7.162498 0.128218 0.008404 0.991710 0.000000 0.833333
-0.835024 0.000000 7.162498 0.434409 0.028473 0.900266 0.000000 0.833333
-0.827881 -0.108993 7.162498 0.434409 0.028473 0.900266 0.020833 0.833333
-0.741302 -0.097594 7.120361 0.434409 0.028473 0.900266 0.020833 0.916667
-0.747699 0.000000 7.120361 0.434409 0.028473 0.900266 0.000000 0.916667
-0.747699 0.000000 7.120361 0.872818 0.057207 0.484682 0.000000 0.916667
-0.741302 -0.097594 7.120361 0.872818 0.057207 0.484682 0.020833 0.916667
-0.709612 -0.093422 7.062801 0.872818 0.057207 0.484682 0.020833 1.000000
-0.715735 0.000000 7.062801 0.872818 0.057207 0.484682 0.000000 1.000000
-0.715735 0.000000 7.062801 0.872820 0.057208 -0.484678 0.000000 0.000000
-0.709612 -0.093422 7.062801 0.872820 0.057208 -0.484678 0.020833 0.000000
-0.741302 -0.097594 7.005240 0.872820 0.057208 -0.484678 0.020833 0.083333
-0.747699 0.000000 7.005240 0.872820 0.057208 -0.484678 0.000000 0.083333
-0.747699 0.000000 7.005240 0.434401 0.028472 -0.900270 0.000000 0.083333
-0.741302 -0.097594 7.005240 0.434401 0.028472 -0.900270 0.020833 0.083333
-0.827881 -0.108993 6.963104 0.434401 0.028472 -0.900270 0.020833 0.166667
-0.835024 0.000000 6.963104 0.434401 0.028472 -0.900270 0.000000 0.166667
-0.835024 0.000000 6.963104 0.128225 0.008404 -0.991710 0.000000 0.166667
-0.827881 -0.108993 6.963104 0.128225 0.008404 -0.991710 0.020833 0.166667
-0.946149 -0.124563 6.947680 0.128225 0.008404 -0.991710 0.020833 0.250000
-0.954314 0.000000 6.947680 0.128225 0.008404 -0.991710 0.000000 0.250000
-0.954314 0.000000 6.947680 -0.128225 -0.008404 -0.991709 0.000000 0.250000
-0.946149 -0.124563 6.947680 -0.128225 -0.008404 -0.991709 0.020833 0.250000
-1.064418 -0.140133 6.963104 -0.128225 -0.008404 -0.991709 0.020833 0.333333
-1.073603 0.000000 6.963104 -0.128225 -0.008404 -0.991709 0.000000 0.333333
-1.073603 0.000000 6.963104 -0.434401 -0.028472 -0.900270 0.000000 0.333333
-1.064418 -0.140133 6.963104 -0.434401 -0.028472 -0.900270 0.020833 0.333333
-1.150997 -0.151532 7.005240 -0.434401 -0.028472 -0.900270 0.020833 0.416667
-1.160928 0.000000 7.005240 -0.434401 -0.028472 -0.900270 0.000000 0.416667
-1.160928 0.000000 7.005240 -0.872819 -0.057208 -0.484679 0.000000 0.416667
-1.150997 -0.151532 7.005240 -0.872819 -0.057208 -0.484679 0.020833 0.416667
-1.182687 -0.155704 7.062801 -0.872819 -0.057208 -0.484679 0.020833 0.500000
-1.192892 0.000000 7.062801 -0.872819 -0.057208 -0.484679 0.000000 0.500000
-1.182687 -0.155704 7.062801 -0.857884 -0.170643 0.484682 0.020833 0.500000
-1.152245 -0.308743 7.062801 -0.857884 -0.170643 0.484682 0.041667 0.500000
-1.121371 -0.300470 7.120361 -0.857884 -0.170643 0.484682 0.041667 0.583333
-1.150997 -0.151532 7.120361 -0.857884 -0.170643 0.484682 0.020833 0.583333
-1.150997 -0.151532 7.120361 -0.426976 -0.084930 0.900266 0.020833 0.583333
-1.121371 -0.300470 7.120361 -0.426976 -0.084930 0.900266 0.041667 0.583333
-1.037021 -0.277869 7.162498 -0.426976 -0.084930 0.900266 0.041667 0.666667
-1.064418 -0.140133 7.162498 -0.426976 -0.084930 0.900266 0.020833 0.666667
-1.064418 -0.140133 7.162498 -0.126024 -0.025068 0.991710 0.020833 0.666667
-1.037021 -0.277869 7.162498 -0.126024 -0.025068 0.991710 0.041667 0.666667
-0.921796 -0.246994 7.177921 -0.126024 -0.025068 0.991710 0.041667 0.750000
-0.946149 -0.124563 7.177921 -0.126024 -0.025068 0.991710 0.020833 0.750000
-0.946149 -0.124563 7.177921 0.126024 0.025068 0.991710 0.020833 0.750000
-0.921796 -0.246994 7.177921 0.126024 0.025068 0.991710 0.041667 0.750000
-0.806572 -0.216120 7.162498 0.126024 0.025068 0.991710 0.041667 0.833333
-0.827881 -0.108993 7.162498 0.126024 0.025068 0.991710 0.020833 0.833333
-0.827881 -0.108993 7.162498 0.426976 0.084931 0.900266 0.020833 0.833333
-0.806572 -0.216120 7.162498 0.426976 0.084931 0.900266 0.041667 0.833333
-0.722221 -0.193519 7.120361 0.426976 0.084931 0.900266 0.041667 0.916667
-0.741302 -0.097594 7.120361 0.426976 0.084931 0.900266 0.020833 0.916667
-0.741302 -0.097594 7.120361 0.857884 0.170644 0.484682 0.020833 0.916667
-0.722221 -0.193519 7.120361 0.857884 0.170644 0.484682 0.041667 0.916667
-0.691347 -0.185246 7.062801 0.857884 0.170644 0.484682 0.041667 1.000000
-0.709612 -0.093422 7.062801 0.857884 0.170644 0.484682 0.020833 1.000000
-0.709612 -0.093422 7.062801 0.857885 0.170644 -0.484679 0.020833 0.000000
-0.691347 -0.185246 7.062801 0.857885 0.170644 -0.484679 0.041667 0.000000
-0.722221 -0.193519 7.005240 0.857885 0.170644 -0.484679 0.041667 0.083333
-0.741302 -0.097594 7.005240 0.857885 0.170644 -0.484679 0.020833 0.083333
-0.741302 -0.097594 7.005240 0.426968 0.084929 -0.900270 0.020833 0.083333
-0.722221 -0.193519 7.005240 0.426968 0.084929 -0.900270 0.041667 0.083333
-0.806572 -0.216120 6.963104 0.426968 0.084929 -0.900270 0.041667 0.166667
-0.827881 -0.108993 6.963104 0.426968 0.084929 -0.900270 0.020833 0.166667
-0.827881 -0.108993 6.963104 0.126031 0.025069 -0.991709 0.020833 0.166667
-0.806572 -0.216120 6.963104 0.126031 0.025069 -0.991709 0.041667 0.166667
-0.921796 -0.246994 6.947680 0.126031 0.025069 -0.991709 0.041667 0.250000
-0.946149 -0.124563 6.947680 0.126031 0.025069 -0.991709 0.020833 0.250000
-0.946149 -0.124563 6.947680 -0.126031 -0.025069 -0.991709 0.020833 0.250000
-0.921796 -0.246994 6.947680 -0.126031 -0.025069 -0.991709 0.041667 0.250000
-1.037021 -0.277869 6.963104 -0.126031 -0.025069 -0.991709 0.041667 0.333333
-1.064418 -0.140133 6.963104 -0.126031 -0.025069 -0.991709 0.020833 0.333333
-1.064418 -0.140133 6.963104 -0.426968 -0.084929 -0.900270 0.020833 0.333333
-1.037021 -0.277869 6.963104 -0.426968 -0.084929 -0.900270 0.041667 0.333333
-1.121371 -0.300470 7.005240 -0.426968 -0.084929 -0.900270 0.041667 0.416667
-1.150997 -0.151532 7.005240 -0.426968 -0.084929 -0.900270 0.020833 0.416667
-1.150997 -0.151532 7.005240 -0.857885 -0.170643 -0.484679 0.020833 0.416667
-1.121371 -0.300470 7.005240 -0.857885 -0.170643 -0.484679 0.041667 0.416667
-1.152245 -0.308743 7.062801 -0.857885 -0.170643 -0.484679 0.041667 0.500000
-1.182687 -0.155704 7.062801 -0.857885 -0.170643 -0.484679 0.020833 0.500000
-1.152245 -0.308743 7.062801 -0.828271 -0.281160 0.484682 0.041667 0.500000
-1.102089 -0.456500 7.062801 -0.828271 -0.281160 0.484682 0.062500 0.500000
-1.072558 -0.444268 7.120361 -0.828271 -0.281160 0.484682 0.062500 0.583333
-1.121371 -0.300470 7.120361 -0.828271 -0.281160 0.484682 0.041667 0.583333
-1.121371 -0.300470 7.120361 -0.412237 -0.139936 0.900266 0.041667 0.583333
-1.072558 -0.444268 7.120361 -0.412237 -0.139936 0.900266 0.062500 0.583333
-0.991880 -0.410850 7.162498 -0.412237 -0.139936 0.900266 0.062500 0.666667
-1.037021 -0.277869 7.162498 -0.412237 -0.139936 0.900266 0.041667 0.666667
-1.037021 -0.277869 7.162498 -0.121674 -0.041303 0.991710 0.041667 0.666667
-0.991880 -0.410850 7.162498 -0.121674 -0.041303 0.991710 0.062500 0.666667
-0.881671 -0.365200 7.177921 -0.121674 -0.041303 0.991710 0.062500 0.750000
-0.921796 -0.246994 7.177921 -0.121674 -0.041303 0.991710 0.041667 0.750000
-0.921796 -0.246994 7.177921 0.121674 0.041303 0.991710 0.041667 0.750000
-0.881671 -0.365200 7.177921 0.121674 0.041303 0.991710 0.062500 0.750000
-0.771462 -0.319550 7.162498 0.121674 0.041303 0.991710 0.062500 0.833333
-0.806572 -0.216120 7.162498 0.121674 0.041303 0.991710 0.041667 0.833333
-0.806572 -0.216120 7.162498 0.412237 0.139936 0.900266 0.041667 0.833333
-0.771462 -0.319550 7.162498 0.412237 0.139936 0.900266 0.062500 0.833333
-0.690784 -0.286132 7.120361 0.412237 0.139936 0.900266 0.062500 0.916667
-0.722221 -0.193519 7.120361 0.412237 0.139936 0.900266 0.041667 0.916667
-0.722221 -0.193519 7.120361 0.828271 0.281160 0.484681 0.041667 0.916667
-0.690784 -0.286132 7.120361 0.828271 0.281160 0.484681 0.062500 0.916667
-0.661253 -0.273900 7.062801 0.828271 0.281160 0.484681 0.062500 1.000000
-0.691347 -0.185246 7.062801 0.828271 0.281160 0.484681 0.041667 1.000000
-0.691347 -0.185246 7.062801 0.828273 0.281160 -0.484678 0.041667 0.000000
-0.661253 -0.273900 7.062801 0.828273 0.281160 -0.484678 0.062500 0.000000
-0.690784 -0.286132 7.005240 0.828273 0.281160 -0.484678 0.062500 0.083333
-0.722221 -0.193519 7.005240 0.828273 0.281160 -0.484678 0.041667 0.083333
-0.722221 -0.193519 7.005240 0.412230 0.139933 -0.900270 0.041667 0.083333
-0.690784 -0.286132 7.005240 0.412230 0.139933 -0.900270 0.062500 0.083333
-0.771462 -0.319550 6.963104 0.412230 0.139933 -0.900270 0.062500 0.166667
-0.806572 -0.216120 6.963104 0.412230 0.139933 -0.900270 0.041667 0.166667
-0.806572 -0.216120 6.963104 0.121681 0.041305 -0.991709 0.041667 0.166667
-0.771462 -0.319550 6.963104 0.121681 0.041305 -0.991709 0.062500 0.166667
-0.881671 -0.365200 6.947680 0.121681 0.041305 -0.991709 0.062500 0.250000
-0.921796 -0.246994 6.947680 0.121681 0.041305 -0.991709 0.041667 0.250000
-0.921796 -0.246994 6.947680 -0.121681 -0.041305 -0.991710 0.041667 0.250000
-0.881671 -0.365200 6.947680 -0.121681 -0.041305 -0.991710 0.062500 0.250000
-0.991880 -0.410850 6.963104 -0.121681 -0.041305 -0.991710 0.062500 0.333333
-1.037021 -0.277869 6.963104 -0.121681 -0.041305 -0.991710 0.041667 0.333333
-1.037021 -0.277869 6.963104 -0.412230 -0.139933 -0.900270 0.041667 0.333333
-0.991880 -0.410850 6.963104 -0.412230 -0.139933 -0.900270 0.062500 0.333333
-1.072558 -0.444268 7.005240 -0.412230 -0.139933 -0.900270 0.062500 0.416667
-1.121371 -0.300470 7.005240 -0.412230 -0.139933 -0.900270 0.041667 0.416667
-1.121371 -0.300470 7.005240 -0.828272 -0.281161 -0.484679 0.041667 0.416667
-1.072558 -0.444268 7.005240 -0.828272 -0.281161 -0.484679 0.062500 0.416667
-1.102089 -0.456500 7.062801 -0.828272 -0.281161 -0.484679 0.062500 0.500000
-1.152245 -0.308743 7.062801 -0.828272 -0.281161 -0.484679 0.041667 0.500000
-1.102089 -0.456500 7.062801 -0.784486 -0.386865 0.484682 0.062500 0.500000
-1.033075 -0.596446 7.062801 -0.784486 -0.386865 0.484682 0.083333 0.500000
-1.005394 -0.580464 7.120361 -0.784486 -0.386865 0.484682 0.083333 0.583333
-1.072558 -0.444268 7.120361 -0.784486 -0.386865 0.484682 0.062500 0.583333
-1.072558 -0.444268 7.120361 -0.390445 -0.192546 0.900266 0.062500 0.583333
-1.005394 -0.580464 7.120361 -0.390445 -0.192546 0.900266 0.083333 0.583333
-0.929767 -0.536801 7.162498 -0.390445 -0.192546 0.900266 0.083333 0.666667
-0.991880 -0.410850 7.162498 -0.390445 -0.192546 0.900266 0.062500 0.666667
-0.991880 -0.410850 7.162498 -0.115242 -0.056831 0.991711 0.062500 0.666667
-0.929767 -0.536801 7.162498 -0.115242 -0.056831 0.991711 0.083333 0.666667
-0.826460 -0.477157 7.177921 -0.115242 -0.056831 0.991711 0.083333 0.750000
-0.881671 -0.365200 7.177921 -0.115242 -0.056831 0.991711 0.062500 0.750000
-0.881671 -0.365200 7.177921 0.115242 0.056831 0.991710 0.062500 0.750000
-0.826460 -0.477157 7.177921 0.115242 0.056831 0.991710 0.083333 0.750000
-0.723152 -0.417512 7.162498 0.115242 0.056831 0.991710 0.083333 0.833333
-0.771462 -0.319550 7.162498 0.115242 0.056831 0.991710 0.062500 0.833333
-0.771462 -0.319550 7.162498 0.390445 0.192546 0.900266 0.062500 0.833333
-0.723152 -0.417512 7.162498 0.390445 0.192546 0.900266 0.083333 0.833333
-0.647526 -0.373849 7.120361 0.390445 0.192546 0.900266 0.083333 0.916667
-0.690784 -0.286132 7.120361 0.390445 0.192546 0.900266 0.062500 0.916667
-0.690784 -0.286132 7.120361 0.784486 0.386866 0.484681 0.062500 0.916667
-0.647526 -0.373849 7.120361 0.784486 0.386866 0.484681 0.083333 0.916667
-0.619845 -0.357867 7.062801 0.784486 0.386866 0.484681 0.083333 1.000000
-0.661253 -0.273900 7.062801 0.784486 0.386866 0.484681 0.062500 1.000000
-0.661253 -0.273900 7.062801 0.784488 0.386867 -0.484678 0.062500 0.000000
-0.619845 -0.357867 7.062801 0.784488 0.386867 -0.484678 0.083333 0.000000
-0.647526 -0.373849 7.005240 0.784488 0.386867 -0.484678 0.083333 0.083333
-0.690784 -0.286132 7.005240 0.784488 0.386867 -0.484678 0.062500 0.083333
-0.690784 -0.286132 7.005240 0.390438 0.192543 -0.900270 0.062500 0.083333
-0.647526 -0.373849 7.005240 0.390438 0.192543 -0.900270 0.083333 0.083333
-0.723152 -0.417512 6.963104 0.390438 0.192543 -0.900270 0.083333 0.166667
-0.771462 -0.319550 6.963104 0.390438 0.192543 -0.900270 0.062500 0.166667
-0.771462 -0.319550 6.963104 0.115249 0.056834 -0.991709 0.062500 0.166667
-0.723152 -0.417512 6.963104 0.115249 0.056834 -0.991709 0.083333 0.166667
-0.826460 -0.477157 6.947680 0.115249 0.056834 -0.991709 0.083333 0.250000
-0.881671 -0.365200 6.947680 0.115249 0.056834 -0.991709 0.062500 0.250000
-0.881671 -0.365200 6.947680 -0.115249 -0.056834 -0.991709 0.062500 0.250000
-0.826460 -0.477157 6.947680 -0.115249 -0.056834 -0.991709 0.083333 0.250000
-0.929767 -0.536801 6.963104 -0.115249 -0.056834 -0.991709 0.083333 0.333333
-0.991880 -0.410850 6.963104 -0.115249 -0.056834 -0.991709 0.062500 0.333333
-0.991880 -0.410850 6.963104 -0.390438 -0.192543 -0.900270 0.062500 0.333333
-0.929767 -0.536801 6.963104 -0.390438 -0.192543 -0.900270 0.083333 0.333333
-1.005394 -0.580464 7.005240 -0.390438 -0.192543 -0.900270 0.083333 0.416667
-1.072558 -0.444268 7.005240 -0.390438 -0.192543 -0.900270 0.062500 0.416667
-1.072558 -0.444268 7.005240 -0.784488 -0.386866 -0.484679 0.062500 0.416667
-1.005394 -0.580464 7.005240 -0.784488 -0.386866 -0.484679 0.083333 0.416667
-1.033075 -0.596446 7.062801 -0.784488 -0.386866 -0.484679 0.083333 0.500000
-1.102089 -0.456500 7.062801 -0.784488 -0.386866 -0.484679 0.062500 0.500000
-1.033075 -0.596446 7.062801 -0.727279 -0.485952 0.484682 0.083333 0.500000
-0.946385 -0.726187 7.062801 -0.727279 -0.485952 0.484682 0.104167 0.500000
-0.921027 -0.706729 7.120361 -0.727279 -0.485952 0.484682 0.104167 0.583333
-1.005394 -0.580464 7.120361 -0.727279 -0.485952 0.484682 0.083333 0.583333
-1.005394 -0.580464 7.120361 -0.361973 -0.241862 0.900266 0.083333 0.583333
-0.921027 -0.706729 7.120361 -0.361973 -0.241862 0.900266 0.104167 0.583333
-0.851746 -0.653568 7.162498 -0.361973 -0.241862 0.900266 0.104167 0.666667
-0.929767 -0.536801 7.162498 -0.361973 -0.241862 0.900266 0.083333 0.666667
-0.929767 -0.536801 7.162498 -0.106838 -0.071387 0.991710 0.083333 0.666667
-0.851746 -0.653568 7.162498 -0.106838 -0.071387 0.991710 0.104167 0.666667
-0.757108 -0.580949 7.177921 -0.106838 -0.071387 0.991710 0.104167 0.750000
-0.826460 -0.477157 7.177921 -0.106838 -0.071387 0.991710 0.083333 0.750000
-0.826460 -0.477157 7.177921 0.106838 0.071387 0.991710 0.083333 0.750000
-0.757108 -0.580949 7.177921 0.106838 0.071387 0.991710 0.104167 0.750000
-0.662469 -0.508331 7.162498 0.106838 0.071387 0.991710 0.104167 0.833333
-0.723152 -0.417512 7.162498 0.106838 0.071387 0.991710 0.083333 0.833333
-0.723152 -0.417512 7.162498 0.361973 0.241862 0.900266 0.083333 0.833333
-0.662469 -0.508331 7.162498 0.361973 0.241862 0.900266 0.104167 0.833333
-0.593189 -0.455170 7.120361 0.361973 0.241862 0.900266 0.104167 0.916667
-0.647526 -0.373849 7.120361 0.361973 0.241862 0.900266 0.083333 0.916667
-0.647526 -0.373849 7.120361 0.727279 0.485952 0.484681 0.083333 0.916667
-0.593189 -0.455170 7.120361 0.727279 0.485952 0.484681 0.104167 0.916667
-0.567831 -0.435712 7.062801 0.727279 0.485952 0.484681 0.104167 1.000000
-0.619845 -0.357867 7.062801 0.727279 0.485952 0.484681 0.083333 1.000000
-0.619845 -0.357867 7.062801 0.727280 0.485953 -0.484678 0.083333 0.000000
-0.567831 -0.435712 7.062801 0.727280 0.485953 -0.484678 0.104167 0.000000
-0.593189 -0.455170 7.005240 0.727280 0.485953 -0.484678 0.104167 0.083333
-0.647526 -0.373849 7.005240 0.727280 0.485953 -0.484678 0.083333 0.083333
-0.647526 -0.373849 7.005240 0.361966 0.241858 -0.900270 0.083333 0.083333
-0.593189 -0.455170 7.005240 0.361966 0.241858 -0.900270 0.104167 0.083333
-0.662469 -0.508331 6.963104 0.361966 0.241858 -0.900270 0.104167 0.166667
-0.723152 -0.417512 6.963104 0.361966 0.241858 -0.900270 0.083333 0.166667
-0.723152 -0.417512 6.963104 0.106844 0.071391 -0.991709 0.083333 0.166667
-0.662469 -0.508331 6.963104 0.106844 0.071391 -0.991709 0.104167 0.166667
-0.757108 -0.580949 6.947680 0.106844 0.071391 -0.991709 0.104167 0.250000
-0.826460 -0.477157 6.947680 0.106844 0.071391 -0.991709 0.083333 0.250000
-0.826460 -0.477157 6.947680 -0.106844 -0.071391 -0.991709 0.083333 0.250000
-0.757108 -0.580949 6.947680 -0.106844 -0.071391 -0.991709 0.104167 0.250000
-0.851746 -0.653568 6.963104 -0.106844 -0.071391 -0.991709 0.104167 0.333333
-0.929767 -0.536801 6.963104 -0.106844 -0.071391 -0.991709 0.083333 0.333333
-0.929767 -0.536801 6.963104 -0.361966 -0.241858 -0.900270 0.083333 0.333333
-0.851746 -0.653568 6.963104 -0.361966 -0.241858 -0.900270 0.104167 0.333333
-0.921027 -0.706729 7.005240 -0.361966 -0.241858 -0.900270 0.104167 0.416667
-1.005394 -0.580464 7.005240 -0.361966 -0.241858 -0.900270 0.083333 0.416667
-1.005394 -0.580464 7.005240 -0.727280 -0.485953 -0.484678 0.083333 0.416667
-0.921027 -0.706729 7.005240 -0.727280 -0.485953 -0.484678 0.104167 0.416667
-0.946385 -0.726187 7.062801 -0.727280 -0.485953 -0.484678 0.104167 0.500000
-1.033075 -0.596446 7.062801 -0.727280 -0.485953 -0.484678 0.083333 0.500000
-0.946385 -0.726187 7.062801 -0.657628 -0.576724 0.484681 0.104167 0.500000
-0.843502 -0.843502 7.062801 -0.657628 -0.576724 0.484681 0.125000 0.500000
-0.820901 -0.820900 7.120361 -0.657628 -0.576724 0.484681 0.125000 0.583333
-0.921027 -0.706729 7.120361 -0.657628 -0.576724 0.484681 0.104167 0.583333
-0.921027 -0.706729 7.120361 -0.327306 -0.287040 0.900266 0.104167 0.583333
-0.820901 -0.820900 7.120361 -0.327306 -0.287040 0.900266 0.125000 0.583333
-0.759152 -0.759152 7.162498 -0.327306 -0.287040 0.900266 0.125000 0.666667
-0.851746 -0.653568 7.162498 -0.327306 -0.287040 0.900266 0.104167 0.666667
-0.851746 -0.653568 7.162498 -0.096606 -0.084721 0.991710 0.104167 0.666667
-0.759152 -0.759152 7.162498 -0.096606 -0.084721 0.991710 0.125000 0.666667
-0.674802 -0.674801 7.177921 -0.096606 -0.084721 0.991710 0.125000 0.750000
-0.757108 -0.580949 7.177921 -0.096606 -0.084721 0.991710 0.104167 0.750000
-0.757108 -0.580949 7.177921 0.096606 0.084721 0.991710 0.104167 0.750000
-0.674802 -0.674801 7.177921 0.096606 0.084721 0.991710 0.125000 0.750000
-0.590452 -0.590451 7.162498 0.096606 0.084721 0.991710 0.125000 0.833333
-0.662469 -0.508331 7.162498 0.096606 0.084721 0.991710 0.104167 0.833333
-0.662469 -0.508331 7.162498 0.327306 0.287040 0.900266 0.104167 0.833333
-0.590452 -0.590451 7.162498 0.327306 0.287040 0.900266 0.125000 0.833333
-0.528703 -0.528703 7.120361 0.327306 0.287040 0.900266 0.125000 0.916667
-0.593189 -0.455170 7.120361 0.327306 0.287040 0.900266 0.104167 0.916667
-0.593189 -0.455170 7.120361 0.657627 0.576724 0.484682 0.104167 0.916667
-0.528703 -0.528703 7.120361 0.657627 0.576724 0.484682 0.125000 0.916667
-0.506101 -0.506101 7.062801 0.657627 0.576724 0.484682 0.125000 1.000000
-0.567831 -0.435712 7.062801 0.657627 0.576724 0.484682 0.104167 1.000000
-0.567831 -0.435712 7.062801 0.657629 0.576725 -0.484679 0.104167 0.000000
-0.506101 -0.506101 7.062801 0.657629 0.576725 -0.484679 0.125000 0.000000
-0.528703 -0.528703 7.005240 0.657629 0.576725 -0.484679 0.125000 0.083333
-0.593189 -0.455170 7.005240 0.657629 0.576725 -0.484679 0.104167 0.083333
-0.593189 -0.455170 7.005240 0.327300 0.287035 -0.900270 0.104167 0.083333
-0.528703 -0.528703 7.005240 0.327300 0.287035 -0.900270 0.125000 0.083333
-0.590452 -0.590451 6.963104 0.327300 0.287035 -0.900270 0.125000 0.166667
-0.662469 -0.508331 6.963104 0.327300 0.287035 -0.900270 0.104167 0.166667
-0.662469 -0.508331 6.963104 0.096612 0.084726 -0.991709 0.104167 0.166667
-0.590452 -0.590451 6.963104 0.096612 0.084726 -0.991709 0.125000 0.166667
-0.674802 -0.674801 6.947680 0.096612 0.084726 -0.991709 0.125000 0.250000
-0.757108 -0.580949 6.947680 0.096612 0.084726 -0.991709 0.104167 0.250000
-0.757108 -0.580949 6.947680 -0.096612 -0.084726 -0.991709 0.104167 0.250000
-0.674802 -0.674801 6.947680 -0.096612 -0.084726 -0.991709 0.125000 0.250000
-0.759152 -0.759152 6.963104 -0.096612 -0.084726 -0.991709 0.125000 0.333333
-0.851746 -0.653568 6.963104 -0.096612 -0.084726 -0.991709 0.104167 0.333333
-0.851746 -0.653568 6.963104 -0.327300 -0.287035 -0.900270 0.104167 0.333333
-0.759152 -0.759152 6.963104 -0.327300 -0.287035 -0.900270 0.125000 0.333333
-0.820901 -0.820900 7.005240 -0.327300 -0.287035 -0.900270 0.125000 0.416667
-0.921027 -0.706729 7.005240 -0.327300 -0.287035 -0.900270 0.104167 0.416667
-0.921027 -0.706729 7.005240 -0.657629 -0.576725 -0.484678 0.104167 0.416667
-0.820901 -0.820900 7.005240 -0.657629 -0.576725 -0.484678 0.125000 0.416667
-0.843502 -0.843502 7.062801 -0.657629 -0.576725 -0.484678 0.125000 0.500000
-0.946385 -0.726187 7.062801 -0.657629 -0.576725 -0.484678 0.104167 0.500000
-0.843502 -0.843502 7.062801 -0.576724 -0.657627 0.484682 0.125000 0.500000
-0.726187 -0.946384 7.062801 -0.576724 -0.657627 0.484682 0.145833 0.500000
-0.706729 -0.921026 7.120361 -0.576724 -0.657627 0.484682 0.145833 0.583333
-0.820901 -0.820900 7.120361 -0.576724 -0.657627 0.484682 0.125000 0.583333
-0.820901 -0.820900 7.120361 -0.287040 -0.327306 0.900266 0.125000 0.583333
-0.706729 -0.921026 7.120361 -0.287040 -0.327306 0.900266 0.145833 0.583333
-0.653568 -0.851746 7.162498 -0.287040 -0.327306 0.900266 0.145833 0.666667
-0.759152 -0.759152 7.162498 -0.287040 -0.327306 0.900266 0.125000 0.666667
-0.759152 -0.759152 7.162498 -0.084721 -0.096606 0.991710 0.125000 0.666667
-0.653568 -0.851746 7.162498 -0.084721 -0.096606 0.991710 0.145833 0.666667
-0.580950 -0.757108 7.177921 -0.084721 -0.096606 0.991710 0.145833 0.750000
-0.674802 -0.674801 7.177921 -0.084721 -0.096606 0.991710 0.125000 0.750000
-0.674802 -0.674801 7.177921 0.084721 0.096606 0.991710 0.125000 0.750000
-0.580950 -0.757108 7.177921 0.084721 0.096606 0.991710 0.145833 0.750000
-0.508331 -0.662469 7.162498 0.084721 0.096606 0.991710 0.145833 0.833333
-0.590452 -0.590451 7.162498 0.084721 0.096606 0.991710 0.125000 0.833333
-0.590452 -0.590451 7.162498 0.287040 0.327306 0.900266 0.125000 0.833333
-0.508331 -0.662469 7.162498 0.287040 0.327306 0.900266 0.145833 0.833333
-0.455170 -0.593189 7.120361 0.287040 0.327306 0.900266 0.145833 0.916667
-0.528703 -0.528703 7.120361 0.287040 0.327306 0.900266 0.125000 0.916667
-0.528703 -0.528703 7.120361 0.576724 0.657627 0.484681 0.125000 0.916667
-0.455170 -0.593189 7.120361 0.576724 0.657627 0.484681 0.145833 0.916667
-0.435712 -0.567831 7.062801 0.576724 0.657627 0.484681 0.145833 1.000000
-0.506101 -0.506101 7.062801 0.576724 0.657627 0.484681 0.125000 1.000000
-0.506101 -0.506101 7.062801 0.576725 0.657628 -0.484678 0.125000 0.000000
-0.435712 -0.567831 7.062801 0.576725 0.657628 -0.484678 0.145833 0.000000
-0.455170 -0.593189 7.005240 0.576725 0.657628 -0.484678 0.145833 0.083333
-0.528703 -0.528703 7.005240 0.576725 0.657628 -0.484678 0.125000 0.083333
-0.528703 -0.528703 7.005240 0.287035 0.327300 -0.900270 0.125000 0.083333
-0.455170 -0.593189 7.005240 0.287035 0.327300 -0.900270 0.145833 0.083333
-0.508331 -0.662469 6.963104 0.287035 0.327300 -0.900270 0.145833 0.166667
-0.590452 -0.590451 6.963104 0.287035 0.327300 -0.900270 0.125000 0.166667
-0.590452 -0.590451 6.963104 0.084726 0.096612 -0.991709 0.125000 0.166667
-0.508331 -0.662469 6.963104 0.084726 0.096612 -0.991709 0.145833 0.166667
-0.580950 -0.757108 6.947680 0.084726 0.096612 -0.991709 0.145833 0.250000
-0.674802 -0.674801 6.947680 0.084726 0.096612 -0.991709 0.125000 0.250000
-0.674802 -0.674801 6.947680 -0.084726 -0.096612 -0.991710 0.125000 0.250000
-0.580950 -0.757108 6.947680 -0.084726 -0.096612 -0.991710 0.145833 0.250000
-0.653568 -0.851746 6.963104 -0.084726 -0.096612 -0.991710 0.145833 0.333333
-0.759152 -0.759152 6.963104 -0.084726 -0.096612 -0.991710 0.125000 0.333333
-0.759152 -0.759152 6.963104 -0.287035 -0.327300 -0.900270 0.125000 0.333333
-0.653568 -0.851746 6.963104 -0.287035 -0.327300 -0.900270 0.145833 0.333333
-0.706729 -0.921026 7.005240 -0.287035 -0.327300 -0.900270 0.145833 0.416667
-0.820901 -0.820900 7.005240 -0.287035 -0.327300 -0.900270 0.125000 0.416667
-0.820901 -0.820900 7.005240 -0.576725 -0.657628 -0.484679 0.125000 0.416667
-0.706729 -0.921026 7.005240 -0.576725 -0.657628 -0.484679 0.145833 0.416667
-0.726187 -0.946384 7.062801 -0.576725 -0.657628 -0.484679 0.145833 0.500000
-0.843502 -0.843502 7.062801 -0.576725 -0.657628 -0.484679 0.125000 0.500000
-0.726187 -0.946384 7.062801 -0.485952 -0.727278 0.484682 0.145833 0.500000
-0.596446 -1.033075 7.062801 -0.485952 -0.727278 0.484682 0.166667 0.500000
-0.580464 -1.005394 7.120361 -0.485952 -0.727278 0.484682 0.166667 0.583333
-0.706729 -0.921026 7.120361 -0.485952 -0.727278 0.484682 0.145833 0.583333
-0.706729 -0.921026 7.120361 -0.241862 -0.361972 0.900266 0.145833 0.583333
-0.580464 -1.005394 7.120361 -0.241862 -0.361972 0.900266 0.166667 0.583333
-0.536801 -0.929767 7.162498 -0.241862 -0.361972 0.900266 0.166667 0.666667
-0.653568 -0.851746 7.162498 -0.241862 -0.361972 0.900266 0.145833 0.666667
-0.653568 -0.851746 7.162498 -0.071387 -0.106838 0.991711 0.145833 0.666667
-0.536801 -0.929767 7.162498 -0.071387 -0.106838 0.991711 0.166667 0.666667
-0.477157 -0.826460 7.177921 -0.071387 -0.106838 0.991711 0.166667 0.750000
-0.580950 -0.757108 7.177921 -0.071387 -0.106838 0.991711 0.145833 0.750000
-0.580950 -0.757108 7.177921 0.071387 0.106838 0.991710 0.145833 0.750000
-0.477157 -0.826460 7.177921 0.071387 0.106838 0.991710 0.166667 0.750000
-0.417512 -0.723152 7.162498 0.071387 0.106838 0.991710 0.166667 0.833333
-0.508331 -0.662469 7.162498 0.071387 0.106838 0.991710 0.145833 0.833333
-0.508331 -0.662469 7.162498 0.241862 0.361972 0.900266 0.145833 0.833333
-0.417512 -0.723152 7.162498 0.241862 0.361972 0.900266 0.166667 0.833333
-0.373849 -0.647526 7.120361 0.241862 0.361972 0.900266 0.166667 0.916667
-0.455170 -0.593189 7.120361 0.241862 0.361972 0.900266 0.145833 0.916667
-0.455170 -0.593189 7.120361 0.485952 0.727279 0.484681 0.145833 0.916667
-0.373849 -0.647526 7.120361 0.485952 0.727279 0.484681 0.166667 0.916667
-0.357867 -0.619845 7.062801 0.485952 0.727279 0.484681 0.166667 1.000000
-0.435712 -0.567831 7.062801 0.485952 0.727279 0.484681 0.145833 1.000000
-0.435712 -0.567831 7.062801 0.485953 0.727280 -0.484678 0.145833 0.000000
-0.357867 -0.619845 7.062801 0.485953 0.727280 -0.484678 0.166667 0.000000
-0.373849 -0.647526 7.005240 0.485953 0.727280 -0.484678 0.166667 0.083333
-0.455170 -0.593189 7.005240 0.485953 0.727280 -0.484678 0.145833 0.083333
-0.455170 -0.593189 7.005240 0.241858 0.361966 -0.900270 0.145833 0.083333
-0.373849 -0.647526 7.005240 0.241858 0.361966 -0.900270 0.166667 0.083333
-0.417512 -0.723152 6.963104 0.241858 0.361966 -0.900270 0.166667 0.166667
-0.508331 -0.662469 6.963104 0.241858 0.361966 -0.900270 0.145833 0.166667
-0.508331 -0.662469 6.963104 0.071391 0.106844 -0.991709 0.145833 0.166667
-0.417512 -0.723152 6.963104 0.071391 0.106844 -0.991709 0.166667 0.166667
-0.477157 -0.826460 6.947680 0.071391 0.106844 -0.991709 0.166667 0.250000
-0.580950 -0.757108 6.947680 0.071391 0.106844 -0.991709 0.145833 0.250000
-0.580950 -0.757108 6.947680 -0.071391 -0.106844 -0.991709 0.145833 0.250000
-0.477157 -0.826460 6.947680 -0.071391 -0.106844 -0.991709 0.166667 0.250000
-0.536801 -0.929767 6.963104 -0.071391 -0.106844 -0.991709 0.166667 0.333333
-0.653568 -0.851746 6.963104 -0.071391 -0.106844 -0.991709 0.145833 0.333333
-0.653568 -0.851746 6.963104 -0.241858 -0.361966 -0.900270 0.145833 0.333333
-0.536801 -0.929767 6.963104 -0.241858 -0.361966 -0.900270 0.166667 0.333333
-0.580464 -1.005394 7.005240 -0.241858 -0.361966 -0.900270 0.166667 0.416667
-0.706729 -0.921026 7.005240 -0.241858 -0.361966 -0.900270 0.145833 0.416667
-0.706729 -0.921026 7.005240 -0.485953 -0.727280 -0.484679 0.145833 0.416667
-0.580464 -1.005394 7.005240 -0.485953 -0.727280 -0.484679 0.166667 0.416667
-0.596446 -1.033075 7.062801 -0.485953 -0.727280 -0.484679 0.166667 0.500000
-0.726187 -0.946384 7.062801 -0.485953 -0.727280 -0.484679 0.145833 0.500000
-0.596446 -1.033075 7.062801 -0.386865 -0.784486 0.484682 0.166667 0.500000
-0.456500 -1.102088 7.062801 -0.386865 -0.784486 0.484682 0.187500 0.500000
-0.444268 -1.072558 7.120361 -0.386865 -0.784486 0.484682 0.187500 0.583333
-0.580464 -1.005394 7.120361 -0.386865 -0.784486 0.484682 0.166667 0.583333
-0.580464 -1.005394 7.120361 -0.192546 -0.390445 0.900266 0.166667 0.583333
-0.444268 -1.072558 7.120361 -0.192546 -0.390445 0.900266 0.187500 0.583333
-0.410850 -0.991880 7.162498 -0.192546 -0.390445 0.900266 0.187500 0.666667
-0.536801 -0.929767 7.162498 -0.192546 -0.390445 0.900266 0.166667 0.666667
-0.536801 -0.929767 7.162498 -0.056831 -0.115242 0.991710 0.166667 0.666667
-0.410850 -0.991880 7.162498 -0.056831 -0.115242 0.991710 0.187500 0.666667
-0.365200 -0.881671 7.177921 -0.056831 -0.115242 0.991710 0.187500 0.750000
-0.477157 -0.826460 7.177921 -0.056831 -0.115242 0.991710 0.166667 0.750000
-0.477157 -0.826460 7.177921 0.056831 0.115242 0.991710 0.166667 0.750000
-0.365200 -0.881671 7.177921 0.056831 0.115242 0.991710 0.187500 0.750000
-0.319550 -0.771462 7.162498 0.056831 0.115242 0.991710 0.187500 0.833333
-0.417512 -0.723152 7.162498 0.056831 0.115242 0.991710 0.166667 0.833333
-0.417512 -0.723152 7.162498 0.192546 0.390445 0.900266 0.166667 0.833333
-0.319550 -0.771462 7.162498 0.192546 0.390445 0.900266 0.187500 0.833333
-0.286132 -0.690783 7.120361 0.192546 0.390445 0.900266 0.187500 0.916667
-0.373849 -0.647526 7.120361 0.192546 0.390445 0.900266 0.166667 0.916667
-0.373849 -0.647526 7.120361 0.386866 0.784486 0.484682 0.166667 0.916667
-0.286132 -0.690783 7.120361 0.386866 0.784486 0.484682 0.187500 0.916667
-0.273900 -0.661253 7.062801 0.386866 0.784486 0.484682 0.187500 1.000000
-0.357867 -0.619845 7.062801 0.386866 0.784486 0.484682 0.166667 1.000000
-0.357867 -0.619845 7.062801 0.386867 0.784488 -0.484679 0.166667 0.000000
-0.273900 -0.661253 7.062801 0.386867 0.784488 -0.484679 0.187500 0.000000
-0.286132 -0.690783 7.005240 0.386867 0.784488 -0.484679 0.187500 0.083333
-0.373849 -0.647526 7.005240 0.386867 0.784488 -0.484679 0.166667 0.083333
-0.373849 -0.647526 7.005240 0.192543 0.390438 -0.900270 0.166667 0.083333
-0.286132 -0.690783 7.005240 0.192543 0.390438 -0.900270 0.187500 0.083333
-0.319550 -0.771462 6.963104 0.192543 0.390438 -0.900270 0.187500 0.166667
-0.417512 -0.723152 6.963104 0.192543 0.390438 -0.900270 0.166667 0.166667
-0.417512 -0.723152 6.963104 0.056834 0.115249 -0.991709 0.166667 0.166667
-0.319550 -0.771462 6.963104 0.056834 0.115249 -0.991709 0.187500 0.166667
-0.365200 -0.881671 6.947680 0.056834 0.115249 -0.991709 0.187500 0.250000
-0.477157 -0.826460 6.947680 0.056834 0.115249 -0.991709 0.166667 0.250000
-0.477157 -0.826460 6.947680 -0.056834 -0.115249 -0.991709 0.166667 0.250000
-0.365200 -0.881671 6.947680 -0.056834 -0.115249 -0.991709 0.187500 0.250000
-0.410850 -0.991880 6.963104 -0.056834 -0.115249 -0.991709 0.187500 0.333333
-0.536801 -0.929767 6.963104 -0.056834 -0.115249 -0.991709 0.166667 0.333333
-0.536801 -0.929767 6.963104 -0.192542 -0.390438 -0.900270 0.166667 0.333333
-0.410850 -0.991880 6.963104 -0.192542 -0.390438 -0.900270 0.187500 0.333333
-0.444268 -1.072558 7.005240 -0.192542 -0.390438 -0.900270 0.187500 0.416667
-0.580464 -1.005394 7.005240 -0.192542 -0.390438 -0.900270 0.166667 0.416667
-0.580464 -1.005394 7.005240 -0.386866 -0.784488 -0.484679 0.166667 0.416667
-0.444268 -1.072558 7.005240 -0.386866 -0.784488 -0.484679 0.187500 0.416667
-0.456500 -1.102088 7.062801 -0.386866 -0.784488 -0.484679 0.187500 0.500000
-0.596446 -1.033075 7.062801 -0.386866 -0.784488 -0.484679 0.166667 0.500000
-0.456500 -1.102088 7.062801 -0.281161 -0.828270 0.484682 0.187500 0.500000
-0.308744 -1.152245 7.062801 -0.281161 -0.828270 0.484682 0.208333 0.500000
-0.300471 -1.121371 7.120361 -0.281161 -0.828270 0.484682 0.208333 0.583333
-0.444268 -1.072558 7.120361 -0.281161 -0.828270 0.484682 0.187500 0.583333
-0.444268 -1.072558 7.120361 -0.139936 -0.412237 0.900266 0.187500 0.583333
-0.300471 -1.121371 7.120361 -0.139936 -0.412237 0.900266 0.208333 0.583333
-0.277869 -1.037021 7.162498 -0.139936 -0.412237 0.900266 0.208333 0.666667
-0.410850 -0.991880 7.162498 -0.139936 -0.412237 0.900266 0.187500 0.666667
-0.410850 -0.991880 7.162498 -0.041303 -0.121674 0.991710 0.187500 0.666667
-0.277869 -1.037021 7.162498 -0.041303 -0.121674 0.991710 0.208333 0.666667
-0.246995 -0.921796 7.177921 -0.041303 -0.121674 0.991710 0.208333 0.750000
-0.365200 -0.881671 7.177921 -0.041303 -0.121674 0.991710 0.187500 0.750000
-0.365200 -0.881671 7.177921 0.041303 0.121674 0.991710 0.187500 0.750000
-0.246995 -0.921796 7.177921 0.041303 0.121674 0.991710 0.208333 0.750000
-0.216120 -0.806572 7.162498 0.041303 0.121674 0.991710 0.208333 0.833333
-0.319550 -0.771462 7.162498 0.041303 0.121674 0.991710 0.187500 0.833333
-0.319550 -0.771462 7.162498 0.139936 0.412237 0.900266 0.187500 0.833333
-0.216120 -0.806572 7.162498 0.139936 0.412237 0.900266 0.208333 0.833333
-0.193519 -0.722221 7.120361 0.139936 0.412237 0.900266 0.208333 0.916667
-0.286132 -0.690783 7.120361 0.139936 0.412237 0.900266 0.187500 0.916667
-0.286132 -0.690783 7.120361 0.281160 0.828271 0.484682 0.187500 0.916667
-0.193519 -0.722221 7.120361 0.281160 0.828271 0.484682 0.208333 0.916667
-0.185246 -0.691347 7.062801 0.281160 0.828271 0.484682 0.208333 1.000000
-0.273900 -0.661253 7.062801 0.281160 0.828271 0.484682 0.187500 1.000000
-0.273900 -0.661253 7.062801 0.281161 0.828273 -0.484678 0.187500 0.000000
-0.185246 -0.691347 7.062801 0.281161 0.828273 -0.484678 0.208333 0.000000
-0.193519 -0.722221 7.005240 0.281161 0.828273 -0.484678 0.208333 0.083333
-0.286132 -0.690783 7.005240 0.281161 0.828273 -0.484678 0.187500 0.083333
-0.286132 -0.690783 7.005240 0.139933 0.412230 -0.900270 0.187500 0.083333
-0.193519 -0.722221 7.005240 0.139933 0.412230 -0.900270 0.208333 0.083333
-0.216120 -0.806572 6.963104 0.139933 0.412230 -0.900270 0.208333 0.166667
-0.319550 -0.771462 6.963104 0.139933 0.412230 -0.900270 0.187500 0.166667
-0.319550 -0.771462 6.963104 0.041305 0.121681 -0.991709 0.187500 0.166667
-0.216120 -0.806572 6.963104 0.041305 0.121681 -0.991709 0.208333 0.166667
-0.246995 -0.921796 6.947680 0.041305 0.121681 -0.991709 0.208333 0.250000
-0.365200 -0.881671 6.947680 0.041305 0.121681 -0.991709 0.187500 0.250000
-0.365200 -0.881671 6.947680 -0.041305 -0.121681 -0.991709 0.187500 0.250000
-0.246995 -0.921796 6.947680 -0.041305 -0.121681 -0.991709 0.208333 0.250000
-0.277869 -1.037021 6.963104 -0.041305 -0.121681 -0.991709 0.208333 0.333333
-0.410850 -0.991880 6.963104 -0.041305 -0.121681 -0.991709 0.187500 0.333333
-0.410850 -0.991880 6.963104 -0.139933 -0.412229 -0.900270 0.187500 0.333333
-0.277869 -1.037021 6.963104 -0.139933 -0.412229 -0.900270 0.208333 0.333333
-0.300471 -1.121371 7.005240 -0.139933 -0.412229 -0.900270 0.208333 0.416667
-0.444268 -1.072558 7.005240 -0.139933 -0.412229 -0.900270 0.187500 0.416667
-0.444268 -1.072558 7.005240 -0.281161 -0.828272 -0.484679 0.187500 0.416667
-0.300471 -1.121371 7.005240 -0.281161 -0.828272 -0.484679 0.208333 0.416667
-0.308744 -1.152245 7.062801 -0.281161 -0.828272 -0.484679 0.208333 0.500000
-0.456500 -1.102088 7.062801 -0.281161 -0.828272 -0.484679 0.187500 0.500000
-0.308744 -1.152245 7.062801 -0.170644 -0.857883 0.484682 0.208333 0.500000
-0.155704 -1.182687 7.062801 -0.170644 -0.857883 0.484682 0.229167 0.500000
-0.151532 -1.150997 7.120361 -0.170644 -0.857883 0.484682 0.229167 0.583333
-0.300471 -1.121371 7.120361 -0.170644 -0.857883 0.484682 0.208333 0.583333
-0.300471 -1.121371 7.120361 -0.084931 -0.426976 0.900266 0.208333 0.583333
-0.151532 -1.150997 7.120361 -0.084931 -0.426976 0.900266 0.229167 0.583333
-0.140134 -1.064418 7.162498 -0.084931 -0.426976 0.900266 0.229167 0.666667
-0.277869 -1.037021 7.162498 -0.084931 -0.426976 0.900266 0.208333 0.666667
-0.277869 -1.037021 7.162498 -0.025068 -0.126024 0.991710 0.208333 0.666667
-0.140134 -1.064418 7.162498 -0.025068 -0.126024 0.991710 0.229167 0.666667
-0.124563 -0.946149 7.177921 -0.025068 -0.126024 0.991710 0.229167 0.750000
-0.246995 -0.921796 7.177921 -0.025068 -0.126024 0.991710 0.208333 0.750000
-0.246995 -0.921796 7.177921 0.025068 0.126024 0.991710 0.208333 0.750000
-0.124563 -0.946149 7.177921 0.025068 0.126024 0.991710 0.229167 0.750000
-0.108993 -0.827881 7.162498 0.025068 0.126024 0.991710 0.229167 0.833333
-0.216120 -0.806572 7.162498 0.025068 0.126024 0.991710 0.208333 0.833333
-0.216120 -0.806572 7.162498 0.084931 0.426976 0.900266 0.208333 0.833333
-0.108993 -0.827881 7.162498 0.084931 0.426976 0.900266 0.229167 0.833333
-0.097595 -0.741302 7.120361 0.084931 0.426976 0.900266 0.229167 0.916667
-0.193519 -0.722221 7.120361 0.084931 0.426976 0.900266 0.208333 0.916667
-0.193519 -0.722221 7.120361 0.170644 0.857884 0.484681 0.208333 0.916667
-0.097595 -0.741302 7.120361 0.170644 0.857884 0.484681 0.229167 0.916667
-0.093423 -0.709612 7.062801 0.170644 0.857884 0.484681 0.229167 1.000000
-0.185246 -0.691347 7.062801 0.170644 0.857884 0.484681 0.208333 1.000000
-0.185246 -0.691347 7.062801 0.170644 0.857885 -0.484678 0.208333 0.000000
-0.093423 -0.709612 7.062801 0.170644 0.857885 -0.484678 0.229167 0.000000
-0.097595 -0.741302 7.005240 0.170644 0.857885 -0.484678 0.229167 0.083333
-0.193519 -0.722221 7.005240 0.170644 0.857885 -0.484678 0.208333 0.083333
-0.193519 -0.722221 7.005240 0.084929 0.426968 -0.900270 0.208333 0.083333
-0.097595 -0.741302 7.005240 0.084929 0.426968 -0.900270 0.229167 0.083333
-0.108993 -0.827881 6.963104 0.084929 0.426968 -0.900270 0.229167 0.166667
-0.216120 -0.806572 6.963104 0.084929 0.426968 -0.900270 0.208333 0.166667
-0.216120 -0.806572 6.963104 0.025069 0.126031 -0.991709 0.208333 0.166667
-0.108993 -0.827881 6.963104 0.025069 0.126031 -0.991709 0.229167 0.166667
-0.124563 -0.946149 6.947680 0.025069 0.126031 -0.991709 0.229167 0.250000
-0.246995 -0.921796 6.947680 0.025069 0.126031 -0.991709 0.208333 0.250000
-0.246995 -0.921796 6.947680 -0.025069 -0.126031 -0.991710 0.208333 0.250000
-0.124563 -0.946149 6.947680 -0.025069 -0.126031 -0.991710 0.229167 0.250000
-0.140134 -1.064418 6.963104 -0.025069 -0.126031 -0.991710 0.229167 0.333333
-0.277869 -1.037021 6.963104 -0.025069 -0.126031 -0.991710 0.208333 0.333333
-0.277869 -1.037021 6.963104 -0.084929 -0.426968 -0.900270 0.208333 0.333333
-0.140134 -1.064418 6.963104 -0.084929 -0.426968 -0.900270 0.229167 0.333333
-0.151532 -1.150997 7.005240 -0.084929 -0.426968 -0.900270 0.229167 0.416667
-0.300471 -1.121371 7.005240 -0.084929 -0.426968 -0.900270 0.208333 0.416667
-0.300471 -1.121371 7.005240 -0.170644 -0.857885 -0.484679 0.208333 0.416667
-0.151532 -1.150997 7.005240 -0.170644 -0.857885 -0.484679 0.229167 0.416667
-0.155704 -1.182687 7.062801 -0.170644 -0.857885 -0.484679 0.229167 0.500000
-0.308744 -1.152245 7.062801 -0.170644 -0.857885 -0.484679 0.208333 0.500000
-0.155704 -1.182687 7.062801 -0.057207 -0.872818 0.484682 0.229167 0.500000
0.000000 -1.192892 7.062801 -0.057207 -0.872818 0.484682 0.250000 0.500000
0.000000 -1.160928 7.120361 -0.057207 -0.872818 0.484682 0.250000 0.583333
-0.151532 -1.150997 7.120361 -0.057207 -0.872818 0.484682 0.229167 0.583333
-0.151532 -1.150997 7.120361 -0.028473 -0.434409 0.900266 0.229167 0.583333
0.000000 -1.160928 7.120361 -0.028473 -0.434409 0.900266 0.250000 0.583333
0.000000 -1.073603 7.162498 -0.028473 -0.434409 0.900266 0.250000 0.666667
-0.140134 -1.064418 7.162498 -0.028473 -0.434409 0.900266 0.229167 0.666667
-0.140134 -1.064418 7.162498 -0.008404 -0.128218 0.991710 0.229167 0.666667
0.000000 -1.073603 7.162498 -0.008404 -0.128218 0.991710 0.250000 0.666667
0.000000 -0.954314 7.177921 -0.008404 -0.128218 0.991710 0.250000 0.750000
-0.124563 -0.946149 7.177921 -0.008404 -0.128218 0.991710 0.229167 0.750000
-0.124563 -0.946149 7.177921 0.008404 0.128218 0.991710 0.229167 0.750000
0.000000 -0.954314 7.177921 0.008404 0.128218 0.991710 0.250000 0.750000
0.000000 -0.835024 7.162498 0.008404 0.128218 0.991710 0.250000 0.833333
-0.108993 -0.827881 7.162498 0.008404 0.128218 0.991710 0.229167 0.833333
-0.108993 -0.827881 7.162498 0.028473 0.434409 0.900266 0.229167 0.833333
0.000000 -0.835024 7.162498 0.028473 0.434409 0.900266 0.250000 0.833333
0.000000 -0.747699 7.120361 0.028473 0.434409 0.900266 0.250000 0.916667
-0.097595 -0.741302 7.120361 0.028473 0.434409 0.900266 0.229167 0.916667
-0.097595 -0.741302 7.120361 0.057208 0.872818 0.484682 0.229167 0.916667
0.000000 -0.747699 7.120361 0.057208 0.872818 0.484682 0.250000 0.916667
0.000000 -0.715735 7.062801 0.057208 0.872818 0.484682 0.250000 1.000000
-0.093423 -0.709612 7.062801 0.057208 0.872818 0.484682 0.229167 1.000000
-0.093423 -0.709612 7.062801 0.057208 0.872820 -0.484678 0.229167 0.000000
0.000000 -0.715735 7.062801 0.057208 0.872820 -0.484678 0.250000 0.000000
0.000000 -0.747699 7.005240 0.057208 0.872820 -0.484678 0.250000 0.083333
-0.097595 -0.741302 7.005240 0.057208 0.872820 -0.484678 0.229167 0.083333
-0.097595 -0.741302 7.005240 0.028472 0.434401 -0.900270 0.229167 0.083333
0.000000 -0.747699 7.005240 0.028472 0.434401 -0.900270 0.250000 0.083333
0.000000 -0.835024 6.963104 0.028472 0.434401 -0.900270 0.250000 0.166667
-0.108993 -0.827881 6.963104 0.028472 0.434401 -0.900270 0.229167 0.166667
-0.108993 -0.827881 6.963104 0.008404 0.128225 -0.991709 0.229167 0.166667
0.000000 -0.835024 6.963104 0.008404 0.128225 -0.991709 0.250000 0.166667
0.000000 -0.954314 6.947680 0.008404 0.128225 -0.991709 0.250000 0.250000
-0.124563 -0.946149 6.947680 0.008404 0.128225 -0.991709 0.229167 0.250000
-0.124563 -0.946149 6.947680 -0.008404 -0.128225 -0.991709 0.229167 0.250000
0.000000 -0.954314 6.947680 -0.008404 -0.128225 -0.991709 0.250000 0.250000
0.000000 -1.073603 6.963104 -0.008404 -0.128225 -0.991709 0.250000 0.333333
-0.140134 -1.064418 6.963104 -0.008404 -0.128225 -0.991709 0.229167 0.333333
-0.140134 -1.064418 6.963104 -0.028472 -0.434401 -0.900270 0.229167 0.333333
0.000000 -1.073603 6.963104 -0.028472 -0.434401 -0.900270 0.250000 0.333333
0.000000 -1.160928 7.005240 -0.028472 -0.434401 -0.900270 0.250000 0.416667
-0.151532 -1.150997 7.005240 -0.028472 -0.434401 -0.900270 0.229167 0.416667
-0.151532 -1.150997 7.005240 -0.057207 -0.872819 -0.484679 0.229167 0.416667
0.000000 -1.160928 7.005240 -0.057207 -0.872819 -0.484679 0.250000 0.416667
0.000000 -1.192892 7.062801 -0.057207 -0.872819 -0.484679 0.250000 0.500000
-0.155704 -1.182687 7.062801 -0.057207 -0.872819 -0.484679 0.229167 0.500000
0.000000 -1.192892 7.062801 0.057207 -0.872818 0.484682 0.250000 0.500000
0.155703 -1.182687 7.062801 0.057207 -0.872818 0.484682 0.270833 0.500000
0.151531 -1.150997 7.120361 0.057207 -0.872818 0.484682 0.270833 0.583333
0.000000 -1.160928 7.120361 0.057207 -0.872818 0.484682 0.250000 0.583333
0.000000 -1.160928 7.120361 0.028473 -0.434409 0.900266 0.250000 0.583333
0.151531 -1.150997 7.120361 0.028473 -0.434409 0.900266 0.270833 0.583333
0.140133 -1.064418 7.162498 0.028473 -0.434409 0.900266 0.270833 0.666667
0.000000 -1.073603 7.162498 0.028473 -0.434409 0.900266 0.250000 0.666667
0.000000 -1.073603 7.162498 0.008404 -0.128218 0.991710 0.250000 0.666667
0.140133 -1.064418 7.162498 0.008404 -0.128218 0.991710 0.270833 0.666667
0.124563 -0.946149 7.177921 0.008404 -0.128218 0.991710 0.270833 0.750000
0.000000 -0.954314 7.177921 0.008404 -0.128218 0.991710 0.250000 0.750000
0.000000 -0.954314 7.177921 -0.008404 0.128218 0.991710 0.250000 0.750000
0.124563 -0.946149 7.177921 -0.008404 0.128218 0.991710 0.270833 0.750000
0.108992 -0.827881 7.162498 -0.008404 0.128218 0.991710 0.270833 0.833333
0.000000 -0.835024 7.162498 -0.008404 0.128218 0.991710 0.250000 0.833333
0.000000 -0.835024 7.162498 -0.028473 0.434409 0.900266 0.250000 0.833333
0.108992 -0.827881 7.162498 -0.028473 0.434409 0.900266 0.270833 0.833333
0.097594 -0.741302 7.120361 -0.028473 0.434409 0.900266 0.270833 0.916667
0.000000 -0.747699 7.120361 -0.028473 0.434409 0.900266 0.250000 0.916667
0.000000 -0.747699 7.120361 -0.057207 0.872818 0.484681 0.250000 0.916667
0.097594 -0.741302 7.120361 -0.057207 0.872818 0.484681 0.270833 0.916667
0.093422 -0.709612 7.062801 -0.057207 0.872818 0.484681 0.270833 1.000000
0.000000 -0.715735 7.062801 -0.057207 0.872818 0.484681 0.250000 1.000000
0.000000 -0.715735 7.062801 -0.057208 0.872820 -0.484678 0.250000 0.000000
0.093422 -0.709612 7.062801 -0.057208 0.872820 -0.484678 0.270833 0.000000
0.097594 -0.741302 7.005240 -0.057208 0.872820 -0.484678 0.270833 0.083333
0.000000 -0.747699 7.005240 -0.057208 0.872820 -0.484678 0.250000 0.083333
0.000000 -0.747699 7.005240 -0.028472 0.434401 -0.900270 0.250000 0.083333
0.097594 -0.741302 7.005240 -0.028472 0.434401 -0.900270 0.270833 0.083333
0.108992 -0.827881 6.963104 -0.028472 0.434401 -0.900270 0.270833 0.166667
0.000000 -0.835024 6.963104 -0.028472 0.434401 -0.900270 0.250000 0.166667
0.000000 -0.835024 6.963104 -0.008404 0.128225 -0.991709 0.250000 0.166667
0.108992 -0.827881 6.963104 -0.008404 0.128225 -0.991709 0.270833 0.166667
0.124563 -0.946149 6.947680 -0.008404 0.128225 -0.991709 0.270833 0.250000
0.000000 -0.954314 6.947680 -0.008404 0.128225 -0.991709 0.250000 0.250000
0.000000 -0.954314 6.947680 0.008404 -0.128225 -0.991710 0.250000 0.250000
0.124563 -0.946149 6.947680 0.008404 -0.128225 -0.991710 0.270833 0.250000
0.140133 -1.064418 6.963104 0.008404 -0.128225 -0.991710 0.270833 0.333333
0.000000 -1.073603 6.963104 0.008404 -0.128225 -0.991710 0.250000 0.333333
0.000000 -1.073603 6.963104 0.028472 -0.434401 -0.900270 0.250000 0.333333
0.140133 -1.064418 6.963104 0.028472 -0.434401 -0.900270 0.270833 0.333333
0.151531 -1.150997 7.005240 0.028472 -0.434401 -0.900270 0.270833 0.416667
0.000000 -1.160928 7.005240 0.028472 -0.434401 -0.900270 0.250000 0.416667
0.000000 -1.160928 7.005240 0.057207 -0.872819 -0.484679 0.250000 0.416667
0.151531 -1.150997 7.005240 0.057207 -0.872819 -0.484679 0.270833 0.416667
0.155703 -1.182687 7.062801 0.057207 -0.872819 -0.484679 0.270833 0.500000
0.000000 -1.192892 7.062801 0.057207 -0.872819 -0.484679 0.250000 0.500000
0.155703 -1.182687 7.062801 0.170643 -0.857883 0.484683 0.270833 0.500000
0.308743 -1.152245 7.062801 0.170643 -0.857883 0.484683 0.291667 0.500000
0.300470 -1.121371 7.120361 0.170643 -0.857883 0.484683 0.291667 0.583333
0.151531 -1.150997 7.120361 0.170643 -0.857883 0.484683 0.270833 0.583333
0.151531 -1.150997 7.120361 0.084931 -0.426976 0.900266 0.270833 0.583333
0.300470 -1.121371 7.120361 0.084931 -0.426976 0.900266 0.291667 0.583333
0.277868 -1.037021 7.162498 0.084931 -0.426976 0.900266 0.291667 0.666667
0.140133 -1.064418 7.162498 0.084931 -0.426976 0.900266 0.270833 0.666667
0.140133 -1.064418 7.162498 0.025068 -0.126024 0.991710 0.270833 0.666667
0.277868 -1.037021 7.162498 0.025068 -0.126024 0.991710 0.291667 0.666667
0.246994 -0.921796 7.177921 0.025068 -0.126024 0.991710 0.291667 0.750000
0.124563 -0.946149 7.177921 0.025068 -0.126024 0.991710 0.270833 0.750000
0.124563 -0.946149 7.177921 -0.025068 0.126024 0.991710 0.270833 0.750000
0.246994 -0.921796 7.177921 -0.025068 0.126024 0.991710 0.291667 0.750000
0.216120 -0.806572 7.162498 -0.025068 0.126024 0.991710 0.291667 0.833333
0.108992 -0.827881 7.162498 -0.025068 0.126024 0.991710 0.270833 0.833333
0.108992 -0.827881 7.162498 -0.084931 0.426976 0.900266 0.270833 0.833333
0.216120 -0.806572 7.162498 -0.084931 0.426976 0.900266 0.291667 0.833333
0.193518 -0.722221 7.120361 -0.084931 0.426976 0.900266 0.291667 0.916667
0.097594 -0.741302 7.120361 -0.084931 0.426976 0.900266 0.270833 0.916667
0.097594 -0.741302 7.120361 -0.170643 0.857884 0.484681 0.270833 0.916667
0.193518 -0.722221 7.120361 -0.170643 0.857884 0.484681 0.291667 0.916667
0.185246 -0.691347 7.062801 -0.170643 0.857884 0.484681 0.291667 1.000000
0.093422 -0.709612 7.062801 -0.170643 0.857884 0.484681 0.270833 1.000000
0.093422 -0.709612 7.062801 -0.170644 0.857886 -0.484678 0.270833 0.000000
0.185246 -0.691347 7.062801 -0.170644 0.857886 -0.484678 0.291667 0.000000
0.193518 -0.722221 7.005240 -0.170644 0.857886 -0.484678 0.291667 0.083333
0.097594 -0.741302 7.005240 -0.170644 0.857886 -0.484678 0.270833 0.083333
0.097594 -0.741302 7.005240 -0.084929 0.426968 -0.900270 0.270833 0.083333
0.193518 -0.722221 7.005240 -0.084929 0.426968 -0.900270 0.291667 0.083333
0.216120 -0.806572 6.963104 -0.084929 0.426968 -0.900270 0.291667 0.166667
0.108992 -0.827881 6.963104 -0.084929 0.426968 -0.900270 0.270833 0.166667
0.108992 -0.827881 6.963104 -0.025069 0.126031 -0.991709 0.270833 0.166667
0.216120 -0.806572 6.963104 -0.025069 0.126031 -0.991709 0.291667 0.166667
0.246994 -0.921796 6.947680 -0.025069 0.126031 -0.991709 0.291667 0.250000
0.124563 -0.946149 6.947680 -0.025069 0.126031 -0.991709 0.270833 0.250000
0.124563 -0.946149 6.947680 0.025069 -0.126031 -0.991710 0.270833 0.250000
0.246994 -0.921796 6.947680 0.025069 -0.126031 -0.991710 0.291667 0.250000
0.277868 -1.037021 6.963104 0.025069 -0.126031 -0.991710 0.291667 0.333333
0.140133 -1.064418 6.963104 0.025069 -0.126031 -0.991710 0.270833 0.333333
0.140133 -1.064418 6.963104 0.084929 -0.426968 -0.900270 0.270833 0.333333
0.277868 -1.037021 6.963104 0.084929 -0.426968 -0.900270 0.291667 0.333333
0.300470 -1.121371 7.005240 0.084929 -0.426968 -0.900270 0.291667 0.416667
0.151531 -1.150997 7.005240 0.084929 -0.426968 -0.900270 0.270833 0.416667
0.151531 -1.150997 7.005240 0.170644 -0.857885 -0.484680 0.270833 0.416667
0.300470 -1.121371 7.005240 0.170644 -0.857885 -0.484680 0.291667 0.416667
0.308743 -1.152245 7.062801 0.170644 -0.857885 -0.484680 0.291667 0.500000
0.155703 -1.182687 7.062801 0.170644 -0.857885 -0.484680 0.270833 0.500000
0.308743 -1.152245 7.062801 0.281160 -0.828270 0.484683 0.291667 0.500000
0.456500 -1.102088 7.062801 0.281160 -0.828270 0.484683 0.312500 0.500000
0.444268 -1.072558 7.120361 0.281160 -0.828270 0.484683 0.312500 0.583333
0.300470 -1.121371 7.120361 0.281160 -0.828270 0.484683 0.291667 0.583333
0.300470 -1.121371 7.120361 0.139936 -0.412237 0.900266 0.291667 0.583333
0.444268 -1.072558 7.120361 0.139936 -0.412237 0.900266 0.312500 0.583333
0.410850 -0.991879 7.162498 0.139936 -0.412237 0.900266 0.312500 0.666667
0.277868 -1.037021 7.162498 0.139936 -0.412237 0.900266 0.291667 0.666667
0.277868 -1.037021 7.162498 0.041303 -0.121674 0.991710 0.291667 0.666667
0.410850 -0.991879 7.162498 0.041303 -0.121674 0.991710 0.312500 0.666667
0.365200 -0.881671 7.177921 0.041303 -0.121674 0.991710 0.312500 0.750000
0.246994 -0.921796 7.177921 0.041303 -0.121674 0.991710 0.291667 0.750000
0.246994 -0.921796 7.177921 -0.041303 0.121674 0.991710 0.291667 0.750000
0.365200 -0.881671 7.177921 -0.041303 0.121674 0.991710 0.312500 0.750000
0.319550 -0.771462 7.162498 -0.041303 0.121674 0.991710 0.312500 0.833333
0.216120 -0.806572 7.162498 -0.041303 0.121674 0.991710 0.291667 0.833333
0.216120 -0.806572 7.162498 -0.139936 0.412237 0.900266 0.291667 0.833333
0.319550 -0.771462 7.162498 -0.139936 0.412237 0.900266 0.312500 0.833333
0.286132 -0.690783 7.120361 -0.139936 0.412237 0.900266 0.312500 0.916667
0.193518 -0.722221 7.120361 -0.139936 0.412237 0.900266 0.291667 0.916667
0.193518 -0.722221 7.120361 -0.281160 0.828271 0.484681 0.291667 0.916667
0.286132 -0.690783 7.120361 -0.281160 0.828271 0.484681 0.312500 0.916667
0.273900 -0.661253 7.062801 -0.281160 0.828271 0.484681 0.312500 1.000000
0.185246 -0.691347 7.062801 -0.281160 0.828271 0.484681 0.291667 1.000000
0.185246 -0.691347 7.062801 -0.281160 0.828273 -0.484678 0.291667 0.000000
0.273900 -0.661253 7.062801 -0.281160 0.828273 -0.484678 0.312500 0.000000
0.286132 -0.690783 7.005240 -0.281160 0.828273 -0.484678 0.312500 0.083333
0.193518 -0.722221 7.005240 -0.281160 0.828273 -0.484678 0.291667 0.083333
0.193518 -0.722221 7.005240 -0.139933 0.412230 -0.900270 0.291667 0.083333
0.286132 -0.690783 7.005240 -0.139933 0.412230 -0.900270 0.312500 0.083333
0.319550 -0.771462 6.963104 -0.139933 0.412230 -0.900270 0.312500 0.166667
0.216120 -0.806572 6.963104 -0.139933 0.412230 -0.900270 0.291667 0.166667
0.216120 -0.806572 6.963104 -0.041305 0.121681 -0.991709 0.291667 0.166667
0.319550 -0.771462 6.963104 -0.041305 0.121681 -0.991709 0.312500 0.166667
0.365200 -0.881671 6.947680 -0.041305 0.121681 -0.991709 0.312500 0.250000
0.246994 -0.921796 6.947680 -0.041305 0.121681 -0.991709 0.291667 0.250000
0.246994 -0.921796 6.947680 0.041305 -0.121681 -0.991709 0.291667 0.250000
0.365200 -0.881671 6.947680 0.041305 -0.121681 -0.991709 0.312500 0.250000
0.410850 -0.991879 6.963104 0.041305 -0.121681 -0.991709 0.312500 0.333333
0.277868 -1.037021 6.963104 0.041305 -0.121681 -0.991709 0.291667 0.333333
0.277868 -1.037021 6.963104 0.139933 -0.412230 -0.900270 0.291667 0.333333
0.410850 -0.991879 6.963104 0.139933 -0.412230 -0.900270 0.312500 0.333333
0.444268 -1.072558 7.005240 0.139933 -0.412230 -0.900270 0.312500 0.416667
0.300470 -1.121371 7.005240 0.139933 -0.412230 -0.900270 0.291667 0.416667
0.300470 -1.121371 7.005240 0.281161 -0.828272 -0.484680 0.291667 0.416667
0.444268 -1.072558 7.005240 0.281161 -0.828272 -0.484680 0.312500 0.416667
0.456500 -1.102088 7.062801 0.281161 -0.828272 -0.484680 0.312500 0.500000
0.308743 -1.152245 7.062801 0.281161 -0.828272 -0.484680 0.291667 0.500000
0.456500 -1.102088 7.062801 0.386865 -0.784486 0.484682 0.312500 0.500000
0.596446 -1.033075 7.062801 0.386865 -0.784486 0.484682 0.333333 0.500000
0.580464 -1.005394 7.120361 0.386865 -0.784486 0.484682 0.333333 0.583333
0.444268 -1.072558 7.120361 0.386865 -0.784486 0.484682 0.312500 0.583333
0.444268 -1.072558 7.120361 0.192546 -0.390445 0.900266 0.312500 0.583333
0.580464 -1.005394 7.120361 0.192546 -0.390445 0.900266 0.333333 0.583333
0.536801 -0.929767 7.162498 0.192546 -0.390445 0.900266 0.333333 0.666667
0.410850 -0.991879 7.162498 0.192546 -0.390445 0.900266 0.312500 0.666667
0.410850 -0.991879 7.162498 0.056831 -0.115242 0.991710 0.312500 0.666667
0.536801 -0.929767 7.162498 0.056831 -0.115242 0.991710 0.333333 0.666667
0.477157 -0.826460 7.177921 0.056831 -0.115242 0.991710 0.333333 0.750000
0.365200 -0.881671 7.177921 0.056831 -0.115242 0.991710 0.312500 0.750000
0.365200 -0.881671 7.177921 -0.056831 0.115242 0.991710 0.312500 0.750000
0.477157 -0.826460 7.177921 -0.056831 0.115242 0.991710 0.333333 0.750000
0.417512 -0.723152 7.162498 -0.056831 0.115242 0.991710 0.333333 0.833333
0.319550 -0.771462 7.162498 -0.056831 0.115242 0.991710 0.312500 0.833333
0.319550 -0.771462 7.162498 -0.192546 0.390445 0.900266 0.312500 0.833333
0.417512 -0.723152 7.162498 -0.192546 0.390445 0.900266 0.333333 0.833333
0.373849 -0.647526 7.120361 -0.192546 0.390445 0.900266 0.333333 0.916667
0.286132 -0.690783 7.120361 -0.192546 0.390445 0.900266 0.312500 0.916667
0.286132 -0.690783 7.120361 -0.386866 0.784486 0.484682 0.312500 0.916667
0.373849 -0.647526 7.120361 -0.386866 0.784486 0.484682 0.333333 0.916667
0.357868 -0.619845 7.062801 -0.386866 0.784486 0.484682 0.333333 1.000000
0.273900 -0.661253 7.062801 -0.386866 0.784486 0.484682 0.312500 1.000000
0.273900 -0.661253 7.062801 -0.386867 0.784488 -0.484679 0.312500 0.000000
0.357868 -0.619845 7.062801 -0.386867 0.784488 -0.484679 0.333333 0.000000
0.373849 -0.647526 7.005240 -0.386867 0.784488 -0.484679 0.333333 0.083333
0.286132 -0.690783 7.005240 -0.386867 0.784488 -0.484679 0.312500 0.083333
0.286132 -0.690783 7.005240 -0.192543 0.390438 -0.900270 0.312500 0.083333
0.373849 -0.647526 7.005240 -0.192543 0.390438 -0.900270 0.333333 0.083333
0.417512 -0.723152 6.963104 -0.192543 0.390438 -0.900270 0.333333 0.166667
0.319550 -0.771462 6.963104 -0.192543 0.390438 -0.900270 0.312500 0.166667
0.319550 -0.771462 6.963104 -0.056834 0.115249 -0.991709 0.312500 0.166667
0.417512 -0.723152 6.963104 -0.056834 0.115249 -0.991709 0.333333 0.166667
0.477157 -0.826460 6.947680 -0.056834 0.115249 -0.991709 0.333333 0.250000
0.365200 -0.881671 6.947680 -0.056834 0.115249 -0.991709 0.312500 0.250000
0.365200 -0.881671 6.947680 0.056834 -0.115249 -0.991709 0.312500 0.250000
0.477157 -0.826460 6.947680 0.056834 -0.115249 -0.991709 0.333333 0.250000
0.536801 -0.929767 6.963104 0.056834 -0.115249 -0.991709 0.333333 0.333333
0.410850 -0.991879 6.963104 0.056834 -0.115249 -0.991709 0.312500 0.333333
0.410850 -0.991879 6.963104 0.192543 -0.390438 -0.900270 0.312500 0.333333
0.536801 -0.929767 6.963104 0.192543 -0.390438 -0.900270 0.333333 0.333333
0.580464 -1.005394 7.005240 0.192543 -0.390438 -0.900270 0.333333 0.416667
0.444268 -1.072558 7.005240 0.192543 -0.390438 -0.900270 0.312500 0.416667
0.444268 -1.072558 7.005240 0.386866 -0.784488 -0.484679 0.312500 0.416667
0.580464 -1.005394 7.005240 0.386866 -0.784488 -0.484679 0.333333 0.416667
0.596446 -1.033075 7.062801 0.386866 -0.784488 -0.484679 0.333333 0.500000
0.456500 -1.102088 7.062801 0.386866 -0.784488 -0.484679 0.312500 0.500000
0.596446 -1.033075 7.062801 0.485952 -0.727278 0.484682 0.333333 0.500000
0.726186 -0.946385 7.062801 0.485952 -0.727278 0.484682 0.354167 0.500000
0.706728 -0.921027 7.120361 0.485952 -0.727278 0.484682 0.354167 0.583333
0.580464 -1.005394 7.120361 0.485952 -0.727278 0.484682 0.333333 0.583333
0.580464 -1.005394 7.120361 0.241862 -0.361973 0.900266 0.333333 0.583333
0.706728 -0.921027 7.120361 0.241862 -0.361973 0.900266 0.354167 0.583333
0.653568 -0.851746 7.162498 0.241862 -0.361973 0.900266 0.354167 0.666667
0.536801 -0.929767 7.162498 0.241862 -0.361973 0.900266 0.333333 0.666667
0.536801 -0.929767 7.162498 0.071387 -0.106838 0.991710 0.333333 0.666667
0.653568 -0.851746 7.162498 0.071387 -0.106838 0.991710 0.354167 0.666667
0.580949 -0.757108 7.177921 0.071387 -0.106838 0.991710 0.354167 0.750000
0.477157 -0.826460 7.177921 0.071387 -0.106838 0.991710 0.333333 0.750000
0.477157 -0.826460 7.177921 -0.071387 0.106838 0.991710 0.333333 0.750000
0.580949 -0.757108 7.177921 -0.071387 0.106838 0.991710 0.354167 0.750000
0.508330 -0.662470 7.162498 -0.071387 0.106838 0.991710 0.354167 0.833333
0.417512 -0.723152 7.162498 -0.071387 0.106838 0.991710 0.333333 0.833333
0.417512 -0.723152 7.162498 -0.241862 0.361973 0.900266 0.333333 0.833333
0.508330 -0.662470 7.162498 -0.241862 0.361973 0.900266 0.354167 0.833333
0.455170 -0.593189 7.120361 -0.241862 0.361973 0.900266 0.354167 0.916667
0.373849 -0.647526 7.120361 -0.241862 0.361973 0.900266 0.333333 0.916667
0.373849 -0.647526 7.120361 -0.485952 0.727278 0.484682 0.333333 0.916667
0.455170 -0.593189 7.120361 -0.485952 0.727278 0.484682 0.354167 0.916667
0.435712 -0.567831 7.062801 -0.485952 0.727278 0.484682 0.354167 1.000000
0.357868 -0.619845 7.062801 -0.485952 0.727278 0.484682 0.333333 1.000000
0.357868 -0.619845 7.062801 -0.485953 0.727280 -0.484679 0.333333 0.000000
0.435712 -0.567831 7.062801 -0.485953 0.727280 -0.484679 0.354167 0.000000
0.455170 -0.593189 7.005240 -0.485953 0.727280 -0.484679 0.354167 0.083333
0.373849 -0.647526 7.005240 -0.485953 0.727280 -0.484679 0.333333 0.083333
0.373849 -0.647526 7.005240 -0.241858 0.361966 -0.900270 0.333333 0.083333
0.455170 -0.593189 7.005240 -0.241858 0.361966 -0.900270 0.354167 0.083333
0.508330 -0.662470 6.963104 -0.241858 0.361966 -0.900270 0.354167 0.166667
0.417512 -0.723152 6.963104 -0.241858 0.361966 -0.900270 0.333333 0.166667
0.417512 -0.723152 6.963104 -0.071391 0.106844 -0.991709 0.333333 0.166667
0.508330 -0.662470 6.963104 -0.071391 0.106844 -0.991709 0.354167 0.166667
0.580949 -0.757108 6.947680 -0.071391 0.106844 -0.991709 0.354167 0.250000
0.477157 -0.826460 6.947680 -0.071391 0.106844 -0.991709 0.333333 0.250000
0.477157 -0.826460 6.947680 0.071391 -0.106844 -0.991710 0.333333 0.250000
0.580949 -0.757108 6.947680 0.071391 -0.106844 -0.991710 0.354167 0.250000
0.653568 -0.851746 6.963104 0.071391 -0.106844 -0.991710 0.354167 0.333333
0.536801 -0.929767 6.963104 0.071391 -0.106844 -0.991710 0.333333 0.333333
0.536801 -0.929767 6.963104 0.241858 -0.361966 -0.900270 0.333333 0.333333
0.653568 -0.851746 6.963104 0.241858 -0.361966 -0.900270 0.354167 0.333333
0.706728 -0.921027 7.005240 0.241858 -0.361966 -0.900270 0.354167 0.416667
0.580464 -1.005394 7.005240 0.241858 -0.361966 -0.900270 0.333333 0.416667
0.580464 -1.005394 7.005240 0.485953 -0.727280 -0.484679 0.333333 0.416667
0.706728 -0.921027 7.005240 0.485953 -0.727280 -0.484679 0.354167 0.416667
0.726186 -0.946385 7.062801 0.485953 -0.727280 -0.484679 0.354167 0.500000
0.596446 -1.033075 7.062801 0.485953 -0.727280 -0.484679 0.333333 0.500000
0.726186 -0.946385 7.062801 0.576723 -0.657628 0.484682 0.354167 0.500000
0.843502 -0.843502 7.062801 0.576723 -0.657628 0.484682 0.375000 0.500000
0.820900 -0.820901 7.120361 0.576723 -0.657628 0.484682 0.375000 0.583333
0.706728 -0.921027 7.120361 0.576723 -0.657628 0.484682 0.354167 0.583333
0.706728 -0.921027 7.120361 0.287040 -0.327307 0.900266 0.354167 0.583333
0.820900 -0.820901 7.120361 0.287040 -0.327307 0.900266 0.375000 0.583333
0.759151 -0.759152 7.162498 0.287040 -0.327307 0.900266 0.375000 0.666667
0.653568 -0.851746 7.162498 0.287040 -0.327307 0.900266 0.354167 0.666667
0.653568 -0.851746 7.162498 0.084721 -0.096606 0.991710 0.354167 0.666667
0.759151 -0.759152 7.162498 0.084721 -0.096606 0.991710 0.375000 0.666667
0.674801 -0.674802 7.177921 0.084721 -0.096606 0.991710 0.375000 0.750000
0.580949 -0.757108 7.177921 0.084721 -0.096606 0.991710 0.354167 0.750000
0.580949 -0.757108 7.177921 -0.084721 0.096606 0.991710 0.354167 0.750000
0.674801 -0.674802 7.177921 -0.084721 0.096606 0.991710 0.375000 0.750000
0.590451 -0.590452 7.162498 -0.084721 0.096606 0.991710 0.375000 0.833333
0.508330 -0.662470 7.162498 -0.084721 0.096606 0.991710 0.354167 0.833333
0.508330 -0.662470 7.162498 -0.287040 0.327307 0.900266 0.354167 0.833333
0.590451 -0.590452 7.162498 -0.287040 0.327307 0.900266 0.375000 0.833333
0.528702 -0.528703 7.120361 -0.287040 0.327307 0.900266 0.375000 0.916667
0.455170 -0.593189 7.120361 -0.287040 0.327307 0.900266 0.354167 0.916667
0.455170 -0.593189 7.120361 -0.576723 0.657628 0.484681 0.354167 0.916667
0.528702 -0.528703 7.120361 -0.576723 0.657628 0.484681 0.375000 0.916667
0.506101 -0.506101 7.062801 -0.576723 0.657628 0.484681 0.375000 1.000000
0.435712 -0.567831 7.062801 -0.576723 0.657628 0.484681 0.354167 1.000000
0.435712 -0.567831 7.062801 -0.576724 0.657629 -0.484678 0.354167 0.000000
0.506101 -0.506101 7.062801 -0.576724 0.657629 -0.484678 0.375000 0.000000
0.528702 -0.528703 7.005240 -0.576724 0.657629 -0.484678 0.375000 0.083333
0.455170 -0.593189 7.005240 -0.576724 0.657629 -0.484678 0.354167 0.083333
0.455170 -0.593189 7.005240 -0.287034 0.327301 -0.900270 0.354167 0.083333
0.528702 -0.528703 7.005240 -0.287034 0.327301 -0.900270 0.375000 0.083333
0.590451 -0.590452 6.963104 -0.287034 0.327301 -0.900270 0.375000 0.166667
0.508330 -0.662470 6.963104 -0.287034 0.327301 -0.900270 0.354167 0.166667
0.508330 -0.662470 6.963104 -0.084726 0.096612 -0.991709 0.354167 0.166667
0.590451 -0.590452 6.963104 -0.084726 0.096612 -0.991709 0.375000 0.166667
0.674801 -0.674802 6.947680 -0.084726 0.096612 -0.991709 0.375000 0.250000
0.580949 -0.757108 6.947680 -0.084726 0.096612 -0.991709 0.354167 0.250000
0.580949 -0.757108 6.947680 0.084726 -0.096612 -0.991710 0.354167 0.250000
0.674801 -0.674802 6.947680 0.084726 -0.096612 -0.991710 0.375000 0.250000
0.759151 -0.759152 6.963104 0.084726 -0.096612 -0.991710 0.375000 0.333333
0.653568 -0.851746 6.963104 0.084726 -0.096612 -0.991710 0.354167 0.333333
0.653568 -0.851746 6.963104 0.287035 -0.327301 -0.900270 0.354167 0.333333
0.759151 -0.759152 6.963104 0.287035 -0.327301 -0.900270 0.375000 0.333333
0.820900 -0.820901 7.005240 0.287035 -0.327301 -0.900270 0.375000 0.416667
0.706728 -0.921027 7.005240 0.287035 -0.327301 -0.900270 0.354167 0.416667
0.706728 -0.921027 7.005240 0.576724 -0.657629 -0.484679 0.354167 0.416667
0.820900 -0.820901 7.005240 0.576724 -0.657629 -0.484679 0.375000 0.416667
0.843502 -0.843502 7.062801 0.576724 -0.657629 -0.484679 0.375000 0.500000
0.726186 -0.946385 7.062801 0.576724 -0.657629 -0.484679 0.354167 0.500000
0.843502 -0.843502 7.062801 0.657627 -0.576724 0.484681 0.375000 0.500000
0.946385 -0.726186 7.062801 0.657627 -0.576724 0.484681 0.395833 0.500000
0.921027 -0.706728 7.120361 0.657627 -0.576724 0.484681 0.395833 0.583333
0.820900 -0.820901 7.120361 0.657627 -0.576724 0.484681 0.375000 0.583333
0.820900 -0.820901 7.120361 0.327306 -0.287040 0.900266 0.375000 0.583333
0.921027 -0.706728 7.120361 0.327306 -0.287040 0.900266 0.395833 0.583333
0.851746 -0.653568 7.162498 0.327306 -0.287040 0.900266 0.395833 0.666667
0.759151 -0.759152 7.162498 0.327306 -0.287040 0.900266 0.375000 0.666667
0.759151 -0.759152 7.162498 0.096606 -0.084721 0.991711 0.375000 0.666667
0.851746 -0.653568 7.162498 0.096606 -0.084721 0.991711 0.395833 0.666667
0.757108 -0.580949 7.177921 0.096606 -0.084721 0.991711 0.395833 0.750000
0.674801 -0.674802 7.177921 0.096606 -0.084721 0.991711 0.375000 0.750000
0.674801 -0.674802 7.177921 -0.096606 0.084721 0.991710 0.375000 0.750000
0.757108 -0.580949 7.177921 -0.096606 0.084721 0.991710 0.395833 0.750000
0.662469 -0.508331 7.162498 -0.096606 0.084721 0.991710 0.395833 0.833333
0.590451 -0.590452 7.162498 -0.096606 0.084721 0.991710 0.375000 0.833333
0.590451 -0.590452 7.162498 -0.327306 0.287040 0.900266 0.375000 0.833333
0.662469 -0.508331 7.162498 -0.327306 0.287040 0.900266 0.395833 0.833333
0.593189 -0.455170 7.120361 -0.327306 0.287040 0.900266 0.395833 0.916667
0.528702 -0.528703 7.120361 -0.327306 0.287040 0.900266 0.375000 0.916667
0.528702 -0.528703 7.120361 -0.657627 0.576724 0.484682 0.375000 0.916667
0.593189 -0.455170 7.120361 -0.657627 0.576724 0.484682 0.395833 0.916667
0.567831 -0.435712 7.062801 -0.657627 0.576724 0.484682 0.395833 1.000000
0.506101 -0.506101 7.062801 -0.657627 0.576724 0.484682 0.375000 1.000000
0.506101 -0.506101 7.062801 -0.657629 0.576725 -0.484679 0.375000 0.000000
0.567831 -0.435712 7.062801 -0.657629 0.576725 -0.484679 0.395833 0.000000
0.593189 -0.455170 7.005240 -0.657629 0.576725 -0.484679 0.395833 0.083333
0.528702 -0.528703 7.005240 -0.657629 0.576725 -0.484679 0.375000 0.083333
0.528702 -0.528703 7.005240 -0.327300 0.287035 -0.900270 0.375000 0.083333
0.593189 -0.455170 7.005240 -0.327300 0.287035 -0.900270 0.395833 0.083333
0.662469 -0.508331 6.963104 -0.327300 0.287035 -0.900270 0.395833 0.166667
0.590451 -0.590452 6.963104 -0.327300 0.287035 -0.900270 0.375000 0.166667
0.590451 -0.590452 6.963104 -0.096612 0.084726 -0.991709 0.375000 0.166667
0.662469 -0.508331 6.963104 -0.096612 0.084726 -0.991709 0.395833 0.166667
0.757108 -0.580949 6.947680 -0.096612 0.084726 -0.991709 0.395833 0.250000
0.674801 -0.674802 6.947680 -0.096612 0.084726 -0.991709 0.375000 0.250000
0.674801 -0.674802 6.947680 0.096612 -0.084726 -0.991709 0.375000 0.250000
0.757108 -0.580949 6.947680 0.096612 -0.084726 -0.991709 0.395833 0.250000
0.851746 -0.653568 6.963104 0.096612 -0.084726 -0.991709 0.395833 0.333333
0.759151 -0.759152 6.963104 0.096612 -0.084726 -0.991709 0.375000 0.333333
0.759151 -0.759152 6.963104 0.327300 -0.287035 -0.900270 0.375000 0.333333
0.851746 -0.653568 6.963104 0.327300 -0.287035 -0.900270 0.395833 0.333333
0.921027 -0.706728 7.005240 0.327300 -0.287035 -0.900270 0.395833 0.416667
0.820900 -0.820901 7.005240 0.327300 -0.287035 -0.900270 0.375000 0.416667
0.820900 -0.820901 7.005240 0.657629 -0.576725 -0.484678 0.375000 0.416667
0.921027 -0.706728 7.005240 0.657629 -0.576725 -0.484678 0.395833 0.416667
0.946385 -0.726186 7.062801 0.657629 -0.576725 -0.484678 0.395833 0.500000
0.843502 -0.843502 7.062801 0.657629 -0.576725 -0.484678 0.375000 0.500000
0.946385 -0.726186 7.062801 0.727279 -0.485952 0.484682 0.395833 0.500000
1.033075 -0.596446 7.062801 0.727279 -0.485952 0.484682 0.416667 0.500000
1.005394 -0.580464 7.120361 0.727279 -0.485952 0.484682 0.416667 0.583333
0.921027 -0.706728 7.120361 0.727279 -0.485952 0.484682 0.395833 0.583333
0.921027 -0.706728 7.120361 0.361973 -0.241862 0.900266 0.395833 0.583333
1.005394 -0.580464 7.120361 0.361973 -0.241862 0.900266 0.416667 0.583333
0.929767 -0.536802 7.162498 0.361973 -0.241862 0.900266 0.416667 0.666667
0.851746 -0.653568 7.162498 0.361973 -0.241862 0.900266 0.395833 0.666667
0.851746 -0.653568 7.162498 0.106838 -0.071387 0.991710 0.395833 0.666667
0.929767 -0.536802 7.162498 0.106838 -0.071387 0.991710 0.416667 0.666667
0.826460 -0.477157 7.177921 0.106838 -0.071387 0.991710 0.416667 0.750000
0.757108 -0.580949 7.177921 0.106838 -0.071387 0.991710 0.395833 0.750000
0.757108 -0.580949 7.177921 -0.106838 0.071387 0.991711 0.395833 0.750000
0.826460 -0.477157 7.177921 -0.106838 0.071387 0.991711 0.416667 0.750000
0.723152 -0.417512 7.162498 -0.106838 0.071387 0.991711 0.416667 0.833333
0.662469 -0.508331 7.162498 -0.106838 0.071387 0.991711 0.395833 0.833333
0.662469 -0.508331 7.162498 -0.361973 0.241862 0.900266 0.395833 0.833333
0.723152 -0.417512 7.162498 -0.361973 0.241862 0.900266 0.416667 0.833333
0.647526 -0.373849 7.120361 -0.361973 0.241862 0.900266 0.416667 0.916667
0.593189 -0.455170 7.120361 -0.361973 0.241862 0.900266 0.395833 0.916667
0.593189 -0.455170 7.120361 -0.727279 0.485952 0.484682 0.395833 0.916667
0.647526 -0.373849 7.120361 -0.727279 0.485952 0.484682 0.416667 0.916667
0.619845 -0.357868 7.062801 -0.727279 0.485952 0.484682 0.416667 1.000000
0.567831 -0.435712 7.062801 -0.727279 0.485952 0.484682 0.395833 1.000000
0.567831 -0.435712 7.062801 -0.727280 0.485953 -0.484679 0.395833 0.000000
0.619845 -0.357868 7.062801 -0.727280 0.485953 -0.484679 0.416667 0.000000
0.647526 -0.373849 7.005240 -0.727280 0.485953 -0.484679 0.416667 0.083333
0.593189 -0.455170 7.005240 -0.727280 0.485953 -0.484679 0.395833 0.083333
0.593189 -0.455170 7.005240 -0.361966 0.241858 -0.900270 0.395833 0.083333
0.647526 -0.373849 7.005240 -0.361966 0.241858 -0.900270 0.416667 0.083333
0.723152 -0.417512 6.963104 -0.361966 0.241858 -0.900270 0.416667 0.166667
0.662469 -0.508331 6.963104 -0.361966 0.241858 -0.900270 0.395833 0.166667
0.662469 -0.508331 6.963104 -0.106844 0.071391 -0.991709 0.395833 0.166667
0.723152 -0.417512 6.963104 -0.106844 0.071391 -0.991709 0.416667 0.166667
0.826460 -0.477157 6.947680 -0.106844 0.071391 -0.991709 0.416667 0.250000
0.757108 -0.580949 6.947680 -0.106844 0.071391 -0.991709 0.395833 0.250000
0.757108 -0.580949 6.947680 0.106844 -0.071391 -0.991709 0.395833 0.250000
0.826460 -0.477157 6.947680 0.106844 -0.071391 -0.991709 0.416667 0.250000
0.929767 -0.536802 6.963104 0.106844 -0.071391 -0.991709 0.416667 0.333333
0.851746 -0.653568 6.963104 0.106844 -0.071391 -0.991709 0.395833 0.333333
0.851746 -0.653568 6.963104 0.361966 -0.241858 -0.900270 0.395833 0.333333
0.929767 -0.536802 6.963104 0.361966 -0.241858 -0.900270 0.416667 0.333333
1.005394 -0.580464 7.005240 0.361966 -0.241858 -0.900270 0.416667 0.416667
0.921027 -0.706728 7.005240 0.361966 -0.241858 -0.900270 0.395833 0.416667
0.921027 -0.706728 7.005240 0.727280 -0.485953 -0.484679 0.395833 0.416667
1.005394 -0.580464 7.005240 0.727280 -0.485953 -0.484679 0.416667 0.416667
1.033075 -0.596446 7.062801 0.727280 -0.485953 -0.484679 0.416667 0.500000
0.946385 -0.726186 7.062801 0.727280 -0.485953 -0.484679 0.395833 0.500000
1.033075 -0.596446 7.062801 0.784486 -0.386866 0.484682 0.416667 0.500000
1.102088 -0.456500 7.062801 0.784486 -0.386866 0.484682 0.437500 0.500000
1.072558 -0.444269 7.120361 0.784486 -0.386866 0.484682 0.437500 0.583333
1.005394 -0.580464 7.120361 0.784486 -0.386866 0.484682 0.416667 0.583333
1.005394 -0.580464 7.120361 0.390445 -0.192546 0.900266 0.416667 0.583333
1.072558 -0.444269 7.120361 0.390445 -0.192546 0.900266 0.437500 0.583333
0.991879 -0.410850 7.162498 0.390445 -0.192546 0.900266 0.437500 0.666667
0.929767 -0.536802 7.162498 0.390445 -0.192546 0.900266 0.416667 0.666667
0.929767 -0.536802 7.162498 0.115242 -0.056831 0.991710 0.416667 0.666667
0.991879 -0.410850 7.162498 0.115242 -0.056831 0.991710 0.437500 0.666667
0.881671 -0.365200 7.177921 0.115242 -0.056831 0.991710 0.437500 0.750000
0.826460 -0.477157 7.177921 0.115242 -0.056831 0.991710 0.416667 0.750000
0.826460 -0.477157 7.177921 -0.115242 0.056831 0.991710 0.416667 0.750000
0.881671 -0.365200 7.177921 -0.115242 0.056831 0.991710 0.437500 0.750000
0.771462 -0.319550 7.162498 -0.115242 0.056831 0.991710 0.437500 0.833333
0.723152 -0.417512 7.162498 -0.115242 0.056831 0.991710 0.416667 0.833333
0.723152 -0.417512 7.162498 -0.390445 0.192547 0.900266 0.416667 0.833333
0.771462 -0.319550 7.162498 -0.390445 0.192547 0.900266 0.437500 0.833333
0.690783 -0.286132 7.120361 -0.390445 0.192547 0.900266 0.437500 0.916667
0.647526 -0.373849 7.120361 -0.390445 0.192547 0.900266 0.416667 0.916667
0.647526 -0.373849 7.120361 -0.784486 0.386866 0.484682 0.416667 0.916667
0.690783 -0.286132 7.120361 -0.784486 0.386866 0.484682 0.437500 0.916667
0.661253 -0.273900 7.062801 -0.784486 0.386866 0.484682 0.437500 1.000000
0.619845 -0.357868 7.062801 -0.784486 0.386866 0.484682 0.416667 1.000000
0.619845 -0.357868 7.062801 -0.784487 0.386867 -0.484679 0.416667 0.000000
0.661253 -0.273900 7.062801 -0.784487 0.386867 -0.484679 0.437500 0.000000
0.690783 -0.286132 7.005240 -0.784487 0.386867 -0.484679 0.437500 0.083333
0.647526 -0.373849 7.005240 -0.784487 0.386867 -0.484679 0.416667 0.083333
0.647526 -0.373849 7.005240 -0.390438 0.192543 -0.900270 0.416667 0.083333
0.690783 -0.286132 7.005240 -0.390438 0.192543 -0.900270 0.437500 0.083333
0.771462 -0.319550 6.963104 -0.390438 0.192543 -0.900270 0.437500 0.166667
0.723152 -0.417512 6.963104 -0.390438 0.192543 -0.900270 0.416667 0.166667
0.723152 -0.417512 6.963104 -0.115249 0.056834 -0.991709 0.416667 0.166667
0.771462 -0.319550 6.963104 -0.115249 0.056834 -0.991709 0.437500 0.166667
0.881671 -0.365200 6.947680 -0.115249 0.056834 -0.991709 0.437500 0.250000
0.826460 -0.477157 6.947680 -0.115249 0.056834 -0.991709 0.416667 0.250000
0.826460 -0.477157 6.947680 0.115249 -0.056834 -0.991710 0.416667 0.250000
0.881671 -0.365200 6.947680 0.115249 -0.056834 -0.991710 0.437500 0.250000
0.991879 -0.410850 6.963104 0.115249 -0.056834 -0.991710 0.437500 0.333333
0.929767 -0.536802 6.963104 0.115249 -0.056834 -0.991710 0.416667 0.333333
0.929767 -0.536802 6.963104 0.390438 -0.192543 -0.900270 0.416667 0.333333
0.991879 -0.410850 6.963104 0.390438 -0.192543 -0.900270 0.437500 0.333333
1.072558 -0.444269 7.005240 0.390438 -0.192543 -0.900270 0.437500 0.416667
1.005394 -0.580464 7.005240 0.390438 -0.192543 -0.900270 0.416667 0.416667
1.005394 -0.580464 7.005240 0.784487 -0.386867 -0.484679 0.416667 0.416667
1.072558 -0.444269 7.005240 0.784487 -0.386867 -0.484679 0.437500 0.416667
1.102088 -0.456500 7.062801 0.784487 -0.386867 -0.484679 0.437500 0.500000
1.033075 -0.596446 7.062801 0.784487 -0.386867 -0.484679 0.416667 0.500000
1.102088 -0.456500 7.062801 0.828271 -0.281160 0.484682 0.437500 0.500000
1.152245 -0.308743 7.062801 0.828271 -0.281160 0.484682 0.458333 0.500000
1.121371 -0.300470 7.120361 0.828271 -0.281160 0.484682 0.458333 0.583333
1.072558 -0.444269 7.120361 0.828271 -0.281160 0.484682 0.437500 0.583333
1.072558 -0.444269 7.120361 0.412237 -0.139936 0.900266 0.437500 0.583333
1.121371 -0.300470 7.120361 0.412237 -0.139936 0.900266 0.458333 0.583333
1.037021 -0.277869 7.162498 0.412237 -0.139936 0.900266 0.458333 0.666667
0.991879 -0.410850 7.162498 0.412237 -0.139936 0.900266 0.437500 0.666667
0.991879 -0.410850 7.162498 0.121674 -0.041303 0.991710 0.437500 0.666667
1.037021 -0.277869 7.162498 0.121674 -0.041303 0.991710 0.458333 0.666667
0.921796 -0.246994 7.177921 0.121674 -0.041303 0.991710 0.458333 0.750000
0.881671 -0.365200 7.177921 0.121674 -0.041303 0.991710 0.437500 0.750000
0.881671 -0.365200 7.177921 -0.121674 0.041303 0.991710 0.437500 0.750000
0.921796 -0.246994 7.177921 -0.121674 0.041303 0.991710 0.458333 0.750000
0.806572 -0.216120 7.162498 -0.121674 0.041303 0.991710 0.458333 0.833333
0.771462 -0.319550 7.162498 -0.121674 0.041303 0.991710 0.437500 0.833333
0.771462 -0.319550 7.162498 -0.412237 0.139936 0.900266 0.437500 0.833333
0.806572 -0.216120 7.162498 -0.412237 0.139936 0.900266 0.458333 0.833333
0.722221 -0.193518 7.120361 -0.412237 0.139936 0.900266 0.458333 0.916667
0.690783 -0.286132 7.120361 -0.412237 0.139936 0.900266 0.437500 0.916667
0.690783 -0.286132 7.120361 -0.828271 0.281160 0.484682 0.437500 0.916667
0.722221 -0.193518 7.120361 -0.828271 0.281160 0.484682 0.458333 0.916667
0.691347 -0.185246 7.062801 -0.828271 0.281160 0.484682 0.458333 1.000000
0.661253 -0.273900 7.062801 -0.828271 0.281160 0.484682 0.437500 1.000000
0.661253 -0.273900 7.062801 -0.828273 0.281160 -0.484679 0.437500 0.000000
0.691347 -0.185246 7.062801 -0.828273 0.281160 -0.484679 0.458333 0.000000
0.722221 -0.193518 7.005240 -0.828273 0.281160 -0.484679 0.458333 0.083333
0.690783 -0.286132 7.005240 -0.828273 0.281160 -0.484679 0.437500 0.083333
0.690783 -0.286132 7.005240 -0.412230 0.139933 -0.900270 0.437500 0.083333
0.722221 -0.193518 7.005240 -0.412230 0.139933 -0.900270 0.458333 0.083333
0.806572 -0.216120 6.963104 -0.412230 0.139933 -0.900270 0.458333 0.166667
0.771462 -0.319550 6.963104 -0.412230 0.139933 -0.900270 0.437500 0.166667
0.771462 -0.319550 6.963104 -0.121681 0.041305 -0.991709 0.437500 0.166667
0.806572 -0.216120 6.963104 -0.121681 0.041305 -0.991709 0.458333 0.166667
0.921796 -0.246994 6.947680 -0.121681 0.041305 -0.991709 0.458333 0.250000
0.881671 -0.365200 6.947680 -0.121681 0.041305 -0.991709 0.437500 0.250000
0.881671 -0.365200 6.947680 0.121681 -0.041305 -0.991709 0.437500 0.250000
0.921796 -0.246994 6.947680 0.121681 -0.041305 -0.991709 0.458333 0.250000
1.037021 -0.277869 6.963104 0.121681 -0.041305 -0.991709 0.458333 0.333333
0.991879 -0.410850 6.963104 0.121681 -0.041305 -0.991709 0.437500 0.333333
0.991879 -0.410850 6.963104 0.412230 -0.139933 -0.900270 0.437500 0.333333
1.037021 -0.277869 6.963104 0.412230 -0.139933 -0.900270 0.458333 0.333333
1.121371 -0.300470 7.005240 0.412230 -0.139933 -0.900270 0.458333 0.416667
1.072558 -0.444269 7.005240 0.412230 -0.139933 -0.900270 0.437500 0.416667
1.072558 -0.444269 7.005240 0.828272 -0.281160 -0.484679 0.437500 0.416667
1.121371 -0.300470 7.005240 0.828272 -0.281160 -0.484679 0.458333 0.416667
1.152245 -0.308743 7.062801 0.828272 -0.281160 -0.484679 0.458333 0.500000
1.102088 -0.456500 7.062801 0.828272 -0.281160 -0.484679 0.437500 0.500000
1.152245 -0.308743 7.062801 0.857883 -0.170644 0.484682 0.458333 0.500000
1.182687 -0.155704 7.062801 0.857883 -0.170644 0.484682 0.479167 0.500000
1.150997 -0.151532 7.120361 0.857883 -0.170644 0.484682 0.479167 0.583333
1.121371 -0.300470 7.120361 0.857883 -0.170644 0.484682 0.458333 0.583333
1.121371 -0.300470 7.120361 0.426976 -0.084931 0.900266 0.458333 0.583333
1.150997 -0.151532 7.120361 0.426976 -0.084931 0.900266 0.479167 0.583333
1.064418 -0.140133 7.162498 0.426976 -0.084931 0.900266 0.479167 0.666667
1.037021 -0.277869 7.162498 0.426976 -0.084931 0.900266 0.458333 0.666667
1.037021 -0.277869 7.162498 0.126024 -0.025068 0.991710 0.458333 0.666667
1.064418 -0.140133 7.162498 0.126024 -0.025068 0.991710 0.479167 0.666667
0.946149 -0.124563 7.177921 0.126024 -0.025068 0.991710 0.479167 0.750000
0.921796 -0.246994 7.177921 0.126024 -0.025068 0.991710 0.458333 0.750000
0.921796 -0.246994 7.177921 -0.126024 0.025068 0.991710 0.458333 0.750000
0.946149 -0.124563 7.177921 -0.126024 0.025068 0.991710 0.479167 0.750000
0.827881 -0.108993 7.162498 -0.126024 0.025068 0.991710 0.479167 0.833333
0.806572 -0.216120 7.162498 -0.126024 0.025068 0.991710 0.458333 0.833333
0.806572 -0.216120 7.162498 -0.426976 0.084931 0.900266 0.458333 0.833333
0.827881 -0.108993 7.162498 -0.426976 0.084931 0.900266 0.479167 0.833333
0.741302 -0.097594 7.120361 -0.426976 0.084931 0.900266 0.479167 0.916667
0.722221 -0.193518 7.120361 -0.426976 0.084931 0.900266 0.458333 0.916667
0.722221 -0.193518 7.120361 -0.857884 0.170644 0.484681 0.458333 0.916667
0.741302 -0.097594 7.120361 -0.857884 0.170644 0.484681 0.479167 0.916667
0.709612 -0.093422 7.062801 -0.857884 0.170644 0.484681 0.479167 1.000000
0.691347 -0.185246 7.062801 -0.857884 0.170644 0.484681 0.458333 1.000000
0.691347 -0.185246 7.062801 -0.857885 0.170644 -0.484678 0.458333 0.000000
0.709612 -0.093422 7.062801 -0.857885 0.170644 -0.484678 0.479167 0.000000
0.741302 -0.097594 7.005240 -0.857885 0.170644 -0.484678 0.479167 0.083333
0.722221 -0.193518 7.005240 -0.857885 0.170644 -0.484678 0.458333 0.083333
0.722221 -0.193518 7.005240 -0.426968 0.084929 -0.900270 0.458333 0.083333
0.741302 -0.097594 7.005240 -0.426968 0.084929 -0.900270 0.479167 0.083333
0.827881 -0.108993 6.963104 -0.426968 0.084929 -0.900270 0.479167 0.166667
0.806572 -0.216120 6.963104 -0.426968 0.084929 -0.900270 0.458333 0.166667
0.806572 -0.216120 6.963104 -0.126031 0.025069 -0.991709 0.458333 0.166667
0.827881 -0.108993 6.963104 -0.126031 0.025069 -0.991709 0.479167 0.166667
0.946149 -0.124563 6.947680 -0.126031 0.025069 -0.991709 0.479167 0.250000
0.921796 -0.246994 6.947680 -0.126031 0.025069 -0.991709 0.458333 0.250000
0.921796 -0.246994 6.947680 0.126031 -0.025069 -0.991710 0.458333 0.250000
0.946149 -0.124563 6.947680 0.126031 -0.025069 -0.991710 0.479167 0.250000
1.064418 -0.140133 6.963104 0.126031 -0.025069 -0.991710 0.479167 0.333333
1.037021 -0.277869 6.963104 0.126031 -0.025069 -0.991710 0.458333 0.333333
1.037021 -0.277869 6.963104 0.426968 -0.084929 -0.900270 0.458333 0.333333
1.064418 -0.140133 6.963104 0.426968 -0.084929 -0.900270 0.479167 0.333333
1.150997 -0.151532 7.005240 0.426968 -0.084929 -0.900270 0.479167 0.416667
1.121371 -0.300470 7.005240 0.426968 -0.084929 -0.900270 0.458333 0.416667
1.121371 -0.300470 7.005240 0.857885 -0.170644 -0.484679 0.458333 0.416667
1.150997 -0.151532 7.005240 0.857885 -0.170644 -0.484679 0.479167 0.416667
1.182687 -0.155704 7.062801 0.857885 -0.170644 -0.484679 0.479167 0.500000
1.152245 -0.308743 7.062801 0.857885 -0.170644 -0.484679 0.458333 0.500000
1.182687 -0.155704 7.062801 0.872818 -0.057207 0.484682 0.479167 0.500000
1.192892 0.000000 7.062801 0.872818 -0.057207 0.484682 0.500000 0.500000
1.160928 0.000000 7.120361 0.872818 -0.057207 0.484682 0.500000 0.583333
1.150997 -0.151532 7.120361 0.872818 -0.057207 0.484682 0.479167 0.583333
1.150997 -0.151532 7.120361 0.434409 -0.028473 0.900266 0.479167 0.583333
1.160928 0.000000 7.120361 0.434409 -0.028473 0.900266 0.500000 0.583333
1.073603 0.000000 7.162498 0.434409 -0.028473 0.900266 0.500000 0.666667
1.064418 -0.140133 7.162498 0.434409 -0.028473 0.900266 0.479167 0.666667
1.064418 -0.140133 7.162498 0.128218 -0.008404 0.991710 0.479167 0.666667
1.073603 0.000000 7.162498 0.128218 -0.008404 0.991710 0.500000 0.666667
0.954314 0.000000 7.177921 0.128218 -0.008404 0.991710 0.500000 0.750000
0.946149 -0.124563 7.177921 0.128218 -0.008404 0.991710 0.479167 0.750000
0.946149 -0.124563 7.177921 -0.128218 0.008404 0.991710 0.479167 0.750000
0.954314 0.000000 7.177921 -0.128218 0.008404 0.991710 0.500000 0.750000
0.835024 0.000000 7.162498 -0.128218 0.008404 0.991710 0.500000 0.833333
0.827881 -0.108993 7.162498 -0.128218 0.008404 0.991710 0.479167 0.833333
0.827881 -0.108993 7.162498 -0.434409 0.028473 0.900266 0.479167 0.833333
0.835024 0.000000 7.162498 -0.434409 0.028473 0.900266 0.500000 0.833333
0.747699 0.000000 7.120361 -0.434409 0.028473 0.900266 0.500000 0.916667
0.741302 -0.097594 7.120361 -0.434409 0.028473 0.900266 0.479167 0.916667
0.741302 -0.097594 7.120361 -0.872818 0.057207 0.484681 0.479167 0.916667
0.747699 0.000000 7.120361 -0.872818 0.057207 0.484681 0.500000 0.916667
0.715735 0.000000 7.062801 -0.872818 0.057207 0.484681 0.500000 1.000000
0.709612 -0.093422 7.062801 -0.872818 0.057207 0.484681 0.479167 1.000000
0.709612 -0.093422 7.062801 -0.872820 0.057207 -0.484678 0.479167 0.000000
0.715735 0.000000 7.062801 -0.872820 0.057207 -0.484678 0.500000 0.000000
0.747699 0.000000 7.005240 -0.872820 0.057207 -0.484678 0.500000 0.083333
0.741302 -0.097594 7.005240 -0.872820 0.057207 -0.484678 0.479167 0.083333
0.741302 -0.097594 7.005240 -0.434401 0.028472 -0.900270 0.479167 0.083333
0.747699 0.000000 7.005240 -0.434401 0.028472 -0.900270 0.500000 0.083333
0.835024 0.000000 6.963104 -0.434401 0.028472 -0.900270 0.500000 0.166667
0.827881 -0.108993 6.963104 -0.434401 0.028472 -0.900270 0.479167 0.166667
0.827881 -0.108993 6.963104 -0.128225 0.008404 -0.991710 0.479167 0.166667
0.835024 0.000000 6.963104 -0.128225 0.008404 -0.991710 0.500000 0.166667
0.954314 0.000000 6.947680 -0.128225 0.008404 -0.991710 0.500000 0.250000
0.946149 -0.124563 6.947680 -0.128225 0.008404 -0.991710 0.479167 0.250000
0.946149 -0.124563 6.947680 0.128225 -0.008404 -0.991709 0.479167 0.250000
0.954314 0.000000 6.947680 0.128225 -0.008404 -0.991709 0.500000 0.250000
1.073603 0.000000 6.963104 0.128225 -0.008404 -0.991709 0.500000 0.333333
1.064418 -0.140133 6.963104 0.128225 -0.008404 -0.991709 0.479167 0.333333
1.064418 -0.140133 6.963104 0.434401 -0.028472 -0.900270 0.479167 0.333333
1.073603 0.000000 6.963104 0.434401 -0.028472 -0.900270 0.500000 0.333333
1.160928 0.000000 7.005240 0.434401 -0.028472 -0.900270 0.500000 0.416667
1.150997 -0.151532 7.005240 0.434401 -0.028472 -0.900270 0.479167 0.416667
1.150997 -0.151532 7.005240 0.872819 -0.057207 -0.484679 0.479167 0.416667
1.160928 0.000000 7.005240 0.872819 -0.057207 -0.484679 0.500000 0.416667
1.192892 0.000000 7.062801 0.872819 -0.057207 -0.484679 0.500000 0.500000
1.182687 -0.155704 7.062801 0.872819 -0.057207 -0.484679 0.479167 0.500000
-1.425689 -1.425689 7.084635 -1.000000 -0.000000 0.000000 0.375000 0.000000
-1.425689 -1.425689 7.337899 -1.000000 -0.000000 0.000000 0.625000 0.000000
-1.425689 1.425689 7.337899 -1.000000 -0.000000 0.000000 0.625000 0.250000
-1.425689 1.425689 7.084635 -1.000000 -0.000000 0.000000 0.375000 0.250000
-1.425689 1.425689 7.084635 0.000000 1.000000 0.000000 0.375000 0.250000
-1.425689 1.425689 7.337899 0.000000 1.000000 0.000000 0.625000 0.250000
1.425689 1.425689 7.337899 0.000000 1.000000 0.000000 0.625000 0.500000
1.425689 1.425689 7.084635 0.000000 1.000000 0.000000 0.375000 0.500000
1.425689 1.425689 7.084635 1.000000 -0.000000 0.000000 0.375000 0.500000
1.425689 1.425689 7.337899 1.000000 -0.000000 0.000000 0.625000 0.500000
1.425689 -1.425689 7.337899 1.000000 -0.000000 0.000000 0.625000 0.750000
1.425689 -1.425689 7.084635 1.000000 -0.000000 0.000000 0.375000 0.750000
1.425689 -1.425689 7.084635 0.000000 -1.000000 0.000000 0.375000 0.750000
1.425689 -1.425689 7.337899 0.000000 -1.000000 0.000000 0.625000 0.750000
-1.425689 -1.425689 7.337899 0.000000 -1.000000 0.000000 0.625000 1.000000
-1.425689 -1.425689 7.084635 0.000000 -1.000000 0.000000 0.375000 1.000000
-1.425689 1.425689 7.084635 0.000000 0.000000 -1.000000 0.125000 0.500000
1.425689 1.425689 7.084635 0.000000 0.000000 -1.000000 0.375000 0.500000
1.425689 -1.425689 7.084635 0.000000 0.000000 -1.000000 0.375000 0.750000
-1.425689 -1.425689 7.084635 0.000000 0.000000 -1.000000 0.125000 0.750000
1.425689 1.425689 7.337899 0.000000 -0.000000 1.000000 0.625000 0.500000
-1.425689 1.425689 7.337899 0.000000 -0.000000 1.000000 0.875000 0.500000
-1.425689 -1.425689 7.337899 0.000000 -0.000000 1.000000 0.875000 0.750000
1.425689 -1.425689 7.337899 0.000000 -0.000000 1.000000 0.625000 0.750000
-1.485495 -1.485495 -7.241802 -1.000000 -0.000000 0.000000 0.375000 0.000000
-1.485495 -1.485495 -6.828387 -1.000000 -0.000000 0.000000 0.625000 0.000000
-1.485495 1.485495 -6.828387 -1.000000 -0.000000 0.000000 0.625000 0.250000
-1.485495 1.485495 -7.241802 -1.000000 -0.000000 0.000000 0.375000 0.250000
-1.485495 1.485495 -7.241802 0.000000 1.000000 0.000000 0.375000 0.250000
-1.485495 1.485495 -6.828387 0.000000 1.000000 0.000000 0.625000 0.250000
1.485495 1.485495 -6.828387 0.000000 1.000000 0.000000 0.625000 0.500000
1.485495 1.485495 -7.241802 0.000000 1.000000 0.000000 0.375000 0.500000
1.485495 1.485495 -7.241802 1.000000 -0.000000 0.000000 0.375000 0.500000
1.485495 1.485495 -6.828387 1.000000 -0.000000 0.000000 0.625000 0.500000
1.485495 -1.485495 -6.828387 1.000000 -0.000000 0.000000 0.625000 0.750000
1.485495 -1.485495 -7.241802 1.000000 -0.000000 0.000000 0.375000 0.750000
1.485495 -1.485495 -7.241802 0.000000 -1.000000 0.000000 0.375000 0.750000
1.485495 -1.485495 -6.828387 0.000000 -1.000000 0.000000 0.625000 0.750000
-1.485495 -1.485495 -6.828387 0.000000 -1.000000 0.000000 0.625000 1.000000
-1.485495 -1.485495 -7.241802 0.000000 -1.000000 0.000000 0.375000 1.000000
-1.485495 1.485495 -7.241802 0.000000 0.000000 -1.000000 0.125000 0.500000
1.485495 1.485495 -7.241802 0.000000 0.000000 -1.000000 0.375000 0.500000
1.485495 -1.485495 -7.241802 0.000000 0.000000 -1.000000 0.375000 0.750000
-1.485495 -1.485495 -7.241802 0.000000 0.000000 -1.000000 0.125000 0.750000
1.485495 1.485495 -6.828387 0.000000 -0.000000 1.000000 0.625000 0.500000
-1.485495 1.485495 -6.828387 0.000000 -0.000000 1.000000 0.875000 0.500000
-1.485495 -1.485495 -6.828387 0.000000 -0.000000 1.000000 0.875000 0.750000
1.485495 -1.485495 -6.828387 0.000000 -0.000000 1.000000 0.625000 0.750000
1.290756 -0.000000 -6.748665 0.961872 0.063044 0.266136 0.500000 0.500000
1.279714 0.168477 -6.748665 0.961872 0.063044 0.266136 0.520833 0.500000
1.245424 0.163963 -6.623665 0.961872 0.063044 0.266136 0.520833 0.583333
1.256171 -0.000000 -6.623665 0.961872 0.063044 0.266136 0.500000 0.583333
1.256171 -0.000000 -6.623665 0.694951 0.045550 0.717613 0.500000 0.583333
1.245424 0.163963 -6.623665 0.694951 0.045550 0.717613 0.520833 0.583333
1.151742 0.151630 -6.532159 0.694951 0.045550 0.717613 0.520833 0.666667
1.161681 -0.000000 -6.532159 0.694951 0.045550 0.717613 0.500000 0.666667
1.161681 -0.000000 -6.532159 0.251139 0.016460 0.967811 0.500000 0.666667
1.151742 0.151630 -6.532159 0.251139 0.016460 0.967811 0.520833 0.666667
1.023771 0.134782 -6.498665 0.251139 0.016460 0.967811 0.520833 0.750000
1.032605 -0.000000 -6.498665 0.251139 0.016460 0.967811 0.500000 0.750000
1.032605 -0.000000 -6.498665 -0.251138 -0.016460 0.967811 0.500000 0.750000
1.023771 0.134782 -6.498665 -0.251138 -0.016460 0.967811 0.520833 0.750000
0.895800 0.117934 -6.532159 -0.251138 -0.016460 0.967811 0.520833 0.833333
0.903529 -0.000000 -6.532159 -0.251138 -0.016460 0.967811 0.500000 0.833333
0.903529 -0.000000 -6.532159 -0.694951 -0.045549 0.717613 0.500000 0.833333
0.895800 0.117934 -6.532159 -0.694951 -0.045549 0.717613 0.520833 0.833333
0.802118 0.105601 -6.623665 -0.694951 -0.045549 0.717613 0.520833 0.916667
0.809039 -0.000000 -6.623665 -0.694951 -0.045549 0.717613 0.500000 0.916667
0.809039 -0.000000 -6.623665 -0.961872 -0.063044 0.266136 0.500000 0.916667
0.802118 0.105601 -6.623665 -0.961872 -0.063044 0.266136 0.520833 0.916667
0.767828 0.101086 -6.748665 -0.961872 -0.063044 0.266136 0.520833 1.000000
0.774454 -0.000000 -6.748665 -0.961872 -0.063044 0.266136 0.500000 1.000000
0.774454 -0.000000 -6.748665 -0.961872 -0.063044 -0.266136 0.500000 0.000000
0.767828 0.101086 -6.748665 -0.961872 -0.063044 -0.266136 0.520833 0.000000
0.802118 0.105601 -6.873665 -0.961872 -0.063044 -0.266136 0.520833 0.083333
0.809039 -0.000000 -6.873665 -0.961872 -0.063044 -0.266136 0.500000 0.083333
0.809039 -0.000000 -6.873665 -0.694951 -0.045549 -0.717613 0.500000 0.083333
0.802118 0.105601 -6.873665 -0.694951 -0.045549 -0.717613 0.520833 0.083333
0.895800 0.117934 -6.965171 -0.694951 -0.045549 -0.717613 0.520833 0.166667
0.903529 -0.000000 -6.965171 -0.694951 -0.045549 -0.717613 0.500000 0.166667
0.903529 -0.000000 -6.965171 -0.251132 -0.016460 -0.967813 0.500000 0.166667
0.895800 0.117934 -6.965171 -0.251132 -0.016460 -0.967813 0.520833 0.166667
1.023771 0.134782 -6.998664 -0.251132 -0.016460 -0.967813 0.520833 0.250000
1.032605 -0.000000 -6.998664 -0.251132 -0.016460 -0.967813 0.500000 0.250000
1.032605 -0.000000 -6.998664 0.251132 0.016460 -0.967813 0.500000 0.250000
1.023771 0.134782 -6.998664 0.251132 0.016460 -0.967813 0.520833 0.250000
1.151742 0.151630 -6.965171 0.251132 0.016460 -0.967813 0.520833 0.333333
1.161681 -0.000000 -6.965171 0.251132 0.016460 -0.967813 0.500000 0.333333
1.161681 -0.000000 -6.965171 0.694951 0.045550 -0.717613 0.500000 0.333333
1.151742 0.151630 -6.965171 0.694951 0.045550 -0.717613 0.520833 0.333333
1.245424 0.163963 -6.873665 0.694951 0.045550 -0.717613 0.520833 0.416667
1.256171 -0.000000 -6.873665 0.694951 0.045550 -0.717613 0.500000 0.416667
1.256171 -0.000000 -6.873665 0.961872 0.063044 -0.266136 0.500000 0.416667
1.245424 0.163963 -6.873665 0.961872 0.063044 -0.266136 0.520833 0.416667
1.279714 0.168477 -6.748665 0.961872 0.063044 -0.266136 0.520833 0.500000
1.290756 -0.000000 -6.748665 0.961872 0.063044 -0.266136 0.500000 0.500000
1.279714 0.168477 -6.748665 0.945414 0.188055 0.266136 0.520833 0.500000
1.246775 0.334072 -6.748665 0.945414 0.188055 0.266136 0.541667 0.500000
1.213368 0.325121 -6.623665 0.945414 0.188055 0.266136 0.541667 0.583333
1.245424 0.163963 -6.623665 0.945414 0.188055 0.266136 0.520833 0.583333
1.245424 0.163963 -6.623665 0.683060 0.135869 0.717613 0.520833 0.583333
1.213368 0.325121 -6.623665 0.683060 0.135869 0.717613 0.541667 0.583333
1.122097 0.300665 -6.532159 0.683060 0.135869 0.717613 0.541667 0.666667
1.151742 0.151630 -6.532159 0.683060 0.135869 0.717613 0.520833 0.666667
1.151742 0.151630 -6.532159 0.246842 0.049100 0.967811 0.520833 0.666667
1.122097 0.300665 -6.532159 0.246842 0.049100 0.967811 0.541667 0.666667
0.997420 0.267258 -6.498665 0.246842 0.049100 0.967811 0.541667 0.750000
1.023771 0.134782 -6.498665 0.246842 0.049100 0.967811 0.520833 0.750000
1.023771 0.134782 -6.498665 -0.246841 -0.049100 0.967811 0.520833 0.750000
0.997420 0.267258 -6.498665 -0.246841 -0.049100 0.967811 0.541667 0.750000
0.872742 0.233851 -6.532159 -0.246841 -0.049100 0.967811 0.541667 0.833333
0.895800 0.117934 -6.532159 -0.246841 -0.049100 0.967811 0.520833 0.833333
0.895800 0.117934 -6.532159 -0.683060 -0.135869 0.717613 0.520833 0.833333
0.872742 0.233851 -6.532159 -0.683060 -0.135869 0.717613 0.541667 0.833333
0.781472 0.209395 -6.623665 -0.683060 -0.135869 0.717613 0.541667 0.916667
0.802118 0.105601 -6.623665 -0.683060 -0.135869 0.717613 0.520833 0.916667
0.802118 0.105601 -6.623665 -0.945414 -0.188055 0.266136 0.520833 0.916667
0.781472 0.209395 -6.623665 -0.945414 -0.188055 0.266136 0.541667 0.916667
0.748065 0.200443 -6.748665 -0.945414 -0.188055 0.266136 0.541667 1.000000
0.767828 0.101086 -6.748665 -0.945414 -0.188055 0.266136 0.520833 1.000000
0.767828 0.101086 -6.748665 -0.945414 -0.188055 -0.266136 0.520833 0.000000
0.748065 0.200443 -6.748665 -0.945414 -0.188055 -0.266136 0.541667 0.000000
0.781472 0.209395 -6.873665 -0.945414 -0.188055 -0.266136 0.541667 0.083333
0.802118 0.105601 -6.873665 -0.945414 -0.188055 -0.266136 0.520833 0.083333
0.802118 0.105601 -6.873665 -0.683060 -0.135869 -0.717613 0.520833 0.083333
0.781472 0.209395 -6.873665 -0.683060 -0.135869 -0.717613 0.541667 0.083333
0.872742 0.233851 -6.965171 -0.683060 -0.135869 -0.717613 0.541667 0.166667
0.895800 0.117934 -6.965171 -0.683060 -0.135869 -0.717613 0.520833 0.166667
0.895800 0.117934 -6.965171 -0.246835 -0.049099 -0.967813 0.520833 0.166667
0.872742 0.233851 -6.965171 -0.246835 -0.049099 -0.967813 0.541667 0.166667
0.997420 0.267258 -6.998664 -0.246835 -0.049099 -0.967813 0.541667 0.250000
1.023771 0.134782 -6.998664 -0.246835 -0.049099 -0.967813 0.520833 0.250000
1.023771 0.134782 -6.998664 0.246835 0.049099 -0.967813 0.520833 0.250000
0.997420 0.267258 -6.998664 0.246835 0.049099 -0.967813 0.541667 0.250000
1.122097 0.300665 -6.965171 0.246835 0.049099 -0.967813 0.541667 0.333333
1.151742 0.151630 -6.965171 0.246835 0.049099 -0.967813 0.520833 0.333333
1.151742 0.151630 -6.965171 0.683060 0.135869 -0.717613 0.520833 0.333333
1.122097 0.300665 -6.965171 0.683060 0.135869 -0.717613 0.541667 0.333333
1.213368 0.325121 -6.873665 0.683060 0.135869 -0.717613 0.541667 0.416667
1.245424 0.163963 -6.873665 0.683060 0.135869 -0.717613 0.520833 0.416667
1.245424 0.163963 -6.873665 0.945414 0.188055 -0.266136 0.520833 0.416667
1.213368 0.325121 -6.873665 0.945414 0.188055 -0.266136 0.541667 0.416667
1.246775 0.334072 -6.748665 0.945414 0.188055 -0.266136 0.541667 0.500000
1.279714 0.168477 -6.748665 0.945414 0.188055 -0.266136 0.520833 0.500000
1.246775 0.334072 -6.748665 0.912780 0.309847 0.266136 0.541667 0.500000
1.192503 0.493951 -6.748665 0.912780 0.309847 0.266136 0.562500 0.500000
1.160550 0.480716 -6.623665 0.912780 0.309847 0.266136 0.562500 0.583333
1.213368 0.325121 -6.623665 0.912780 0.309847 0.266136 0.541667 0.583333
1.213368 0.325121 -6.623665 0.659482 0.223864 0.717613 0.541667 0.583333
1.160550 0.480716 -6.623665 0.659482 0.223864 0.717613 0.562500 0.583333
1.073253 0.444556 -6.532159 0.659482 0.223864 0.717613 0.562500 0.666667
1.122097 0.300665 -6.532159 0.659482 0.223864 0.717613 0.541667 0.666667
1.122097 0.300665 -6.532159 0.238321 0.080899 0.967811 0.541667 0.666667
1.073253 0.444556 -6.532159 0.238321 0.080899 0.967811 0.562500 0.666667
0.954003 0.395161 -6.498665 0.238321 0.080899 0.967811 0.562500 0.750000
0.997420 0.267258 -6.498665 0.238321 0.080899 0.967811 0.541667 0.750000
0.997420 0.267258 -6.498665 -0.238321 -0.080899 0.967811 0.541667 0.750000
0.954003 0.395161 -6.498665 -0.238321 -0.080899 0.967811 0.562500 0.750000
0.834752 0.345766 -6.532159 -0.238321 -0.080899 0.967811 0.562500 0.833333
0.872742 0.233851 -6.532159 -0.238321 -0.080899 0.967811 0.541667 0.833333
0.872742 0.233851 -6.532159 -0.659482 -0.223864 0.717613 0.541667 0.833333
0.834752 0.345766 -6.532159 -0.659482 -0.223864 0.717613 0.562500 0.833333
0.747455 0.309606 -6.623665 -0.659482 -0.223864 0.717613 0.562500 0.916667
0.781472 0.209395 -6.623665 -0.659482 -0.223864 0.717613 0.541667 0.916667
0.781472 0.209395 -6.623665 -0.912780 -0.309847 0.266136 0.541667 0.916667
0.747455 0.309606 -6.623665 -0.912780 -0.309847 0.266136 0.562500 0.916667
0.715502 0.296371 -6.748665 -0.912780 -0.309847 0.266136 0.562500 1.000000
0.748065 0.200443 -6.748665 -0.912780 -0.309847 0.266136 0.541667 1.000000
0.748065 0.200443 -6.748665 -0.912780 -0.309847 -0.266136 0.541667 0.000000
0.715502 0.296371 -6.748665 -0.912780 -0.309847 -0.266136 0.562500 0.000000
0.747455 0.309606 -6.873665 -0.912780 -0.309847 -0.266136 0.562500 0.083333
0.781472 0.209395 -6.873665 -0.912780 -0.309847 -0.266136 0.541667 0.083333
0.781472 0.209395 -6.873665 -0.659482 -0.223864 -0.717613 0.541667 0.083333
0.747455 0.309606 -6.873665 -0.659482 -0.223864 -0.717613 0.562500 0.083333
0.834752 0.345766 -6.965171 -0.659482 -0.223864 -0.717613 0.562500 0.166667
0.872742 0.233851 -6.965171 -0.659482 -0.223864 -0.717613 0.541667 0.166667
0.872742 0.233851 -6.965171 -0.238315 -0.080897 -0.967813 0.541667 0.166667
0.834752 0.345766 -6.965171 -0.238315 -0.080897 -0.967813 0.562500 0.166667
0.954003 0.395161 -6.998664 -0.238315 -0.080897 -0.967813 0.562500 0.250000
0.997420 0.267258 -6.998664 -0.238315 -0.080897 -0.967813 0.541667 0.250000
0.997420 0.267258 -6.998664 0.238315 0.080897 -0.967813 0.541667 0.250000
0.954003 0.395161 -6.998664 0.238315 0.080897 -0.967813 0.562500 0.250000
1.073253 0.444556 -6.965171 0.238315 0.080897 -0.967813 0.562500 0.333333
1.122097 0.300665 -6.965171 0.238315 0.080897 -0.967813 0.541667 0.333333
1.122097 0.300665 -6.965171 0.659482 0.223864 -0.717613 0.541667 0.333333
1.073253 0.444556 -6.965171 0.659482 0.223864 -0.717613 0.562500 0.333333
1.160550 0.480716 -6.873665 0.659482 0.223864 -0.717613 0.562500 0.416667
1.213368 0.325121 -6.873665 0.659482 0.223864 -0.717613 0.541667 0.416667
1.213368 0.325121 -6.873665 0.912780 0.309847 -0.266136 0.541667 0.416667
1.160550 0.480716 -6.873665 0.912780 0.309847 -0.266136 0.562500 0.416667
1.192503 0.493951 -6.748665 0.912780 0.309847 -0.266136 0.562500 0.500000
1.246775 0.334072 -6.748665 0.912780 0.309847 -0.266136 0.541667 0.500000
1.192503 0.493951 -6.748665 0.864528 0.426338 0.266136 0.562500 0.500000
1.117828 0.645378 -6.748665 0.864528 0.426338 0.266136 0.583333 0.500000
1.087876 0.628085 -6.623665 0.864528 0.426338 0.266136 0.583333 0.583333
1.160550 0.480716 -6.623665 0.864528 0.426338 0.266136 0.562500 0.583333
1.160550 0.480716 -6.623665 0.624620 0.308028 0.717613 0.562500 0.583333
1.087876 0.628085 -6.623665 0.624620 0.308028 0.717613 0.583333 0.583333
1.006045 0.580840 -6.532159 0.624620 0.308028 0.717613 0.583333 0.666667
1.073253 0.444556 -6.532159 0.624620 0.308028 0.717613 0.562500 0.666667
1.073253 0.444556 -6.532159 0.225723 0.111314 0.967811 0.562500 0.666667
1.006045 0.580840 -6.532159 0.225723 0.111314 0.967811 0.583333 0.666667
0.894262 0.516303 -6.498665 0.225723 0.111314 0.967811 0.583333 0.750000
0.954003 0.395161 -6.498665 0.225723 0.111314 0.967811 0.562500 0.750000
0.954003 0.395161 -6.498665 -0.225723 -0.111314 0.967811 0.562500 0.750000
0.894262 0.516303 -6.498665 -0.225723 -0.111314 0.967811 0.583333 0.750000
0.782479 0.451765 -6.532159 -0.225723 -0.111314 0.967811 0.583333 0.833333
0.834752 0.345766 -6.532159 -0.225723 -0.111314 0.967811 0.562500 0.833333
0.834752 0.345766 -6.532159 -0.624620 -0.308029 0.717613 0.562500 0.833333
0.782479 0.451765 -6.532159 -0.624620 -0.308029 0.717613 0.583333 0.833333
0.700649 0.404520 -6.623665 -0.624620 -0.308029 0.717613 0.583333 0.916667
0.747455 0.309606 -6.623665 -0.624620 -0.308029 0.717613 0.562500 0.916667
0.747455 0.309606 -6.623665 -0.864527 -0.426338 0.266136 0.562500 0.916667
0.700649 0.404520 -6.623665 -0.864527 -0.426338 0.266136 0.583333 0.916667
0.670697 0.387227 -6.748665 -0.864527 -0.426338 0.266136 0.583333 1.000000
0.715502 0.296371 -6.748665 -0.864527 -0.426338 0.266136 0.562500 1.000000
0.715502 0.296371 -6.748665 -0.864527 -0.426338 -0.266136 0.562500 0.000000
0.670697 0.387227 -6.748665 -0.864527 -0.426338 -0.266136 0.583333 0.000000
0.700649 0.404520 -6.873665 -0.864527 -0.426338 -0.266136 0.583333 0.083333
0.747455 0.309606 -6.873665 -0.864527 -0.426338 -0.266136 0.562500 0.083333
0.747455 0.309606 -6.873665 -0.624620 -0.308029 -0.717613 0.562500 0.083333
0.700649 0.404520 -6.873665 -0.624620 -0.308029 -0.717613 0.583333 0.083333
0.782479 0.451765 -6.965171 -0.624620 -0.308029 -0.717613 0.583333 0.166667
0.834752 0.345766 -6.965171 -0.624620 -0.308029 -0.717613 0.562500 0.166667
0.834752 0.345766 -6.965171 -0.225717 -0.111311 -0.967813 0.562500 0.166667
0.782479 0.451765 -6.965171 -0.225717 -0.111311 -0.967813 0.583333 0.166667
0.894262 0.516303 -6.998664 -0.225717 -0.111311 -0.967813 0.583333 0.250000
0.954003 0.395161 -6.998664 -0.225717 -0.111311 -0.967813 0.562500 0.250000
0.954003 0.395161 -6.998664 0.225717 0.111311 -0.967813 0.562500 0.250000
0.894262 0.516303 -6.998664 0.225717 0.111311 -0.967813 0.583333 0.250000
1.006045 0.580840 -6.965171 0.225717 0.111311 -0.967813 0.583333 0.333333
1.073253 0.444556 -6.965171 0.225717 0.111311 -0.967813 0.562500 0.333333
1.073253 0.444556 -6.965171 0.624620 0.308028 -0.717613 0.562500 0.333333
1.006045 0.580840 -6.965171 0.624620 0.308028 -0.717613 0.583333 0.333333
1.087876 0.628085 -6.873665 0.624620 0.308028 -0.717613 0.583333 0.416667
1.160550 0.480716 -6.873665 0.624620 0.308028 -0.717613 0.562500 0.416667
1.160550 0.480716 -6.873665 0.864528 0.426338 -0.266136 0.562500 0.416667
1.087876 0.628085 -6.873665 0.864528 0.426338 -0.266136 0.583333 0.416667
1.117828 0.645378 -6.748665 0.864528 0.426338 -0.266136 0.583333 0.500000
1.192503 0.493951 -6.748665 0.864528 0.426338 -0.266136 0.562500 0.500000
1.117828 0.645378 -6.748665 0.801483 0.535534 0.266136 0.583333 0.500000
1.024026 0.785762 -6.748665 0.801483 0.535534 0.266136 0.604167 0.500000
0.996587 0.764708 -6.623665 0.801483 0.535534 0.266136 0.604167 0.583333
1.087876 0.628085 -6.623665 0.801483 0.535534 0.266136 0.583333 0.583333
1.087876 0.628085 -6.623665 0.579071 0.386923 0.717613 0.583333 0.583333
0.996587 0.764708 -6.623665 0.579071 0.386923 0.717613 0.604167 0.583333
0.921623 0.707186 -6.532159 0.579071 0.386923 0.717613 0.604167 0.666667
1.006045 0.580840 -6.532159 0.579071 0.386923 0.717613 0.583333 0.666667
1.006045 0.580840 -6.532159 0.209262 0.139824 0.967811 0.583333 0.666667
0.921623 0.707186 -6.532159 0.209262 0.139824 0.967811 0.604167 0.666667
0.819221 0.628610 -6.498665 0.209262 0.139824 0.967811 0.604167 0.750000
0.894262 0.516303 -6.498665 0.209262 0.139824 0.967811 0.583333 0.750000
0.894262 0.516303 -6.498665 -0.209262 -0.139824 0.967811 0.583333 0.750000
0.819221 0.628610 -6.498665 -0.209262 -0.139824 0.967811 0.604167 0.750000
0.716818 0.550034 -6.532159 -0.209262 -0.139824 0.967811 0.604167 0.833333
0.782479 0.451765 -6.532159 -0.209262 -0.139824 0.967811 0.583333 0.833333
0.782479 0.451765 -6.532159 -0.579071 -0.386922 0.717613 0.583333 0.833333
0.716818 0.550034 -6.532159 -0.579071 -0.386922 0.717613 0.604167 0.833333
0.641854 0.492512 -6.623665 -0.579071 -0.386922 0.717613 0.604167 0.916667
0.700649 0.404520 -6.623665 -0.579071 -0.386922 0.717613 0.583333 0.916667
0.700649 0.404520 -6.623665 -0.801483 -0.535534 0.266136 0.583333 0.916667
0.641854 0.492512 -6.623665 -0.801483 -0.535534 0.266136 0.604167 0.916667
0.614416 0.471458 -6.748665 -0.801483 -0.535534 0.266136 0.604167 1.000000
0.670697 0.387227 -6.748665 -0.801483 -0.535534 0.266136 0.583333 1.000000
0.670697 0.387227 -6.748665 -0.801483 -0.535534 -0.266136 0.583333 0.000000
0.614416 0.471458 -6.748665 -0.801483 -0.535534 -0.266136 0.604167 0.000000
0.641854 0.492512 -6.873665 -0.801483 -0.535534 -0.266136 0.604167 0.083333
0.700649 0.404520 -6.873665 -0.801483 -0.535534 -0.266136 0.583333 0.083333
0.700649 0.404520 -6.873665 -0.579071 -0.386922 -0.717613 0.583333 0.083333
0.641854 0.492512 -6.873665 -0.579071 -0.386922 -0.717613 0.604167 0.083333
0.716818 0.550034 -6.965171 -0.579071 -0.386922 -0.717613 0.604167 0.166667
0.782479 0.451765 -6.965171 -0.579071 -0.386922 -0.717613 0.583333 0.166667
0.782479 0.451765 -6.965171 -0.209256 -0.139821 -0.967813 0.583333 0.166667
0.716818 0.550034 -6.965171 -0.209256 -0.139821 -0.967813 0.604167 0.166667
0.819221 0.628610 -6.998664 -0.209256 -0.139821 -0.967813 0.604167 0.250000
0.894262 0.516303 -6.998664 -0.209256 -0.139821 -0.967813 0.583333 0.250000
0.894262 0.516303 -6.998664 0.209256 0.139821 -0.967813 0.583333 0.250000
0.819221 0.628610 -6.998664 0.209256 0.139821 -0.967813 0.604167 0.250000
0.921623 0.707186 -6.965171 0.209256 0.139821 -0.967813 0.604167 0.333333
1.006045 0.580840 -6.965171 0.209256 0.139821 -0.967813 0.583333 0.333333
1.006045 0.580840 -6.965171 0.579071 0.386923 -0.717613 0.583333 0.333333
0.921623 0.707186 -6.965171 0.579071 0.386923 -0.717613 0.604167 0.333333
0.996587 0.764708 -6.873665 0.579071 0.386923 -0.717613 0.604167 0.416667
1.087876 0.628085 -6.873665 0.579071 0.386923 -0.717613 0.583333 0.416667
1.087876 0.628085 -6.873665 0.801483 0.535534 -0.266136 0.583333 0.416667
0.996587 0.764708 -6.873665 0.801483 0.535534 -0.266136 0.604167 0.416667
1.024026 0.785762 -6.748665 0.801483 0.535534 -0.266136 0.604167 0.500000
1.117828 0.645378 -6.748665 0.801483 0.535534 -0.266136 0.583333 0.500000
1.024026 0.785762 -6.748665 0.724725 0.635567 0.266136 0.604167 0.500000
0.912702 0.912703 -6.748665 0.724725 0.635567 0.266136 0.625000 0.500000
0.888247 0.888247 -6.623665 0.724725 0.635567 0.266136 0.625000 0.583333
0.996587 0.764708 -6.623665 0.724725 0.635567 0.266136 0.604167 0.583333
0.996587 0.764708 -6.623665 0.523613 0.459197 0.717613 0.604167 0.583333
0.888247 0.888247 -6.623665 0.523613 0.459197 0.717613 0.625000 0.583333
0.821432 0.821432 -6.532159 0.523613 0.459197 0.717613 0.625000 0.666667
0.921623 0.707186 -6.532159 0.523613 0.459197 0.717613 0.604167 0.666667
0.921623 0.707186 -6.532159 0.189221 0.165943 0.967811 0.604167 0.666667
0.821432 0.821432 -6.532159 0.189221 0.165943 0.967811 0.625000 0.666667
0.730162 0.730162 -6.498665 0.189221 0.165943 0.967811 0.625000 0.750000
0.819221 0.628610 -6.498665 0.189221 0.165943 0.967811 0.604167 0.750000
0.819221 0.628610 -6.498665 -0.189221 -0.165942 0.967811 0.604167 0.750000
0.730162 0.730162 -6.498665 -0.189221 -0.165942 0.967811 0.625000 0.750000
0.638892 0.638892 -6.532159 -0.189221 -0.165942 0.967811 0.625000 0.833333
0.716818 0.550034 -6.532159 -0.189221 -0.165942 0.967811 0.604167 0.833333
0.716818 0.550034 -6.532159 -0.523613 -0.459196 0.717613 0.604167 0.833333
0.638892 0.638892 -6.532159 -0.523613 -0.459196 0.717613 0.625000 0.833333
0.572077 0.572077 -6.623665 -0.523613 -0.459196 0.717613 0.625000 0.916667
0.641854 0.492512 -6.623665 -0.523613 -0.459196 0.717613 0.604167 0.916667
0.641854 0.492512 -6.623665 -0.724725 -0.635567 0.266136 0.604167 0.916667
0.572077 0.572077 -6.623665 -0.724725 -0.635567 0.266136 0.625000 0.916667
0.547621 0.547622 -6.748665 -0.724725 -0.635567 0.266136 0.625000 1.000000
0.614416 0.471458 -6.748665 -0.724725 -0.635567 0.266136 0.604167 1.000000
0.614416 0.471458 -6.748665 -0.724725 -0.635567 -0.266136 0.604167 0.000000
0.547621 0.547622 -6.748665 -0.724725 -0.635567 -0.266136 0.625000 0.000000
0.572077 0.572077 -6.873665 -0.724725 -0.635567 -0.266136 0.625000 0.083333
0.641854 0.492512 -6.873665 -0.724725 -0.635567 -0.266136 0.604167 0.083333
0.641854 0.492512 -6.873665 -0.523613 -0.459196 -0.717613 0.604167 0.083333
0.572077 0.572077 -6.873665 -0.523613 -0.459196 -0.717613 0.625000 0.083333
0.638892 0.638892 -6.965171 -0.523613 -0.459196 -0.717613 0.625000 0.166667
0.716818 0.550034 -6.965171 -0.523613 -0.459196 -0.717613 0.604167 0.166667
0.716818 0.550034 -6.965171 -0.189216 -0.165938 -0.967813 0.604167 0.166667
0.638892 0.638892 -6.965171 -0.189216 -0.165938 -0.967813 0.625000 0.166667
0.730162 0.730162 -6.998664 -0.189216 -0.165938 -0.967813 0.625000 0.250000
0.819221 0.628610 -6.998664 -0.189216 -0.165938 -0.967813 0.604167 0.250000
0.819221 0.628610 -6.998664 0.189216 0.165938 -0.967813 0.604167 0.250000
0.730162 0.730162 -6.998664 0.189216 0.165938 -0.967813 0.625000 0.250000
0.821432 0.821432 -6.965171 0.189216 0.165938 -0.967813 0.625000 0.333333
0.921623 0.707186 -6.965171 0.189216 0.165938 -0.967813 0.604167 0.333333
0.921623 0.707186 -6.965171 0.523613 0.459197 -0.717613 0.604167 0.333333
0.821432 0.821432 -6.965171 0.523613 0.459197 -0.717613 0.625000 0.333333
0.888247 0.888247 -6.873665 0.523613 0.459197 -0.717613 0.625000 0.416667
0.996587 0.764708 -6.873665 0.523613 0.459197 -0.717613 0.604167 0.416667
0.996587 0.764708 -6.873665 0.724725 0.635567 -0.266136 0.604167 0.416667
0.888247 0.888247 -6.873665 0.724725 0.635567 -0.266136 0.625000 0.416667
0.912702 0.912703 -6.748665 0.724725 0.635567 -0.266136 0.625000 0.500000
1.024026 0.785762 -6.748665 0.724725 0.635567 -0.266136 0.604167 0.500000
0.912702 0.912703 -6.748665 0.635567 0.724725 0.266136 0.625000 0.500000
0.785763 1.024026 -6.748665 0.635567 0.724725 0.266136 0.645833 0.500000
0.764708 0.996587 -6.623665 0.635567 0.724725 0.266136 0.645833 0.583333
0.888247 0.888247 -6.623665 0.635567 0.724725 0.266136 0.625000 0.583333
0.888247 0.888247 -6.623665 0.459196 0.523613 0.717613 0.625000 0.583333
0.764708 0.996587 -6.623665 0.459196 0.523613 0.717613 0.645833 0.583333
0.707187 0.921623 -6.532159 0.459196 0.523613 0.717613 0.645833 0.666667
0.821432 0.821432 -6.532159 0.459196 0.523613 0.717613 0.625000 0.666667
0.821432 0.821432 -6.532159 0.165942 0.189221 0.967811 0.625000 0.666667
0.707187 0.921623 -6.532159 0.165942 0.189221 0.967811 0.645833 0.666667
0.628610 0.819221 -6.498665 0.165942 0.189221 0.967811 0.645833 0.750000
0.730162 0.730162 -6.498665 0.165942 0.189221 0.967811 0.625000 0.750000
0.730162 0.730162 -6.498665 -0.165942 -0.189221 0.967811 0.625000 0.750000
0.628610 0.819221 -6.498665 -0.165942 -0.189221 0.967811 0.645833 0.750000
0.550034 0.716818 -6.532159 -0.165942 -0.189221 0.967811 0.645833 0.833333
0.638892 0.638892 -6.532159 -0.165942 -0.189221 0.967811 0.625000 0.833333
0.638892 0.638892 -6.532159 -0.459196 -0.523613 0.717613 0.625000 0.833333
0.550034 0.716818 -6.532159 -0.459196 -0.523613 0.717613 0.645833 0.833333
0.492512 0.641854 -6.623665 -0.459196 -0.523613 0.717613 0.645833 0.916667
0.572077 0.572077 -6.623665 -0.459196 -0.523613 0.717613 0.625000 0.916667
0.572077 0.572077 -6.623665 -0.635567 -0.724725 0.266136 0.625000 0.916667
0.492512 0.641854 -6.623665 -0.635567 -0.724725 0.266136 0.645833 0.916667
0.471458 0.614415 -6.748665 -0.635567 -0.724725 0.266136 0.645833 1.000000
0.547621 0.547622 -6.748665 -0.635567 -0.724725 0.266136 0.625000 1.000000
0.547621 0.547622 -6.748665 -0.635567 -0.724725 -0.266136 0.625000 0.000000
0.471458 0.614415 -6.748665 -0.635567 -0.724725 -0.266136 0.645833 0.000000
0.492512 0.641854 -6.873665 -0.635567 -0.724725 -0.266136 0.645833 0.083333
0.572077 0.572077 -6.873665 -0.635567 -0.724725 -0.266136 0.625000 0.083333
0.572077 0.572077 -6.873665 -0.459196 -0.523613 -0.717613 0.625000 0.083333
0.492512 0.641854 -6.873665 -0.459196 -0.523613 -0.717613 0.645833 0.083333
0.550034 0.716818 -6.965171 -0.459196 -0.523613 -0.717613 0.645833 0.166667
0.638892 0.638892 -6.965171 -0.459196 -0.523613 -0.717613 0.625000 0.166667
0.638892 0.638892 -6.965171 -0.165938 -0.189216 -0.967813 0.625000 0.166667
0.550034 0.716818 -6.965171 -0.165938 -0.189216 -0.967813 0.645833 0.166667
0.628610 0.819221 -6.998664 -0.165938 -0.189216 -0.967813 0.645833 0.250000
0.730162 0.730162 -6.998664 -0.165938 -0.189216 -0.967813 0.625000 0.250000
0.730162 0.730162 -6.998664 0.165938 0.189216 -0.967813 0.625000 0.250000
0.628610 0.819221 -6.998664 0.165938 0.189216 -0.967813 0.645833 0.250000
0.707187 0.921623 -6.965171 0.165938 0.189216 -0.967813 0.645833 0.333333
0.821432 0.821432 -6.965171 0.165938 0.189216 -0.967813 0.625000 0.333333
0.821432 0.821432 -6.965171 0.459196 0.523613 -0.717613 0.625000 0.333333
0.707187 0.921623 -6.965171 0.459196 0.523613 -0.717613 0.645833 0.333333
0.764708 0.996587 -6.873665 0.459196 0.523613 -0.717613 0.645833 0.416667
0.888247 0.888247 -6.873665 0.459196 0.523613 -0.717613 0.625000 0.416667
0.888247 0.888247 -6.873665 0.635567 0.724725 -0.266136 0.625000 0.416667
0.764708 0.996587 -6.873665 0.635567 0.724725 -0.266136 0.645833 0.416667
0.785763 1.024026 -6.748665 0.635567 0.724725 -0.266136 0.645833 0.500000
0.912702 0.912703 -6.748665 0.635567 0.724725 -0.266136 0.625000 0.500000
0.785763 1.024026 -6.748665 0.535534 0.801483 0.266136 0.645833 0.500000
0.645378 1.117828 -6.748665 0.535534 0.801483 0.266136 0.666667 0.500000
0.628085 1.087876 -6.623665 0.535534 0.801483 0.266136 0.666667 0.583333
0.764708 0.996587 -6.623665 0.535534 0.801483 0.266136 0.645833 0.583333
0.764708 0.996587 -6.623665 0.386923 0.579070 0.717613 0.645833 0.583333
0.628085 1.087876 -6.623665 0.386923 0.579070 0.717613 0.666667 0.583333
0.580840 1.006045 -6.532159 0.386923 0.579070 0.717613 0.666667 0.666667
0.707187 0.921623 -6.532159 0.386923 0.579070 0.717613 0.645833 0.666667
0.707187 0.921623 -6.532159 0.139825 0.209262 0.967811 0.645833 0.666667
0.580840 1.006045 -6.532159 0.139825 0.209262 0.967811 0.666667 0.666667
0.516302 0.894262 -6.498665 0.139825 0.209262 0.967811 0.666667 0.750000
0.628610 0.819221 -6.498665 0.139825 0.209262 0.967811 0.645833 0.750000
0.628610 0.819221 -6.498665 -0.139825 -0.209262 0.967811 0.645833 0.750000
0.516302 0.894262 -6.498665 -0.139825 -0.209262 0.967811 0.666667 0.750000
0.451765 0.782479 -6.532159 -0.139825 -0.209262 0.967811 0.666667 0.833333
0.550034 0.716818 -6.532159 -0.139825 -0.209262 0.967811 0.645833 0.833333
0.550034 0.716818 -6.532159 -0.386923 -0.579070 0.717613 0.645833 0.833333
0.451765 0.782479 -6.532159 -0.386923 -0.579070 0.717613 0.666667 0.833333
0.404520 0.700649 -6.623665 -0.386923 -0.579070 0.717613 0.666667 0.916667
0.492512 0.641854 -6.623665 -0.386923 -0.579070 0.717613 0.645833 0.916667
0.492512 0.641854 -6.623665 -0.535534 -0.801483 0.266136 0.645833 0.916667
0.404520 0.700649 -6.623665 -0.535534 -0.801483 0.266136 0.666667 0.916667
0.387227 0.670697 -6.748665 -0.535534 -0.801483 0.266136 0.666667 1.000000
0.471458 0.614415 -6.748665 -0.535534 -0.801483 0.266136 0.645833 1.000000
0.471458 0.614415 -6.748665 -0.535534 -0.801483 -0.266136 0.645833 0.000000
0.387227 0.670697 -6.748665 -0.535534 -0.801483 -0.266136 0.666667 0.000000
0.404520 0.700649 -6.873665 -0.535534 -0.801483 -0.266136 0.666667 0.083333
0.492512 0.641854 -6.873665 -0.535534 -0.801483 -0.266136 0.645833 0.083333
0.492512 0.641854 -6.873665 -0.386923 -0.579070 -0.717613 0.645833 0.083333
0.404520 0.700649 -6.873665 -0.386923 -0.579070 -0.717613 0.666667 0.083333
0.451765 0.782479 -6.965171 -0.386923 -0.579070 -0.717613 0.666667 0.166667
0.550034 0.716818 -6.965171 -0.386923 -0.579070 -0.717613 0.645833 0.166667
0.550034 0.716818 -6.965171 -0.139821 -0.209256 -0.967813 0.645833 0.166667
0.451765 0.782479 -6.965171 -0.139821 -0.209256 -0.967813 0.666667 0.166667
0.516302 0.894262 -6.998664 -0.139821 -0.209256 -0.967813 0.666667 0.250000
0.628610 0.819221 -6.998664 -0.139821 -0.209256 -0.967813 0.645833 0.250000
0.628610 0.819221 -6.998664 0.139821 0.209257 -0.967813 0.645833 0.250000
0.516302 0.894262 -6.998664 0.139821 0.209257 -0.967813 0.666667 0.250000
0.580840 1.006045 -6.965171 0.139821 0.209257 -0.967813 0.666667 0.333333
0.707187 0.921623 -6.965171 0.139821 0.209257 -0.967813 0.645833 0.333333
0.707187 0.921623 -6.965171 0.386923 0.579070 -0.717613 0.645833 0.333333
0.580840 1.006045 -6.965171 0.386923 0.579070 -0.717613 0.666667 0.333333
0.628085 1.087876 -6.873665 0.386923 0.579070 -0.717613 0.666667 0.416667
0.764708 0.996587 -6.873665 0.386923 0.579070 -0.717613 0.645833 0.416667
0.764708 0.996587 -6.873665 0.535534 0.801483 -0.266136 0.645833 0.416667
0.628085 1.087876 -6.873665 0.535534 0.801483 -0.266136 0.666667 0.416667
0.645378 1.117828 -6.748665 0.535534 0.801483 -0.266136 0.666667 0.500000
0.785763 1.024026 -6.748665 0.535534 0.801483 -0.266136 0.645833 0.500000
0.645378 1.117828 -6.748665 0.426338 0.864527 0.266136 0.666667 0.500000
0.493951 1.192503 -6.748665 0.426338 0.864527 0.266136 0.687500 0.500000
0.480716 1.160550 -6.623665 0.426338 0.864527 0.266136 0.687500 0.583333
0.628085 1.087876 -6.623665 0.426338 0.864527 0.266136 0.666667 0.583333
0.628085 1.087876 -6.623665 0.308029 0.624620 0.717613 0.666667 0.583333
0.480716 1.160550 -6.623665 0.308029 0.624620 0.717613 0.687500 0.583333
0.444556 1.073253 -6.532159 0.308029 0.624620 0.717613 0.687500 0.666667
0.580840 1.006045 -6.532159 0.308029 0.624620 0.717613 0.666667 0.666667
0.580840 1.006045 -6.532159 0.111314 0.225723 0.967811 0.666667 0.666667
0.444556 1.073253 -6.532159 0.111314 0.225723 0.967811 0.687500 0.666667
0.395161 0.954003 -6.498665 0.111314 0.225723 0.967811 0.687500 0.750000
0.516302 0.894262 -6.498665 0.111314 0.225723 0.967811 0.666667 0.750000
0.516302 0.894262 -6.498665 -0.111314 -0.225723 0.967811 0.666667 0.750000
0.395161 0.954003 -6.498665 -0.111314 -0.225723 0.967811 0.687500 0.750000
0.345766 0.834752 -6.532159 -0.111314 -0.225723 0.967811 0.687500 0.833333
0.451765 0.782479 -6.532159 -0.111314 -0.225723 0.967811 0.666667 0.833333
0.451765 0.782479 -6.532159 -0.308029 -0.624620 0.717613 0.666667 0.833333
0.345766 0.834752 -6.532159 -0.308029 -0.624620 0.717613 0.687500 0.833333
0.309606 0.747455 -6.623665 -0.308029 -0.624620 0.717613 0.687500 0.916667
0.404520 0.700649 -6.623665 -0.308029 -0.624620 0.717613 0.666667 0.916667
0.404520 0.700649 -6.623665 -0.426338 -0.864527 0.266136 0.666667 0.916667
0.309606 0.747455 -6.623665 -0.426338 -0.864527 0.266136 0.687500 0.916667
0.296371 0.715502 -6.748665 -0.426338 -0.864527 0.266136 0.687500 1.000000
0.387227 0.670697 -6.748665 -0.426338 -0.864527 0.266136 0.666667 1.000000
0.387227 0.670697 -6.748665 -0.426338 -0.864527 -0.266136 0.666667 0.000000
0.296371 0.715502 -6.748665 -0.426338 -0.864527 -0.266136 0.687500 0.000000
0.309606 0.747455 -6.873665 -0.426338 -0.864527 -0.266136 0.687500 0.083333
0.404520 0.700649 -6.873665 -0.426338 -0.864527 -0.266136 0.666667 0.083333
0.404520 0.700649 -6.873665 -0.308029 -0.624620 -0.717613 0.666667 0.083333
0.309606 0.747455 -6.873665 -0.308029 -0.624620 -0.717613 0.687500 0.083333
0.345766 0.834752 -6.965171 -0.308029 -0.624620 -0.717613 0.687500 0.166667
0.451765 0.782479 -6.965171 -0.308029 -0.624620 -0.717613 0.666667 0.166667
0.451765 0.782479 -6.965171 -0.111311 -0.225717 -0.967813 0.666667 0.166667
0.345766 0.834752 -6.965171 -0.111311 -0.225717 -0.967813 0.687500 0.166667
0.395161 0.954003 -6.998664 -0.111311 -0.225717 -0.967813 0.687500 0.250000
0.516302 0.894262 -6.998664 -0.111311 -0.225717 -0.967813 0.666667 0.250000
0.516302 0.894262 -6.998664 0.111311 0.225717 -0.967813 0.666667 0.250000
0.395161 0.954003 -6.998664 0.111311 0.225717 -0.967813 0.687500 0.250000
0.444556 1.073253 -6.965171 0.111311 0.225717 -0.967813 0.687500 0.333333
0.580840 1.006045 -6.965171 0.111311 0.225717 -0.967813 0.666667 0.333333
0.580840 1.006045 -6.965171 0.308029 0.624620 -0.717613 0.666667 0.333333
0.444556 1.073253 -6.965171 0.308029 0.624620 -0.717613 0.687500 0.333333
0.480716 1.160550 -6.873665 0.308029 0.624620 -0.717613 0.687500 0.416667
0.628085 1.087876 -6.873665 0.308029 0.624620 -0.717613 0.666667 0.416667
0.628085 1.087876 -6.873665 0.426338 0.864527 -0.266136 0.666667 0.416667
0.480716 1.160550 -6.873665 0.426338 0.864527 -0.266136 0.687500 0.416667
0.493951 1.192503 -6.748665 0.426338 0.864527 -0.266136 0.687500 0.500000
0.645378 1.117828 -6.748665 0.426338 0.864527 -0.266136 0.666667 0.500000
0.493951 1.192503 -6.748665 0.309847 0.912779 0.266136 0.687500 0.500000
0.334072 1.246775 -6.748665 0.309847 0.912779 0.266136 0.708333 0.500000
0.325121 1.213368 -6.623665 0.309847 0.912779 0.266136 0.708333 0.583333
0.480716 1.160550 -6.623665 0.309847 0.912779 0.266136 0.687500 0.583333
0.480716 1.160550 -6.623665 0.223864 0.659482 0.717613 0.687500 0.583333
0.325121 1.213368 -6.623665 0.223864 0.659482 0.717613 0.708333 0.583333
0.300665 1.122097 -6.532159 0.223864 0.659482 0.717613 0.708333 0.666667
0.444556 1.073253 -6.532159 0.223864 0.659482 0.717613 0.687500 0.666667
0.444556 1.073253 -6.532159 0.080899 0.238321 0.967811 0.687500 0.666667
0.300665 1.122097 -6.532159 0.080899 0.238321 0.967811 0.708333 0.666667
0.267258 0.997420 -6.498665 0.080899 0.238321 0.967811 0.708333 0.750000
0.395161 0.954003 -6.498665 0.080899 0.238321 0.967811 0.687500 0.750000
0.395161 0.954003 -6.498665 -0.080899 -0.238321 0.967811 0.687500 0.750000
0.267258 0.997420 -6.498665 -0.080899 -0.238321 0.967811 0.708333 0.750000
0.233851 0.872742 -6.532159 -0.080899 -0.238321 0.967811 0.708333 0.833333
0.345766 0.834752 -6.532159 -0.080899 -0.238321 0.967811 0.687500 0.833333
0.345766 0.834752 -6.532159 -0.223864 -0.659482 0.717613 0.687500 0.833333
0.233851 0.872742 -6.532159 -0.223864 -0.659482 0.717613 0.708333 0.833333
0.209395 0.781472 -6.623665 -0.223864 -0.659482 0.717613 0.708333 0.916667
0.309606 0.747455 -6.623665 -0.223864 -0.659482 0.717613 0.687500 0.916667
0.309606 0.747455 -6.623665 -0.309847 -0.912780 0.266136 0.687500 0.916667
0.209395 0.781472 -6.623665 -0.309847 -0.912780 0.266136 0.708333 0.916667
0.200443 0.748065 -6.748665 -0.309847 -0.912780 0.266136 0.708333 1.000000
0.296371 0.715502 -6.748665 -0.309847 -0.912780 0.266136 0.687500 1.000000
0.296371 0.715502 -6.748665 -0.309847 -0.912780 -0.266136 0.687500 0.000000
0.200443 0.748065 -6.748665 -0.309847 -0.912780 -0.266136 0.708333 0.000000
0.209395 0.781472 -6.873665 -0.309847 -0.912780 -0.266136 0.708333 0.083333
0.309606 0.747455 -6.873665 -0.309847 -0.912780 -0.266136 0.687500 0.083333
0.309606 0.747455 -6.873665 -0.223864 -0.659482 -0.717613 0.687500 0.083333
0.209395 0.781472 -6.873665 -0.223864 -0.659482 -0.717613 0.708333 0.083333
0.233851 0.872742 -6.965171 -0.223864 -0.659482 -0.717613 0.708333 0.166667
0.345766 0.834752 -6.965171 -0.223864 -0.659482 -0.717613 0.687500 0.166667
0.345766 0.834752 -6.965171 -0.080897 -0.238315 -0.967813 0.687500 0.166667
0.233851 0.872742 -6.965171 -0.080897 -0.238315 -0.967813 0.708333 0.166667
0.267258 0.997420 -6.998664 -0.080897 -0.238315 -0.967813 0.708333 0.250000
0.395161 0.954003 -6.998664 -0.080897 -0.238315 -0.967813 0.687500 0.250000
0.395161 0.954003 -6.998664 0.080897 0.238315 -0.967813 0.687500 0.250000
0.267258 0.997420 -6.998664 0.080897 0.238315 -0.967813 0.708333 0.250000
0.300665 1.122097 -6.965171 0.080897 0.238315 -0.967813 0.708333 0.333333
0.444556 1.073253 -6.965171 0.080897 0.238315 -0.967813 0.687500 0.333333
0.444556 1.073253 -6.965171 0.223864 0.659482 -0.717613 0.687500 0.333333
0.300665 1.122097 -6.965171 0.223864 0.659482 -0.717613 0.708333 0.333333
0.325121 1.213368 -6.873665 0.223864 0.659482 -0.717613 0.708333 0.416667
0.480716 1.160550 -6.873665 0.223864 0.659482 -0.717613 0.687500 0.416667
0.480716 1.160550 -6.873665 0.309847 0.912779 -0.266136 0.687500 0.416667
0.325121 1.213368 -6.873665 0.309847 0.912779 -0.266136 0.708333 0.416667
0.334072 1.246775 -6.748665 0.309847 0.912779 -0.266136 0.708333 0.500000
0.493951 1.192503 -6.748665 0.309847 0.912779 -0.266136 0.687500 0.500000
0.334072 1.246775 -6.748665 0.188055 0.945414 0.266136 0.708333 0.500000
0.168477 1.279714 -6.748665 0.188055 0.945414 0.266136 0.729167 0.500000
0.163963 1.245424 -6.623665 0.188055 0.945414 0.266136 0.729167 0.583333
0.325121 1.213368 -6.623665 0.188055 0.945414 0.266136 0.708333 0.583333
0.325121 1.213368 -6.623665 0.135869 0.683060 0.717613 0.708333 0.583333
0.163963 1.245424 -6.623665 0.135869 0.683060 0.717613 0.729167 0.583333
0.151630 1.151742 -6.532159 0.135869 0.683060 0.717613 0.729167 0.666667
0.300665 1.122097 -6.532159 0.135869 0.683060 0.717613 0.708333 0.666667
0.300665 1.122097 -6.532159 0.049100 0.246841 0.967811 0.708333 0.666667
0.151630 1.151742 -6.532159 0.049100 0.246841 0.967811 0.729167 0.666667
0.134782 1.023771 -6.498665 0.049100 0.246841 0.967811 0.729167 0.750000
0.267258 0.997420 -6.498665 0.049100 0.246841 0.967811 0.708333 0.750000
0.267258 0.997420 -6.498665 -0.049100 -0.246842 0.967811 0.708333 0.750000
0.134782 1.023771 -6.498665 -0.049100 -0.246842 0.967811 0.729167 0.750000
0.117934 0.895800 -6.532159 -0.049100 -0.246842 0.967811 0.729167 0.833333
0.233851 0.872742 -6.532159 -0.049100 -0.246842 0.967811 0.708333 0.833333
0.233851 0.872742 -6.532159 -0.135869 -0.683060 0.717613 0.708333 0.833333
0.117934 0.895800 -6.532159 -0.135869 -0.683060 0.717613 0.729167 0.833333
0.105601 0.802118 -6.623665 -0.135869 -0.683060 0.717613 0.729167 0.916667
0.209395 0.781472 -6.623665 -0.135869 -0.683060 0.717613 0.708333 0.916667
0.209395 0.781472 -6.623665 -0.188055 -0.945414 0.266136 0.708333 0.916667
0.105601 0.802118 -6.623665 -0.188055 -0.945414 0.266136 0.729167 0.916667
0.101086 0.767828 -6.748665 -0.188055 -0.945414 0.266136 0.729167 1.000000
0.200443 0.748065 -6.748665 -0.188055 -0.945414 0.266136 0.708333 1.000000
0.200443 0.748065 -6.748665 -0.188055 -0.945414 -0.266136 0.708333 0.000000
0.101086 0.767828 -6.748665 -0.188055 -0.945414 -0.266136 0.729167 0.000000
0.105601 0.802118 -6.873665 -0.188055 -0.945414 -0.266136 0.729167 0.083333
0.209395 0.781472 -6.873665 -0.188055 -0.945414 -0.266136 0.708333 0.083333
0.209395 0.781472 -6.873665 -0.135869 -0.683060 -0.717613 0.708333 0.083333
0.105601 0.802118 -6.873665 -0.135869 -0.683060 -0.717613 0.729167 0.083333
0.117934 0.895800 -6.965171 -0.135869 -0.683060 -0.717613 0.729167 0.166667
0.233851 0.872742 -6.965171 -0.135869 -0.683060 -0.717613 0.708333 0.166667
0.233851 0.872742 -6.965171 -0.049098 -0.246835 -0.967813 0.708333 0.166667
0.117934 0.895800 -6.965171 -0.049098 -0.246835 -0.967813 0.729167 0.166667
0.134782 1.023771 -6.998664 -0.049098 -0.246835 -0.967813 0.729167 0.250000
0.267258 0.997420 -6.998664 -0.049098 -0.246835 -0.967813 0.708333 0.250000
0.267258 0.997420 -6.998664 0.049098 0.246835 -0.967813 0.708333 0.250000
0.134782 1.023771 -6.998664 0.049098 0.246835 -0.967813 0.729167 0.250000
0.151630 1.151742 -6.965171 0.049098 0.246835 -0.967813 0.729167 0.333333
0.300665 1.122097 -6.965171 0.049098 0.246835 -0.967813 0.708333 0.333333
0.300665 1.122097 -6.965171 0.135869 0.683060 -0.717613 0.708333 0.333333
0.151630 1.151742 -6.965171 0.135869 0.683060 -0.717613 0.729167 0.333333
0.163963 1.245424 -6.873665 0.135869 0.683060 -0.717613 0.729167 0.416667
0.325121 1.213368 -6.873665 0.135869 0.683060 -0.717613 0.708333 0.416667
0.325121 1.213368 -6.873665 0.188055 0.945414 -0.266136 0.708333 0.416667
0.163963 1.245424 -6.873665 0.188055 0.945414 -0.266136 0.729167 0.416667
0.168477 1.279714 -6.748665 0.188055 0.945414 -0.266136 0.729167 0.500000
0.334072 1.246775 -6.748665 0.188055 0.945414 -0.266136 0.708333 0.500000
0.168477 1.279714 -6.748665 0.063045 0.961872 0.266136 0.729167 0.500000
0.000000 1.290756 -6.748665 0.063045 0.961872 0.266136 0.750000 0.500000
0.000000 1.256171 -6.623665 0.063045 0.961872 0.266136 0.750000 0.583333
0.163963 1.245424 -6.623665 0.063045 0.961872 0.266136 0.729167 0.583333
0.163963 1.245424 -6.623665 0.045550 0.694951 0.717613 0.729167 0.583333
0.000000 1.256171 -6.623665 0.045550 0.694951 0.717613 0.750000 0.583333
0.000000 1.161681 -6.532159 0.045550 0.694951 0.717613 0.750000 0.666667
0.151630 1.151742 -6.532159 0.045550 0.694951 0.717613 0.729167 0.666667
0.151630 1.151742 -6.532159 0.016460 0.251138 0.967811 0.729167 0.666667
0.000000 1.161681 -6.532159 0.016460 0.251138 0.967811 0.750000 0.666667
0.000000 1.032605 -6.498665 0.016460 0.251138 0.967811 0.750000 0.750000
0.134782 1.023771 -6.498665 0.016460 0.251138 0.967811 0.729167 0.750000
0.134782 1.023771 -6.498665 -0.016460 -0.251139 0.967811 0.729167 0.750000
0.000000 1.032605 -6.498665 -0.016460 -0.251139 0.967811 0.750000 0.750000
0.000000 0.903529 -6.532159 -0.016460 -0.251139 0.967811 0.750000 0.833333
0.117934 0.895800 -6.532159 -0.016460 -0.251139 0.967811 0.729167 0.833333
0.117934 0.895800 -6.532159 -0.045550 -0.694951 0.717613 0.729167 0.833333
0.000000 0.903529 -6.532159 -0.045550 -0.694951 0.717613 0.750000 0.833333
0.000000 0.809039 -6.623665 -0.045550 -0.694951 0.717613 0.750000 0.916667
0.105601 0.802118 -6.623665 -0.045550 -0.694951 0.717613 0.729167 0.916667
0.105601 0.802118 -6.623665 -0.063044 -0.961872 0.266136 0.729167 0.916667
0.000000 0.809039 -6.623665 -0.063044 -0.961872 0.266136 0.750000 0.916667
0.000000 0.774454 -6.748665 -0.063044 -0.961872 0.266136 0.750000 1.000000
0.101086 0.767828 -6.748665 -0.063044 -0.961872 0.266136 0.729167 1.000000
0.101086 0.767828 -6.748665 -0.063044 -0.961872 -0.266136 0.729167 0.000000
0.000000 0.774454 -6.748665 -0.063044 -0.961872 -0.266136 0.750000 0.000000
0.000000 0.809039 -6.873665 -0.063044 -0.961872 -0.266136 0.750000 0.083333
0.105601 0.802118 -6.873665 -0.063044 -0.961872 -0.266136 0.729167 0.083333
0.105601 0.802118 -6.873665 -0.045550 -0.694951 -0.717613 0.729167 0.083333
0.000000 0.809039 -6.873665 -0.045550 -0.694951 -0.717613 0.750000 0.083333
0.000000 0.903529 -6.965171 -0.045550 -0.694951 -0.717613 0.750000 0.166667
0.117934 0.895800 -6.965171 -0.045550 -0.694951 -0.717613 0.729167 0.166667
0.117934 0.895800 -6.965171 -0.016460 -0.251132 -0.967813 0.729167 0.166667
0.000000 0.903529 -6.965171 -0.016460 -0.251132 -0.967813 0.750000 0.166667
0.000000 1.032605 -6.998664 -0.016460 -0.251132 -0.967813 0.750000 0.250000
0.134782 1.023771 -6.998664 -0.016460 -0.251132 -0.967813 0.729167 0.250000
0.134782 1.023771 -6.998664 0.016460 0.251132 -0.967813 0.729167 0.250000
0.000000 1.032605 -6.998664 0.016460 0.251132 -0.967813 0.750000 0.250000
0.000000 1.161681 -6.965171 0.016460 0.251132 -0.967813 0.750000 0.333333
0.151630 1.151742 -6.965171 0.016460 0.251132 -0.967813 0.729167 0.333333
0.151630 1.151742 -6.965171 0.045550 0.694951 -0.717613 0.729167 0.333333
0.000000 1.161681 -6.965171 0.045550 0.694951 -0.717613 0.750000 0.333333
0.000000 1.256171 -6.873665 0.045550 0.694951 -0.717613 0.750000 0.416667
0.163963 1.245424 -6.873665 0.045550 0.694951 -0.717613 0.729167 0.416667
0.163963 1.245424 -6.873665 0.063045 0.961872 -0.266136 0.729167 0.416667
0.000000 1.256171 -6.873665 0.063045 0.961872 -0.266136 0.750000 0.416667
0.000000 1.290756 -6.748665 0.063045 0.961872 -0.266136 0.750000 0.500000
0.168477 1.279714 -6.748665 0.063045 0.961872 -0.266136 0.729167 0.500000
0.000000 1.290756 -6.748665 -0.063045 0.961872 0.266136 0.750000 0.500000
-0.168478 1.279714 -6.748665 -0.063045 0.961872 0.266136 0.770833 0.500000
-0.163963 1.245424 -6.623665 -0.063045 0.961872 0.266136 0.770833 0.583333
0.000000 1.256171 -6.623665 -0.063045 0.961872 0.266136 0.750000 0.583333
0.000000 1.256171 -6.623665 -0.045550 0.694951 0.717613 0.750000 0.583333
-0.163963 1.245424 -6.623665 -0.045550 0.694951 0.717613 0.770833 0.583333
-0.151630 1.151742 -6.532159 -0.045550 0.694951 0.717613 0.770833 0.666667
0.000000 1.161681 -6.532159 -0.045550 0.694951 0.717613 0.750000 0.666667
0.000000 1.161681 -6.532159 -0.016461 0.251138 0.967811 0.750000 0.666667
-0.151630 1.151742 -6.532159 -0.016461 0.251138 0.967811 0.770833 0.666667
-0.134782 1.023771 -6.498665 -0.016461 0.251138 0.967811 0.770833 0.750000
0.000000 1.032605 -6.498665 -0.016461 0.251138 0.967811 0.750000 0.750000
0.000000 1.032605 -6.498665 0.016460 -0.251139 0.967811 0.750000 0.750000
-0.134782 1.023771 -6.498665 0.016460 -0.251139 0.967811 0.770833 0.750000
-0.117934 0.895800 -6.532159 0.016460 -0.251139 0.967811 0.770833 0.833333
0.000000 0.903529 -6.532159 0.016460 -0.251139 0.967811 0.750000 0.833333
0.000000 0.903529 -6.532159 0.045549 -0.694951 0.717613 0.750000 0.833333
-0.117934 0.895800 -6.532159 0.045549 -0.694951 0.717613 0.770833 0.833333
-0.105601 0.802118 -6.623665 0.045549 -0.694951 0.717613 0.770833 0.916667
0.000000 0.809039 -6.623665 0.045549 -0.694951 0.717613 0.750000 0.916667
0.000000 0.809039 -6.623665 0.063044 -0.961872 0.266136 0.750000 0.916667
-0.105601 0.802118 -6.623665 0.063044 -0.961872 0.266136 0.770833 0.916667
-0.101087 0.767828 -6.748665 0.063044 -0.961872 0.266136 0.770833 1.000000
0.000000 0.774454 -6.748665 0.063044 -0.961872 0.266136 0.750000 1.000000
0.000000 0.774454 -6.748665 0.063044 -0.961872 -0.266136 0.750000 0.000000
-0.101087 0.767828 -6.748665 0.063044 -0.961872 -0.266136 0.770833 0.000000
-0.105601 0.802118 -6.873665 0.063044 -0.961872 -0.266136 0.770833 0.083333
0.000000 0.809039 -6.873665 0.063044 -0.961872 -0.266136 0.750000 0.083333
0.000000 0.809039 -6.873665 0.045549 -0.694951 -0.717613 0.750000 0.083333
-0.105601 0.802118 -6.873665 0.045549 -0.694951 -0.717613 0.770833 0.083333
-0.117934 0.895800 -6.965171 0.045549 -0.694951 -0.717613 0.770833 0.166667
0.000000 0.903529 -6.965171 0.045549 -0.694951 -0.717613 0.750000 0.166667
0.000000 0.903529 -6.965171 0.016460 -0.251132 -0.967813 0.750000 0.166667
-0.117934 0.895800 -6.965171 0.016460 -0.251132 -0.967813 0.770833 0.166667
-0.134782 1.023771 -6.998664 0.016460 -0.251132 -0.967813 0.770833 0.250000
0.000000 1.032605 -6.998664 0.016460 -0.251132 -0.967813 0.750000 0.250000
0.000000 1.032605 -6.998664 -0.016460 0.251132 -0.967813 0.750000 0.250000
-0.134782 1.023771 -6.998664 -0.016460 0.251132 -0.967813 0.770833 0.250000
-0.151630 1.151742 -6.965171 -0.016460 0.251132 -0.967813 0.770833 0.333333
0.000000 1.161681 -6.965171 -0.016460 0.251132 -0.967813 0.750000 0.333333
0.000000 1.161681 -6.965171 -0.045550 0.694951 -0.717613 0.750000 0.333333
-0.151630 1.151742 -6.965171 -0.045550 0.694951 -0.717613 0.770833 0.333333
-0.163963 1.245424 -6.873665 -0.045550 0.694951 -0.717613 0.770833 0.416667
0.000000 1.256171 -6.873665 -0.045550 0.694951 -0.717613 0.750000 0.416667
0.000000 1.256171 -6.873665 -0.063045 0.961872 -0.266136 0.750000 0.416667
-0.163963 1.245424 -6.873665 -0.063045 0.961872 -0.266136 0.770833 0.416667
-0.168478 1.279714 -6.748665 -0.063045 0.961872 -0.266136 0.770833 0.500000
0.000000 1.290756 -6.748665 -0.063045 0.961872 -0.266136 0.750000 0.500000
-0.168478 1.279714 -6.748665 -0.188054 0.945414 0.266136 0.770833 0.500000
-0.334072 1.246775 -6.748665 -0.188054 0.945414 0.266136 0.791667 0.500000
-0.325121 1.213368 -6.623665 -0.188054 0.945414 0.266136 0.791667 0.583333
-0.163963 1.245424 -6.623665 -0.188054 0.945414 0.266136 0.770833 0.583333
-0.163963 1.245424 -6.623665 -0.135869 0.683060 0.717613 0.770833 0.583333
-0.325121 1.213368 -6.623665 -0.135869 0.683060 0.717613 0.791667 0.583333
-0.300665 1.122097 -6.532159 -0.135869 0.683060 0.717613 0.791667 0.666667
-0.151630 1.151742 -6.532159 -0.135869 0.683060 0.717613 0.770833 0.666667
-0.151630 1.151742 -6.532159 -0.049100 0.246842 0.967811 0.770833 0.666667
-0.300665 1.122097 -6.532159 -0.049100 0.246842 0.967811 0.791667 0.666667
-0.267258 0.997420 -6.498665 -0.049100 0.246842 0.967811 0.791667 0.750000
-0.134782 1.023771 -6.498665 -0.049100 0.246842 0.967811 0.770833 0.750000
-0.134782 1.023771 -6.498665 0.049100 -0.246842 0.967811 0.770833 0.750000
-0.267258 0.997420 -6.498665 0.049100 -0.246842 0.967811 0.791667 0.750000
-0.233851 0.872742 -6.532159 0.049100 -0.246842 0.967811 0.791667 0.833333
-0.117934 0.895800 -6.532159 0.049100 -0.246842 0.967811 0.770833 0.833333
-0.117934 0.895800 -6.532159 0.135869 -0.683060 0.717613 0.770833 0.833333
-0.233851 0.872742 -6.532159 0.135869 -0.683060 0.717613 0.791667 0.833333
-0.209395 0.781472 -6.623665 0.135869 -0.683060 0.717613 0.791667 0.916667
-0.105601 0.802118 -6.623665 0.135869 -0.683060 0.717613 0.770833 0.916667
-0.105601 0.802118 -6.623665 0.188055 -0.945414 0.266136 0.770833 0.916667
-0.209395 0.781472 -6.623665 0.188055 -0.945414 0.266136 0.791667 0.916667
-0.200443 0.748065 -6.748665 0.188055 -0.945414 0.266136 0.791667 1.000000
-0.101087 0.767828 -6.748665 0.188055 -0.945414 0.266136 0.770833 1.000000
-0.101087 0.767828 -6.748665 0.188055 -0.945414 -0.266136 0.770833 0.000000
-0.200443 0.748065 -6.748665 0.188055 -0.945414 -0.266136 0.791667 0.000000
-0.209395 0.781472 -6.873665 0.188055 -0.945414 -0.266136 0.791667 0.083333
-0.105601 0.802118 -6.873665 0.188055 -0.945414 -0.266136 0.770833 0.083333
-0.105601 0.802118 -6.873665 0.135869 -0.683060 -0.717613 0.770833 0.083333
-0.209395 0.781472 -6.873665 0.135869 -0.683060 -0.717613 0.791667 0.083333
-0.233851 0.872742 -6.965171 0.135869 -0.683060 -0.717613 0.791667 0.166667
-0.117934 0.895800 -6.965171 0.135869 -0.683060 -0.717613 0.770833 0.166667
-0.117934 0.895800 -6.965171 0.049098 -0.246835 -0.967813 0.770833 0.166667
-0.233851 0.872742 -6.965171 0.049098 -0.246835 -0.967813 0.791667 0.166667
-0.267258 0.997420 -6.998664 0.049098 -0.246835 -0.967813 0.791667 0.250000
-0.134782 1.023771 -6.998664 0.049098 -0.246835 -0.967813 0.770833 0.250000
-0.134782 1.023771 -6.998664 -0.049098 0.246835 -0.967813 0.770833 0.250000
-0.267258 0.997420 -6.998664 -0.049098 0.246835 -0.967813 0.791667 0.250000
-0.300665 1.122097 -6.965171 -0.049098 0.246835 -0.967813 0.791667 0.333333
-0.151630 1.151742 -6.965171 -0.049098 0.246835 -0.967813 0.770833 0.333333
-0.151630 1.151742 -6.965171 -0.135869 0.683060 -0.717613 0.770833 0.333333
-0.300665 1.122097 -6.965171 -0.135869 0.683060 -0.717613 0.791667 0.333333
-0.325121 1.213368 -6.873665 -0.135869 0.683060 -0.717613 0.791667 0.416667
-0.163963 1.245424 -6.873665 -0.135869 0.683060 -0.717613 0.770833 0.416667
-0.163963 1.245424 -6.873665 -0.188054 0.945414 -0.266136 0.770833 0.416667
-0.325121 1.213368 -6.873665 -0.188054 0.945414 -0.266136 0.791667 0.416667
-0.334072 1.246775 -6.748665 -0.188054 0.945414 -0.266136 0.791667 0.500000
-0.168478 1.279714 -6.748665 -0.188054 0.945414 -0.266136 0.770833 0.500000
-0.334072 1.246775 -6.748665 -0.309847 0.912780 0.266136 0.791667 0.500000
-0.493951 1.192503 -6.748665 -0.309847 0.912780 0.266136 0.812500 0.500000
-0.480716 1.160550 -6.623665 -0.309847 0.912780 0.266136 0.812500 0.583333
-0.325121 1.213368 -6.623665 -0.309847 0.912780 0.266136 0.791667 0.583333
-0.325121 1.213368 -6.623665 -0.223864 0.659482 0.717613 0.791667 0.583333
-0.480716 1.160550 -6.623665 -0.223864 0.659482 0.717613 0.812500 0.583333
-0.444556 1.073253 -6.532159 -0.223864 0.659482 0.717613 0.812500 0.666667
-0.300665 1.122097 -6.532159 -0.223864 0.659482 0.717613 0.791667 0.666667
-0.300665 1.122097 -6.532159 -0.080899 0.238321 0.967811 0.791667 0.666667
-0.444556 1.073253 -6.532159 -0.080899 0.238321 0.967811 0.812500 0.666667
-0.395161 0.954003 -6.498665 -0.080899 0.238321 0.967811 0.812500 0.750000
-0.267258 0.997420 -6.498665 -0.080899 0.238321 0.967811 0.791667 0.750000
-0.267258 0.997420 -6.498665 0.080899 -0.238321 0.967811 0.791667 0.750000
-0.395161 0.954003 -6.498665 0.080899 -0.238321 0.967811 0.812500 0.750000
-0.345766 0.834752 -6.532159 0.080899 -0.238321 0.967811 0.812500 0.833333
-0.233851 0.872742 -6.532159 0.080899 -0.238321 0.967811 0.791667 0.833333
-0.233851 0.872742 -6.532159 0.223864 -0.659482 0.717613 0.791667 0.833333
-0.345766 0.834752 -6.532159 0.223864 -0.659482 0.717613 0.812500 0.833333
-0.309606 0.747455 -6.623665 0.223864 -0.659482 0.717613 0.812500 0.916667
-0.209395 0.781472 -6.623665 0.223864 -0.659482 0.717613 0.791667 0.916667
-0.209395 0.781472 -6.623665 0.309847 -0.912780 0.266136 0.791667 0.916667
-0.309606 0.747455 -6.623665 0.309847 -0.912780 0.266136 0.812500 0.916667
-0.296371 0.715502 -6.748665 0.309847 -0.912780 0.266136 0.812500 1.000000
-0.200443 0.748065 -6.748665 0.309847 -0.912780 0.266136 0.791667 1.000000
-0.200443 0.748065 -6.748665 0.309847 -0.912780 -0.266136 0.791667 0.000000
-0.296371 0.715502 -6.748665 0.309847 -0.912780 -0.266136 0.812500 0.000000
-0.309606 0.747455 -6.873665 0.309847 -0.912780 -0.266136 0.812500 0.083333
-0.209395 0.781472 -6.873665 0.309847 -0.912780 -0.266136 0.791667 0.083333
-0.209395 0.781472 -6.873665 0.223864 -0.659482 -0.717613 0.791667 0.083333
-0.309606 0.747455 -6.873665 0.223864 -0.659482 -0.717613 0.812500 0.083333
-0.345766 0.834752 -6.965171 0.223864 -0.659482 -0.717613 0.812500 0.166667
-0.233851 0.872742 -6.965171 0.223864 -0.659482 -0.717613 0.791667 0.166667
-0.233851 0.872742 -6.965171 0.080897 -0.238315 -0.967813 0.791667 0.166667
-0.345766 0.834752 -6.965171 0.080897 -0.238315 -0.967813 0.812500 0.166667
-0.395161 0.954003 -6.998664 0.080897 -0.238315 -0.967813 0.812500 0.250000
-0.267258 0.997420 -6.998664 0.080897 -0.238315 -0.967813 0.791667 0.250000
-0.267258 0.997420 -6.998664 -0.080897 0.238315 -0.967813 0.791667 0.250000
-0.395161 0.954003 -6.998664 -0.080897 0.238315 -0.967813 0.812500 0.250000
-0.444556 1.073253 -6.965171 -0.080897 0.238315 -0.967813 0.812500 0.333333
-0.300665 1.122097 -6.965171 -0.080897 0.238315 -0.967813 0.791667 0.333333
-0.300665 1.122097 -6.965171 -0.223864 0.659482 -0.717613 0.791667 0.333333
-0.444556 1.073253 -6.965171 -0.223864 0.659482 -0.717613 0.812500 0.333333
-0.480716 1.160550 -6.873665 -0.223864 0.659482 -0.717613 0.812500 0.416667
-0.325121 1.213368 -6.873665 -0.223864 0.659482 -0.717613 0.791667 0.416667
-0.325121 1.213368 -6.873665 -0.309847 0.912780 -0.266136 0.791667 0.416667
-0.480716 1.160550 -6.873665 -0.309847 0.912780 -0.266136 0.812500 0.416667
-0.493951 1.192503 -6.748665 -0.309847 0.912780 -0.266136 0.812500 0.500000
-0.334072 1.246775 -6.748665 -0.309847 0.912780 -0.266136 0.791667 0.500000
-0.493951 1.192503 -6.748665 -0.426337 0.864528 0.266136 0.812500 0.500000
-0.645378 1.117828 -6.748665 -0.426337 0.864528 0.266136 0.833333 0.500000
-0.628085 1.087876 -6.623665 -0.426337 0.864528 0.266136 0.833333 0.583333
-0.480716 1.160550 -6.623665 -0.426337 0.864528 0.266136 0.812500 0.583333
-0.480716 1.160550 -6.623665 -0.308029 0.624620 0.717613 0.812500 0.583333
-0.628085 1.087876 -6.623665 -0.308029 0.624620 0.717613 0.833333 0.583333
-0.580840 1.006045 -6.532159 -0.308029 0.624620 0.717613 0.833333 0.666667
-0.444556 1.073253 -6.532159 -0.308029 0.624620 0.717613 0.812500 0.666667
-0.444556 1.073253 -6.532159 -0.111314 0.225723 0.967811 0.812500 0.666667
-0.580840 1.006045 -6.532159 -0.111314 0.225723 0.967811 0.833333 0.666667
-0.516302 0.894262 -6.498665 -0.111314 0.225723 0.967811 0.833333 0.750000
-0.395161 0.954003 -6.498665 -0.111314 0.225723 0.967811 0.812500 0.750000
-0.395161 0.954003 -6.498665 0.111314 -0.225723 0.967811 0.812500 0.750000
-0.516302 0.894262 -6.498665 0.111314 -0.225723 0.967811 0.833333 0.750000
-0.451765 0.782480 -6.532159 0.111314 -0.225723 0.967811 0.833333 0.833333
-0.345766 0.834752 -6.532159 0.111314 -0.225723 0.967811 0.812500 0.833333
-0.345766 0.834752 -6.532159 0.308029 -0.624620 0.717613 0.812500 0.833333
-0.451765 0.782480 -6.532159 0.308029 -0.624620 0.717613 0.833333 0.833333
-0.404520 0.700649 -6.623665 0.308029 -0.624620 0.717613 0.833333 0.916667
-0.309606 0.747455 -6.623665 0.308029 -0.624620 0.717613 0.812500 0.916667
-0.309606 0.747455 -6.623665 0.426338 -0.864527 0.266136 0.812500 0.916667
-0.404520 0.700649 -6.623665 0.426338 -0.864527 0.266136 0.833333 0.916667
-0.387227 0.670697 -6.748665 0.426338 -0.864527 0.266136 0.833333 1.000000
-0.296371 0.715502 -6.748665 0.426338 -0.864527 0.266136 0.812500 1.000000
-0.296371 0.715502 -6.748665 0.426338 -0.864527 -0.266136 0.812500 0.000000
-0.387227 0.670697 -6.748665 0.426338 -0.864527 -0.266136 0.833333 0.000000
-0.404520 0.700649 -6.873665 0.426338 -0.864527 -0.266136 0.833333 0.083333
-0.309606 0.747455 -6.873665 0.426338 -0.864527 -0.266136 0.812500 0.083333
-0.309606 0.747455 -6.873665 0.308029 -0.624620 -0.717613 0.812500 0.083333
-0.404520 0.700649 -6.873665 0.308029 -0.624620 -0.717613 0.833333 0.083333
-0.451765 0.782480 -6.965171 0.308029 -0.624620 -0.717613 0.833333 0.166667
-0.345766 0.834752 -6.965171 0.308029 -0.624620 -0.717613 0.812500 0.166667
-0.345766 0.834752 -6.965171 0.111311 -0.225717 -0.967813 0.812500 0.166667
-0.451765 0.782480 -6.965171 0.111311 -0.225717 -0.967813 0.833333 0.166667
-0.516302 0.894262 -6.998664 0.111311 -0.225717 -0.967813 0.833333 0.250000
-0.395161 0.954003 -6.998664 0.111311 -0.225717 -0.967813 0.812500 0.250000
-0.395161 0.954003 -6.998664 -0.111311 0.225717 -0.967813 0.812500 0.250000
-0.516302 0.894262 -6.998664 -0.111311 0.225717 -0.967813 0.833333 0.250000
-0.580840 1.006045 -6.965171 -0.111311 0.225717 -0.967813 0.833333 0.333333
-0.444556 1.073253 -6.965171 -0.111311 0.225717 -0.967813 0.812500 0.333333
-0.444556 1.073253 -6.965171 -0.308029 0.624620 -0.717613 0.812500 0.333333
-0.580840 1.006045 -6.965171 -0.308029 0.624620 -0.717613 0.833333 0.333333
-0.628085 1.087876 -6.873665 -0.308029 0.624620 -0.717613 0.833333 0.416667
-0.480716 1.160550 -6.873665 -0.308029 0.624620 -0.717613 0.812500 0.416667
-0.480716 1.160550 -6.873665 -0.426337 0.864528 -0.266136 0.812500 0.416667
-0.628085 1.087876 -6.873665 -0.426337 0.864528 -0.266136 0.833333 0.416667
-0.645378 1.117828 -6.748665 -0.426337 0.864528 -0.266136 0.833333 0.500000
-0.493951 1.192503 -6.748665 -0.426337 0.864528 -0.266136 0.812500 0.500000
-0.645378 1.117828 -6.748665 -0.535534 0.801483 0.266136 0.833333 0.500000
-0.785763 1.024026 -6.748665 -0.535534 0.801483 0.266136 0.854167 0.500000
-0.764708 0.996587 -6.623665 -0.535534 0.801483 0.266136 0.854167 0.583333
-0.628085 1.087876 -6.623665 -0.535534 0.801483 0.266136 0.833333 0.583333
-0.628085 1.087876 -6.623665 -0.386923 0.579070 0.717613 0.833333 0.583333
-0.764708 0.996587 -6.623665 -0.386923 0.579070 0.717613 0.854167 0.583333
-0.707186 0.921623 -6.532159 -0.386923 0.579070 0.717613 0.854167 0.666667
-0.580840 1.006045 -6.532159 -0.386923 0.579070 0.717613 0.833333 0.666667
-0.580840 1.006045 -6.532159 -0.139825 0.209262 0.967811 0.833333 0.666667
-0.707186 0.921623 -6.532159 -0.139825 0.209262 0.967811 0.854167 0.666667
-0.628610 0.819221 -6.498665 -0.139825 0.209262 0.967811 0.854167 0.750000
-0.516302 0.894262 -6.498665 -0.139825 0.209262 0.967811 0.833333 0.750000
-0.516302 0.894262 -6.498665 0.139824 -0.209262 0.967811 0.833333 0.750000
-0.628610 0.819221 -6.498665 0.139824 -0.209262 0.967811 0.854167 0.750000
-0.550034 0.716818 -6.532159 0.139824 -0.209262 0.967811 0.854167 0.833333
-0.451765 0.782480 -6.532159 0.139824 -0.209262 0.967811 0.833333 0.833333
-0.451765 0.782480 -6.532159 0.386922 -0.579071 0.717613 0.833333 0.833333
-0.550034 0.716818 -6.532159 0.386922 -0.579071 0.717613 0.854167 0.833333
-0.492512 0.641854 -6.623665 0.386922 -0.579071 0.717613 0.854167 0.916667
-0.404520 0.700649 -6.623665 0.386922 -0.579071 0.717613 0.833333 0.916667
-0.404520 0.700649 -6.623665 0.535534 -0.801483 0.266136 0.833333 0.916667
-0.492512 0.641854 -6.623665 0.535534 -0.801483 0.266136 0.854167 0.916667
-0.471458 0.614415 -6.748665 0.535534 -0.801483 0.266136 0.854167 1.000000
-0.387227 0.670697 -6.748665 0.535534 -0.801483 0.266136 0.833333 1.000000
-0.387227 0.670697 -6.748665 0.535534 -0.801483 -0.266136 0.833333 0.000000
-0.471458 0.614415 -6.748665 0.535534 -0.801483 -0.266136 0.854167 0.000000
-0.492512 0.641854 -6.873665 0.535534 -0.801483 -0.266136 0.854167 0.083333
-0.404520 0.700649 -6.873665 0.535534 -0.801483 -0.266136 0.833333 0.083333
-0.404520 0.700649 -6.873665 0.386922 -0.579071 -0.717613 0.833333 0.083333
-0.492512 0.641854 -6.873665 0.386922 -0.579071 -0.717613 0.854167 0.083333
-0.550034 0.716818 -6.965171 0.386922 -0.579071 -0.717613 0.854167 0.166667
-0.451765 0.782480 -6.965171 0.386922 -0.579071 -0.717613 0.833333 0.166667
-0.451765 0.782480 -6.965171 0.139821 -0.209257 -0.967813 0.833333 0.166667
-0.550034 0.716818 -6.965171 0.139821 -0.209257 -0.967813 0.854167 0.166667
-0.628610 0.819221 -6.998664 0.139821 -0.209257 -0.967813 0.854167 0.250000
-0.516302 0.894262 -6.998664 0.139821 -0.209257 -0.967813 0.833333 0.250000
-0.516302 0.894262 -6.998664 -0.139821 0.209257 -0.967813 0.833333 0.250000
-0.628610 0.819221 -6.998664 -0.139821 0.209257 -0.967813 0.854167 0.250000
-0.707186 0.921623 -6.965171 -0.139821 0.209257 -0.967813 0.854167 0.333333
-0.580840 1.006045 -6.965171 -0.139821 0.209257 -0.967813 0.833333 0.333333
-0.580840 1.006045 -6.965171 -0.386923 0.579070 -0.717613 0.833333 0.333333
-0.707186 0.921623 -6.965171 -0.386923 0.579070 -0.717613 0.854167 0.333333
-0.764708 0.996587 -6.873665 -0.386923 0.579070 -0.717613 0.854167 0.416667
-0.628085 1.087876 -6.873665 -0.386923 0.579070 -0.717613 0.833333 0.416667
-0.628085 1.087876 -6.873665 -0.535534 0.801483 -0.266136 0.833333 0.416667
-0.764708 0.996587 -6.873665 -0.535534 0.801483 -0.266136 0.854167 0.416667
-0.785763 1.024026 -6.748665 -0.535534 0.801483 -0.266136 0.854167 0.500000
-0.645378 1.117828 -6.748665 -0.535534 0.801483 -0.266136 0.833333 0.500000
-0.785763 1.024026 -6.748665 -0.635567 0.724725 0.266136 0.854167 0.500000
-0.912703 0.912702 -6.748665 -0.635567 0.724725 0.266136 0.875000 0.500000
-0.888247 0.888247 -6.623665 -0.635567 0.724725 0.266136 0.875000 0.583333
-0.764708 0.996587 -6.623665 -0.635567 0.724725 0.266136 0.854167 0.583333
-0.764708 0.996587 -6.623665 -0.459196 0.523613 0.717613 0.854167 0.583333
-0.888247 0.888247 -6.623665 -0.459196 0.523613 0.717613 0.875000 0.583333
-0.821432 0.821432 -6.532159 -0.459196 0.523613 0.717613 0.875000 0.666667
-0.707186 0.921623 -6.532159 -0.459196 0.523613 0.717613 0.854167 0.666667
-0.707186 0.921623 -6.532159 -0.165942 0.189221 0.967811 0.854167 0.666667
-0.821432 0.821432 -6.532159 -0.165942 0.189221 0.967811 0.875000 0.666667
-0.730162 0.730162 -6.498665 -0.165942 0.189221 0.967811 0.875000 0.750000
-0.628610 0.819221 -6.498665 -0.165942 0.189221 0.967811 0.854167 0.750000
-0.628610 0.819221 -6.498665 0.165942 -0.189221 0.967811 0.854167 0.750000
-0.730162 0.730162 -6.498665 0.165942 -0.189221 0.967811 0.875000 0.750000
-0.638892 0.638892 -6.532159 0.165942 -0.189221 0.967811 0.875000 0.833333
-0.550034 0.716818 -6.532159 0.165942 -0.189221 0.967811 0.854167 0.833333
-0.550034 0.716818 -6.532159 0.459196 -0.523613 0.717613 0.854167 0.833333
-0.638892 0.638892 -6.532159 0.459196 -0.523613 0.717613 0.875000 0.833333
-0.572077 0.572077 -6.623665 0.459196 -0.523613 0.717613 0.875000 0.916667
-0.492512 0.641854 -6.623665 0.459196 -0.523613 0.717613 0.854167 0.916667
-0.492512 0.641854 -6.623665 0.635567 -0.724725 0.266136 0.854167 0.916667
-0.572077 0.572077 -6.623665 0.635567 -0.724725 0.266136 0.875000 0.916667
-0.547622 0.547621 -6.748665 0.635567 -0.724725 0.266136 0.875000 1.000000
-0.471458 0.614415 -6.748665 0.635567 -0.724725 0.266136 0.854167 1.000000
-0.471458 0.614415 -6.748665 0.635567 -0.724725 -0.266136 0.854167 0.000000
-0.547622 0.547621 -6.748665 0.635567 -0.724725 -0.266136 0.875000 0.000000
-0.572077 0.572077 -6.873665 0.635567 -0.724725 -0.266136 0.875000 0.083333
-0.492512 0.641854 -6.873665 0.635567 -0.724725 -0.266136 0.854167 0.083333
-0.492512 0.641854 -6.873665 0.459196 -0.523613 -0.717613 0.854167 0.083333
-0.572077 0.572077 -6.873665 0.459196 -0.523613 -0.717613 0.875000 0.083333
-0.638892 0.638892 -6.965171 0.459196 -0.523613 -0.717613 0.875000 0.166667
-0.550034 0.716818 -6.965171 0.459196 -0.523613 -0.717613 0.854167 0.166667
-0.550034 0.716818 -6.965171 0.165938 -0.189216 -0.967813 0.854167 0.166667
-0.638892 0.638892 -6.965171 0.165938 -0.189216 -0.967813 0.875000 0.166667
-0.730162 0.730162 -6.998664 0.165938 -0.189216 -0.967813 0.875000 0.250000
-0.628610 0.819221 -6.998664 0.165938 -0.189216 -0.967813 0.854167 0.250000
-0.628610 0.819221 -6.998664 -0.165938 0.189216 -0.967813 0.854167 0.250000
-0.730162 0.730162 -6.998664 -0.165938 0.189216 -0.967813 0.875000 0.250000
-0.821432 0.821432 -6.965171 -0.165938 0.189216 -0.967813 0.875000 0.333333
-0.707186 0.921623 -6.965171 -0.165938 0.189216 -0.967813 0.854167 0.333333
-0.707186 0.921623 -6.965171 -0.459196 0.523613 -0.717613 0.854167 0.333333
-0.821432 0.821432 -6.965171 -0.459196 0.523613 -0.717613 0.875000 0.333333
-0.888247 0.888247 -6.873665 -0.459196 0.523613 -0.717613 0.875000 0.416667
-0.764708 0.996587 -6.873665 -0.459196 0.523613 -0.717613 0.854167 0.416667
-0.764708 0.996587 -6.873665 -0.635567 0.724725 -0.266136 0.854167 0.416667
-0.888247 0.888247 -6.873665 -0.635567 0.724725 -0.266136 0.875000 0.416667
-0.912703 0.912702 -6.748665 -0.635567 0.724725 -0.266136 0.875000 0.500000
-0.785763 1.024026 -6.748665 -0.635567 0.724725 -0.266136 0.854167 0.500000
-0.912703 0.912702 -6.748665 -0.724725 0.635566 0.266136 0.875000 0.500000
-1.024026 0.785763 -6.748665 -0.724725 0.635566 0.266136 0.895833 0.500000
-0.996587 0.764708 -6.623665 -0.724725 0.635566 0.266136 0.895833 0.583333
-0.888247 0.888247 -6.623665 -0.724725 0.635566 0.266136 0.875000 0.583333
-0.888247 0.888247 -6.623665 -0.523613 0.459196 0.717613 0.875000 0.583333
-0.996587 0.764708 -6.623665 -0.523613 0.459196 0.717613 0.895833 0.583333
-0.921623 0.707186 -6.532159 -0.523613 0.459196 0.717613 0.895833 0.666667
-0.821432 0.821432 -6.532159 -0.523613 0.459196 0.717613 0.875000 0.666667
-0.821432 0.821432 -6.532159 -0.189221 0.165942 0.967811 0.875000 0.666667
-0.921623 0.707186 -6.532159 -0.189221 0.165942 0.967811 0.895833 0.666667
-0.819221 0.628610 -6.498665 -0.189221 0.165942 0.967811 0.895833 0.750000
-0.730162 0.730162 -6.498665 -0.189221 0.165942 0.967811 0.875000 0.750000
-0.730162 0.730162 -6.498665 0.189221 -0.165942 0.967811 0.875000 0.750000
-0.819221 0.628610 -6.498665 0.189221 -0.165942 0.967811 0.895833 0.750000
-0.716818 0.550034 -6.532159 0.189221 -0.165942 0.967811 0.895833 0.833333
-0.638892 0.638892 -6.532159 0.189221 -0.165942 0.967811 0.875000 0.833333
-0.638892 0.638892 -6.532159 0.523613 -0.459196 0.717613 0.875000 0.833333
-0.716818 0.550034 -6.532159 0.523613 -0.459196 0.717613 0.895833 0.833333
-0.641854 0.492512 -6.623665 0.523613 -0.459196 0.717613 0.895833 0.916667
-0.572077 0.572077 -6.623665 0.523613 -0.459196 0.717613 0.875000 0.916667
-0.572077 0.572077 -6.623665 0.724725 -0.635567 0.266136 0.875000 0.916667
-0.641854 0.492512 -6.623665 0.724725 -0.635567 0.266136 0.895833 0.916667
-0.614415 0.471458 -6.748665 0.724725 -0.635567 0.266136 0.895833 1.000000
-0.547622 0.547621 -6.748665 0.724725 -0.635567 0.266136 0.875000 1.000000
-0.547622 0.547621 -6.748665 0.724725 -0.635567 -0.266136 0.875000 0.000000
-0.614415 0.471458 -6.748665 0.724725 -0.635567 -0.266136 0.895833 0.000000
-0.641854 0.492512 -6.873665 0.724725 -0.635567 -0.266136 0.895833 0.083333
-0.572077 0.572077 -6.873665 0.724725 -0.635567 -0.266136 0.875000 0.083333
-0.572077 0.572077 -6.873665 0.523613 -0.459196 -0.717613 0.875000 0.083333
-0.641854 0.492512 -6.873665 0.523613 -0.459196 -0.717613 0.895833 0.083333
-0.716818 0.550034 -6.965171 0.523613 -0.459196 -0.717613 0.895833 0.166667
-0.638892 0.638892 -6.965171 0.523613 -0.459196 -0.717613 0.875000 0.166667
-0.638892 0.638892 -6.965171 0.189216 -0.165938 -0.967813 0.875000 0.166667
-0.716818 0.550034 -6.965171 0.189216 -0.165938 -0.967813 0.895833 0.166667
-0.819221 0.628610 -6.998664 0.189216 -0.165938 -0.967813 0.895833 0.250000
-0.730162 0.730162 -6.998664 0.189216 -0.165938 -0.967813 0.875000 0.250000
-0.730162 0.730162 -6.998664 -0.189216 0.165938 -0.967813 0.875000 0.250000
-0.819221 0.628610 -6.998664 -0.189216 0.165938 -0.967813 0.895833 0.250000
-0.921623 0.707186 -6.965171 -0.189216 0.165938 -0.967813 0.895833 0.333333
-0.821432 0.821432 -6.965171 -0.189216 0.165938 -0.967813 0.875000 0.333333
-0.821432 0.821432 -6.965171 -0.523613 0.459196 -0.717613 0.875000 0.333333
-0.921623 0.707186 -6.965171 -0.523613 0.459196 -0.717613 0.895833 0.333333
-0.996587 0.764708 -6.873665 -0.523613 0.459196 -0.717613 0.895833 0.416667
-0.888247 0.888247 -6.873665 -0.523613 0.459196 -0.717613 0.875000 0.416667
-0.888247 0.888247 -6.873665 -0.724725 0.635566 -0.266136 0.875000 0.416667
-0.996587 0.764708 -6.873665 -0.724725 0.635566 -0.266136 0.895833 0.416667
-1.024026 0.785763 -6.748665 -0.724725 0.635566 -0.266136 0.895833 0.500000
-0.912703 0.912702 -6.748665 -0.724725 0.635566 -0.266136 0.875000 0.500000
-1.024026 0.785763 -6.748665 -0.801483 0.535534 0.266136 0.895833 0.500000
-1.117828 0.645378 -6.748665 -0.801483 0.535534 0.266136 0.916667 0.500000
-1.087875 0.628086 -6.623665 -0.801483 0.535534 0.266136 0.916667 0.583333
-0.996587 0.764708 -6.623665 -0.801483 0.535534 0.266136 0.895833 0.583333
-0.996587 0.764708 -6.623665 -0.579070 0.386923 0.717613 0.895833 0.583333
-1.087875 0.628086 -6.623665 -0.579070 0.386923 0.717613 0.916667 0.583333
-1.006045 0.580841 -6.532159 -0.579070 0.386923 0.717613 0.916667 0.666667
-0.921623 0.707186 -6.532159 -0.579070 0.386923 0.717613 0.895833 0.666667
-0.921623 0.707186 -6.532159 -0.209262 0.139825 0.967811 0.895833 0.666667
-1.006045 0.580841 -6.532159 -0.209262 0.139825 0.967811 0.916667 0.666667
-0.894262 0.516303 -6.498665 -0.209262 0.139825 0.967811 0.916667 0.750000
-0.819221 0.628610 -6.498665 -0.209262 0.139825 0.967811 0.895833 0.750000
-0.819221 0.628610 -6.498665 0.209262 -0.139824 0.967811 0.895833 0.750000
-0.894262 0.516303 -6.498665 0.209262 -0.139824 0.967811 0.916667 0.750000
-0.782479 0.451765 -6.532159 0.209262 -0.139824 0.967811 0.916667 0.833333
-0.716818 0.550034 -6.532159 0.209262 -0.139824 0.967811 0.895833 0.833333
-0.716818 0.550034 -6.532159 0.579071 -0.386922 0.717613 0.895833 0.833333
-0.782479 0.451765 -6.532159 0.579071 -0.386922 0.717613 0.916667 0.833333
-0.700649 0.404520 -6.623665 0.579071 -0.386922 0.717613 0.916667 0.916667
-0.641854 0.492512 -6.623665 0.579071 -0.386922 0.717613 0.895833 0.916667
-0.641854 0.492512 -6.623665 0.801483 -0.535534 0.266136 0.895833 0.916667
-0.700649 0.404520 -6.623665 0.801483 -0.535534 0.266136 0.916667 0.916667
-0.670697 0.387227 -6.748665 0.801483 -0.535534 0.266136 0.916667 1.000000
-0.614415 0.471458 -6.748665 0.801483 -0.535534 0.266136 0.895833 1.000000
-0.614415 0.471458 -6.748665 0.801483 -0.535534 -0.266136 0.895833 0.000000
-0.670697 0.387227 -6.748665 0.801483 -0.535534 -0.266136 0.916667 0.000000
-0.700649 0.404520 -6.873665 0.801483 -0.535534 -0.266136 0.916667 0.083333
-0.641854 0.492512 -6.873665 0.801483 -0.535534 -0.266136 0.895833 0.083333
-0.641854 0.492512 -6.873665 0.579071 -0.386922 -0.717613 0.895833 0.083333
-0.700649 0.404520 -6.873665 0.579071 -0.386922 -0.717613 0.916667 0.083333
-0.782479 0.451765 -6.965171 0.579071 -0.386922 -0.717613 0.916667 0.166667
-0.716818 0.550034 -6.965171 0.579071 -0.386922 -0.717613 0.895833 0.166667
-0.716818 0.550034 -6.965171 0.209257 -0.139821 -0.967813 0.895833 0.166667
-0.782479 0.451765 -6.965171 0.209257 -0.139821 -0.967813 0.916667 0.166667
-0.894262 0.516303 -6.998664 0.209257 -0.139821 -0.967813 0.916667 0.250000
-0.819221 0.628610 -6.998664 0.209257 -0.139821 -0.967813 0.895833 0.250000
-0.819221 0.628610 -6.998664 -0.209257 0.139821 -0.967813 0.895833 0.250000
-0.894262 0.516303 -6.998664 -0.209257 0.139821 -0.967813 0.916667 0.250000
-1.006045 0.580841 -6.965171 -0.209257 0.139821 -0.967813 0.916667 0.333333
-0.921623 0.707186 -6.965171 -0.209257 0.139821 -0.967813 0.895833 0.333333
-0.921623 0.707186 -6.965171 -0.579070 0.386923 -0.717613 0.895833 0.333333
-1.006045 0.580841 -6.965171 -0.579070 0.386923 -0.717613 0.916667 0.333333
-1.087875 0.628086 -6.873665 -0.579070 0.386923 -0.717613 0.916667 0.416667
-0.996587 0.764708 -6.873665 -0.579070 0.386923 -0.717613 0.895833 0.416667
-0.996587 0.764708 -6.873665 -0.801483 0.535534 -0.266136 0.895833 0.416667
-1.087875 0.628086 -6.873665 -0.801483 0.535534 -0.266136 0.916667 0.416667
-1.117828 0.645378 -6.748665 -0.801483 0.535534 -0.266136 0.916667 0.500000
-1.024026 0.785763 -6.748665 -0.801483 0.535534 -0.266136 0.895833 0.500000
-1.117828 0.645378 -6.748665 -0.864527 0.426338 0.266136 0.916667 0.500000
-1.192503 0.493951 -6.748665 -0.864527 0.426338 0.266136 0.937500 0.500000
-1.160550 0.480716 -6.623665 -0.864527 0.426338 0.266136 0.937500 0.583333
-1.087875 0.628086 -6.623665 -0.864527 0.426338 0.266136 0.916667 0.583333
-1.087875 0.628086 -6.623665 -0.624620 0.308029 0.717613 0.916667 0.583333
-1.160550 0.480716 -6.623665 -0.624620 0.308029 0.717613 0.937500 0.583333
-1.073253 0.444556 -6.532159 -0.624620 0.308029 0.717613 0.937500 0.666667
-1.006045 0.580841 -6.532159 -0.624620 0.308029 0.717613 0.916667 0.666667
-1.006045 0.580841 -6.532159 -0.225723 0.111314 0.967811 0.916667 0.666667
-1.073253 0.444556 -6.532159 -0.225723 0.111314 0.967811 0.937500 0.666667
-0.954003 0.395161 -6.498665 -0.225723 0.111314 0.967811 0.937500 0.750000
-0.894262 0.516303 -6.498665 -0.225723 0.111314 0.967811 0.916667 0.750000
-0.894262 0.516303 -6.498665 0.225723 -0.111314 0.967811 0.916667 0.750000
-0.954003 0.395161 -6.498665 0.225723 -0.111314 0.967811 0.937500 0.750000
-0.834752 0.345766 -6.532159 0.225723 -0.111314 0.967811 0.937500 0.833333
-0.782479 0.451765 -6.532159 0.225723 -0.111314 0.967811 0.916667 0.833333
-0.782479 0.451765 -6.532159 0.624620 -0.308029 0.717613 0.916667 0.833333
-0.834752 0.345766 -6.532159 0.624620 -0.308029 0.717613 0.937500 0.833333
-0.747455 0.309606 -6.623665 0.624620 -0.308029 0.717613 0.937500 0.916667
-0.700649 0.404520 -6.623665 0.624620 -0.308029 0.717613 0.916667 0.916667
-0.700649 0.404520 -6.623665 0.864527 -0.426338 0.266136 0.916667 0.916667
-0.747455 0.309606 -6.623665 0.864527 -0.426338 0.266136 0.937500 0.916667
-0.715502 0.296371 -6.748665 0.864527 -0.426338 0.266136 0.937500 1.000000
-0.670697 0.387227 -6.748665 0.864527 -0.426338 0.266136 0.916667 1.000000
-0.670697 0.387227 -6.748665 0.864527 -0.426338 -0.266136 0.916667 0.000000
-0.715502 0.296371 -6.748665 0.864527 -0.426338 -0.266136 0.937500 0.000000
-0.747455 0.309606 -6.873665 0.864527 -0.426338 -0.266136 0.937500 0.083333
-0.700649 0.404520 -6.873665 0.864527 -0.426338 -0.266136 0.916667 0.083333
-0.700649 0.404520 -6.873665 0.624620 -0.308029 -0.717613 0.916667 0.083333
-0.747455 0.309606 -6.873665 0.624620 -0.308029 -0.717613 0.937500 0.083333
-0.834752 0.345766 -6.965171 0.624620 -0.308029 -0.717613 0.937500 0.166667
-0.782479 0.451765 -6.965171 0.624620 -0.308029 -0.717613 0.916667 0.166667
-0.782479 0.451765 -6.965171 0.225717 -0.111311 -0.967813 0.916667 0.166667
-0.834752 0.345766 -6.965171 0.225717 -0.111311 -0.967813 0.937500 0.166667
-0.954003 0.395161 -6.998664 0.225717 -0.111311 -0.967813 0.937500 0.250000
-0.894262 0.516303 -6.998664 0.225717 -0.111311 -0.967813 0.916667 0.250000
-0.894262 0.516303 -6.998664 -0.225717 0.111311 -0.967813 0.916667 0.250000
-0.954003 0.395161 -6.998664 -0.225717 0.111311 -0.967813 0.937500 0.250000
-1.073253 0.444556 -6.965171 -0.225717 0.111311 -0.967813 0.937500 0.333333
-1.006045 0.580841 -6.965171 -0.225717 0.111311 -0.967813 0.916667 0.333333
-1.006045 0.580841 -6.965171 -0.624620 0.308029 -0.717613 0.916667 0.333333
-1.073253 0.444556 -6.965171 -0.624620 0.308029 -0.717613 0.937500 0.333333
-1.160550 0.480716 -6.873665 -0.624620 0.308029 -0.717613 0.937500 0.416667
-1.087875 0.628086 -6.873665 -0.624620 0.308029 -0.717613 0.916667 0.416667
-1.087875 0.628086 -6.873665 -0.864527 0.426338 -0.266136 0.916667 0.416667
-1.160550 0.480716 -6.873665 -0.864527 0.426338 -0.266136 0.937500 0.416667
-1.192503 0.493951 -6.748665 -0.864527 0.426338 -0.266136 0.937500 0.500000
-1.117828 0.645378 -6.748665 -0.864527 0.426338 -0.266136 0.916667 0.500000
-1.192503 0.493951 -6.748665 -0.912779 0.309847 0.266136 0.937500 0.500000
-1.246775 0.334072 -6.748665 -0.912779 0.309847 0.266136 0.958333 0.500000
-1.213368 0.325121 -6.623665 -0.912779 0.309847 0.266136 0.958333 0.583333
-1.160550 0.480716 -6.623665 -0.912779 0.309847 0.266136 0.937500 0.583333
-1.160550 0.480716 -6.623665 -0.659482 0.223864 0.717613 0.937500 0.583333
-1.213368 0.325121 -6.623665 -0.659482 0.223864 0.717613 0.958333 0.583333
-1.122097 0.300665 -6.532159 -0.659482 0.223864 0.717613 0.958333 0.666667
-1.073253 0.444556 -6.532159 -0.659482 0.223864 0.717613 0.937500 0.666667
-1.073253 0.444556 -6.532159 -0.238321 0.080899 0.967811 0.937500 0.666667
-1.122097 0.300665 -6.532159 -0.238321 0.080899 0.967811 0.958333 0.666667
-0.997420 0.267258 -6.498665 -0.238321 0.080899 0.967811 0.958333 0.750000
-0.954003 0.395161 -6.498665 -0.238321 0.080899 0.967811 0.937500 0.750000
-0.954003 0.395161 -6.498665 0.238321 -0.080899 0.967811 0.937500 0.750000
-0.997420 0.267258 -6.498665 0.238321 -0.080899 0.967811 0.958333 0.750000
-0.872742 0.233851 -6.532159 0.238321 -0.080899 0.967811 0.958333 0.833333
-0.834752 0.345766 -6.532159 0.238321 -0.080899 0.967811 0.937500 0.833333
-0.834752 0.345766 -6.532159 0.659482 -0.223864 0.717613 0.937500 0.833333
-0.872742 0.233851 -6.532159 0.659482 -0.223864 0.717613 0.958333 0.833333
-0.781472 0.209395 -6.623665 0.659482 -0.223864 0.717613 0.958333 0.916667
-0.747455 0.309606 -6.623665 0.659482 -0.223864 0.717613 0.937500 0.916667
-0.747455 0.309606 -6.623665 0.912780 -0.309847 0.266136 0.937500 0.916667
-0.781472 0.209395 -6.623665 0.912780 -0.309847 0.266136 0.958333 0.916667
-0.748065 0.200443 -6.748665 0.912780 -0.309847 0.266136 0.958333 1.000000
-0.715502 0.296371 -6.748665 0.912780 -0.309847 0.266136 0.937500 1.000000
-0.715502 0.296371 -6.748665 0.912780 -0.309847 -0.266136 0.937500 0.000000
-0.748065 0.200443 -6.748665 0.912780 -0.309847 -0.266136 0.958333 0.000000
-0.781472 0.209395 -6.873665 0.912780 -0.309847 -0.266136 0.958333 0.083333
-0.747455 0.309606 -6.873665 0.912780 -0.309847 -0.266136 0.937500 0.083333
-0.747455 0.309606 -6.873665 0.659482 -0.223864 -0.717613 0.937500 0.083333
-0.781472 0.209395 -6.873665 0.659482 -0.223864 -0.717613 0.958333 0.083333
-0.872742 0.233851 -6.965171 0.659482 -0.223864 -0.717613 0.958333 0.166667
-0.834752 0.345766 -6.965171 0.659482 -0.223864 -0.717613 0.937500 0.166667
-0.834752 0.345766 -6.965171 0.238315 -0.080897 -0.967813 0.937500 0.166667
-0.872742 0.233851 -6.965171 0.238315 -0.080897 -0.967813 0.958333 0.166667
-0.997420 0.267258 -6.998664 0.238315 -0.080897 -0.967813 0.958333 0.250000
-0.954003 0.395161 -6.998664 0.238315 -0.080897 -0.967813 0.937500 0.250000
-0.954003 0.395161 -6.998664 -0.238315 0.080897 -0.967813 0.937500 0.250000
-0.997420 0.267258 -6.998664 -0.238315 0.080897 -0.967813 0.958333 0.250000
-1.122097 0.300665 -6.965171 -0.238315 0.080897 -0.967813 0.958333 0.333333
-1.073253 0.444556 -6.965171 -0.238315 0.080897 -0.967813 0.937500 0.333333
-1.073253 0.444556 -6.965171 -0.659482 0.223864 -0.717613 0.937500 0.333333
-1.122097 0.300665 -6.965171 -0.659482 0.223864 -0.717613 0.958333 0.333333
-1.213368 0.325121 -6.873665 -0.659482 0.223864 -0.717613 0.958333 0.416667
-1.160550 0.480716 -6.873665 -0.659482 0.223864 -0.717613 0.937500 0.416667
-1.160550 0.480716 -6.873665 -0.912779 0.309847 -0.266136 0.937500 0.416667
-1.213368 0.325121 -6.873665 -0.912779 0.309847 -0.266136 0.958333 0.416667
-1.246775 0.334072 -6.748665 -0.912779 0.309847 -0.266136 0.958333 0.500000
-1.192503 0.493951 -6.748665 -0.912779 0.309847 -0.266136 0.937500 0.500000
-1.246775 0.334072 -6.748665 -0.945414 0.188054 0.266136 0.958333 0.500000
-1.279714 0.168478 -6.748665 -0.945414 0.188054 0.266136 0.979167 0.500000
-1.245424 0.163963 -6.623665 -0.945414 0.188054 0.266136 0.979167 0.583333
-1.213368 0.325121 -6.623665 -0.945414 0.188054 0.266136 0.958333 0.583333
-1.213368 0.325121 -6.623665 -0.683060 0.135869 0.717613 0.958333 0.583333
-1.245424 0.163963 -6.623665 -0.683060 0.135869 0.717613 0.979167 0.583333
-1.151742 0.151630 -6.532159 -0.683060 0.135869 0.717613 0.979167 0.666667
-1.122097 0.300665 -6.532159 -0.683060 0.135869 0.717613 0.958333 0.666667
-1.122097 0.300665 -6.532159 -0.246842 0.049100 0.967811 0.958333 0.666667
-1.151742 0.151630 -6.532159 -0.246842 0.049100 0.967811 0.979167 0.666667
-1.023771 0.134782 -6.498665 -0.246842 0.049100 0.967811 0.979167 0.750000
-0.997420 0.267258 -6.498665 -0.246842 0.049100 0.967811 0.958333 0.750000
-0.997420 0.267258 -6.498665 0.246842 -0.049100 0.967811 0.958333 0.750000
-1.023771 0.134782 -6.498665 0.246842 -0.049100 0.967811 0.979167 0.750000
-0.895800 0.117934 -6.532159 0.246842 -0.049100 0.967811 0.979167 0.833333
-0.872742 0.233851 -6.532159 0.246842 -0.049100 0.967811 0.958333 0.833333
-0.872742 0.233851 -6.532159 0.683060 -0.135869 0.717613 0.958333 0.833333
-0.895800 0.117934 -6.532159 0.683060 -0.135869 0.717613 0.979167 0.833333
-0.802118 0.105601 -6.623665 0.683060 -0.135869 0.717613 0.979167 0.916667
-0.781472 0.209395 -6.623665 0.683060 -0.135869 0.717613 0.958333 0.916667
-0.781472 0.209395 -6.623665 0.945414 -0.188055 0.266136 0.958333 0.916667
-0.802118 0.105601 -6.623665 0.945414 -0.188055 0.266136 0.979167 0.916667
-0.767828 0.101087 -6.748665 0.945414 -0.188055 0.266136 0.979167 1.000000
-0.748065 0.200443 -6.748665 0.945414 -0.188055 0.266136 0.958333 1.000000
-0.748065 0.200443 -6.748665 0.945414 -0.188055 -0.266136 0.958333 0.000000
-0.767828 0.101087 -6.748665 0.945414 -0.188055 -0.266136 0.979167 0.000000
-0.802118 0.105601 -6.873665 0.945414 -0.188055 -0.266136 0.979167 0.083333
-0.781472 0.209395 -6.873665 0.945414 -0.188055 -0.266136 0.958333 0.083333
-0.781472 0.209395 -6.873665 0.683060 -0.135869 -0.717613 0.958333 0.083333
-0.802118 0.105601 -6.873665 0.683060 -0.135869 -0.717613 0.979167 0.083333
-0.895800 0.117934 -6.965171 0.683060 -0.135869 -0.717613 0.979167 0.166667
-0.872742 0.233851 -6.965171 0.683060 -0.135869 -0.717613 0.958333 0.166667
-0.872742 0.233851 -6.965171 0.246835 -0.049098 -0.967813 0.958333 0.166667
-0.895800 0.117934 -6.965171 0.246835 -0.049098 -0.967813 0.979167 0.166667
-1.023771 0.134782 -6.998664 0.246835 -0.049098 -0.967813 0.979167 0.250000
-0.997420 0.267258 -6.998664 0.246835 -0.049098 -0.967813 0.958333 0.250000
-0.997420 0.267258 -6.998664 -0.246835 0.049098 -0.967813 0.958333 0.250000
-1.023771 0.134782 -6.998664 -0.246835 0.049098 -0.967813 0.979167 0.250000
-1.151742 0.151630 -6.965171 -0.246835 0.049098 -0.967813 0.979167 0.333333
-1.122097 0.300665 -6.965171 -0.246835 0.049098 -0.967813 0.958333 0.333333
-1.122097 0.300665 -6.965171 -0.683060 0.135869 -0.717613 0.958333 0.333333
-1.151742 0.151630 -6.965171 -0.683060 0.135869 -0.717613 0.979167 0.333333
-1.245424 0.163963 -6.873665 -0.683060 0.135869 -0.717613 0.979167 0.416667
-1.213368 0.325121 -6.873665 -0.683060 0.135869 -0.717613 0.958333 0.416667
-1.213368 0.325121 -6.873665 -0.945414 0.188054 -0.266136 0.958333 0.416667
-1.245424 0.163963 -6.873665 -0.945414 0.188054 -0.266136 0.979167 0.416667
-1.279714 0.168478 -6.748665 -0.945414 0.188054 -0.266136 0.979167 0.500000
-1.246775 0.334072 -6.748665 -0.945414 0.188054 -0.266136 0.958333 0.500000
-1.279714 0.168478 -6.748665 -0.961872 0.063045 0.266136 0.979167 0.500000
-1.290756 0.000000 -6.748665 -0.961872 0.063045 0.266136 1.000000 0.500000
-1.256171 0.000000 -6.623665 -0.961872 0.063045 0.266136 1.000000 0.583333
-1.245424 0.163963 -6.623665 -0.961872 0.063045 0.266136 0.979167 0.583333
-1.245424 0.163963 -6.623665 -0.694951 0.045550 0.717613 0.979167 0.583333
-1.256171 0.000000 -6.623665 -0.694951 0.045550 0.717613 1.000000 0.583333
-1.161681 0.000000 -6.532159 -0.694951 0.045550 0.717613 1.000000 0.666667
-1.151742 0.151630 -6.532159 -0.694951 0.045550 0.717613 0.979167 0.666667
-1.151742 0.151630 -6.532159 -0.251138 0.016461 0.967811 0.979167 0.666667
-1.161681 0.000000 -6.532159 -0.251138 0.016461 0.967811 1.000000 0.666667
-1.032605 0.000000 -6.498665 -0.251138 0.016461 0.967811 1.000000 0.750000
-1.023771 0.134782 -6.498665 -0.251138 0.016461 0.967811 0.979167 0.750000
-1.023771 0.134782 -6.498665 0.251139 -0.016460 0.967811 0.979167 0.750000
-1.032605 0.000000 -6.498665 0.251139 -0.016460 0.967811 1.000000 0.750000
-0.903529 0.000000 -6.532159 0.251139 -0.016460 0.967811 1.000000 0.833333
-0.895800 0.117934 -6.532159 0.251139 -0.016460 0.967811 0.979167 0.833333
-0.895800 0.117934 -6.532159 0.694951 -0.045549 0.717613 0.979167 0.833333
-0.903529 0.000000 -6.532159 0.694951 -0.045549 0.717613 1.000000 0.833333
-0.809039 0.000000 -6.623665 0.694951 -0.045549 0.717613 1.000000 0.916667
-0.802118 0.105601 -6.623665 0.694951 -0.045549 0.717613 0.979167 0.916667
-0.802118 0.105601 -6.623665 0.961872 -0.063044 0.266136 0.979167 0.916667
-0.809039 0.000000 -6.623665 0.961872 -0.063044 0.266136 1.000000 0.916667
-0.774454 0.000000 -6.748665 0.961872 -0.063044 0.266136 1.000000 1.000000
-0.767828 0.101087 -6.748665 0.961872 -0.063044 0.266136 0.979167 1.000000
-0.767828 0.101087 -6.748665 0.961872 -0.063044 -0.266136 0.979167 0.000000
-0.774454 0.000000 -6.748665 0.961872 -0.063044 -0.266136 1.000000 0.000000
-0.809039 0.000000 -6.873665 0.961872 -0.063044 -0.266136 1.000000 0.083333
-0.802118 0.105601 -6.873665 0.961872 -0.063044 -0.266136 0.979167 0.083333
-0.802118 0.105601 -6.873665 0.694951 -0.045549 -0.717613 0.979167 0.083333
-0.809039 0.000000 -6.873665 0.694951 -0.045549 -0.717613 1.000000 0.083333
-0.903529 0.000000 -6.965171 0.694951 -0.045549 -0.717613 1.000000 0.166667
-0.895800 0.117934 -6.965171 0.694951 -0.045549 -0.717613 0.979167 0.166667
-0.895800 0.117934 -6.965171 0.251132 -0.016460 -0.967813 0.979167 0.166667
-0.903529 0.000000 -6.965171 0.251132 -0.016460 -0.967813 1.000000 0.166667
-1.032605 0.000000 -6.998664 0.251132 -0.016460 -0.967813 1.000000 0.250000
-1.023771 0.134782 -6.998664 0.251132 -0.016460 -0.967813 0.979167 0.250000
-1.023771 0.134782 -6.998664 -0.251132 0.016460 -0.967813 0.979167 0.250000
-1.032605 0.000000 -6.998664 -0.251132 0.016460 -0.967813 1.000000 0.250000
-1.161681 0.000000 -6.965171 -0.251132 0.016460 -0.967813 1.000000 0.333333
-1.151742 0.151630 -6.965171 -0.251132 0.016460 -0.967813 0.979167 0.333333
-1.151742 0.151630 -6.965171 -0.694951 0.045550 -0.717613 0.979167 0.333333
-1.161681 0.000000 -6.965171 -0.694951 0.045550 -0.717613 1.000000 0.333333
-1.256171 0.000000 -6.873665 -0.694951 0.045550 -0.717613 1.000000 0.416667
-1.245424 0.163963 -6.873665 -0.694951 0.045550 -0.717613 0.979167 0.416667
-1.245424 0.163963 -6.873665 -0.961872 0.063045 -0.266136 0.979167 0.416667
-1.256171 0.000000 -6.873665 -0.961872 0.063045 -0.266136 1.000000 0.416667
-1.290756 0.000000 -6.748665 -0.961872 0.063045 -0.266136 1.000000 0.500000
-1.279714 0.168478 -6.748665 -0.961872 0.063045 -0.266136 0.979167 0.500000
-1.290756 0.000000 -6.748665 -0.961872 -0.063045 0.266136 0.000000 0.500000
-1.279714 -0.168478 -6.748665 -0.961872 -0.063045 0.266136 0.020833 0.500000
-1.245424 -0.163963 -6.623665 -0.961872 -0.063045 0.266136 0.020833 0.583333
-1.256171 0.000000 -6.623665 -0.961872 -0.063045 0.266136 0.000000 0.583333
-1.256171 0.000000 -6.623665 -0.694951 -0.045550 0.717613 0.000000 0.583333
-1.245424 -0.163963 -6.623665 -0.694951 -0.045550 0.717613 0.020833 0.583333
-1.151742 -0.151630 -6.532159 -0.694951 -0.045550 0.717613 0.020833 0.666667
-1.161681 0.000000 -6.532159 -0.694951 -0.045550 0.717613 0.000000 0.666667
-1.161681 0.000000 -6.532159 -0.251138 -0.016461 0.967811 0.000000 0.666667
-1.151742 -0.151630 -6.532159 -0.251138 -0.016461 0.967811 0.020833 0.666667
-1.023771 -0.134782 -6.498665 -0.251138 -0.016461 0.967811 0.020833 0.750000
-1.032605 0.000000 -6.498665 -0.251138 -0.016461 0.967811 0.000000 0.750000
-1.032605 0.000000 -6.498665 0.251139 0.016460 0.967811 0.000000 0.750000
-1.023771 -0.134782 -6.498665 0.251139 0.016460 0.967811 0.020833 0.750000
-0.895800 -0.117934 -6.532159 0.251139 0.016460 0.967811 0.020833 0.833333
-0.903529 0.000000 -6.532159 0.251139 0.016460 0.967811 0.000000 0.833333
-0.903529 0.000000 -6.532159 0.694951 0.045549 0.717613 0.000000 0.833333
-0.895800 -0.117934 -6.532159 0.694951 0.045549 0.717613 0.020833 0.833333
-0.802118 -0.105601 -6.623665 0.694951 0.045549 0.717613 0.020833 0.916667
-0.809039 0.000000 -6.623665 0.694951 0.045549 0.717613 0.000000 0.916667
-0.809039 0.000000 -6.623665 0.961872 0.063044 0.266136 0.000000 0.916667
-0.802118 -0.105601 -6.623665 0.961872 0.063044 0.266136 0.020833 0.916667
-0.767828 -0.101087 -6.748665 0.961872 0.063044 0.266136 0.020833 1.000000
-0.774454 0.000000 -6.748665 0.961872 0.063044 0.266136 0.000000 1.000000
-0.774454 0.000000 -6.748665 0.961872 0.063044 -0.266136 0.000000 0.000000
-0.767828 -0.101087 -6.748665 0.961872 0.063044 -0.266136 0.020833 0.000000
-0.802118 -0.105601 -6.873665 0.961872 0.063044 -0.266136 0.020833 0.083333
-0.809039 0.000000 -6.873665 0.961872 0.063044 -0.266136 0.000000 0.083333
-0.809039 0.000000 -6.873665 0.694951 0.045549 -0.717613 0.000000 0.083333
-0.802118 -0.105601 -6.873665 0.694951 0.045549 -0.717613 0.020833 0.083333
-0.895800 -0.117934 -6.965171 0.694951 0.045549 -0.717613 0.020833 0.166667
-0.903529 0.000000 -6.965171 0.694951 0.045549 -0.717613 0.000000 0.166667
-0.903529 0.000000 -6.965171 0.251132 0.016460 -0.967813 0.000000 0.166667
-0.895800 -0.117934 -6.965171 0.251132 0.016460 -0.967813 0.020833 0.166667
-1.023771 -0.134782 -6.998664 0.251132 0.016460 -0.967813 0.020833 0.250000
-1.032605 0.000000 -6.998664 0.251132 0.016460 -0.967813 0.000000 0.250000
-1.032605 0.000000 -6.998664 -0.251132 -0.016460 -0.967813 0.000000 0.250000
-1.023771 -0.134782 -6.998664 -0.251132 -0.016460 -0.967813 0.020833 0.250000
-1.151742 -0.151630 -6.965171 -0.251132 -0.016460 -0.967813 0.020833 0.333333
-1.161681 0.000000 -6.965171 -0.251132 -0.016460 -0.967813 0.000000 0.333333
-1.161681 0.000000 -6.965171 -0.694951 -0.045550 -0.717613 0.000000 0.333333
-1.151742 -0.151630 -6.965171 -0.694951 -0.045550 -0.717613 0.020833 0.333333
-1.245424 -0.163963 -6.873665 -0.694951 -0.045550 -0.717613 0.020833 0.416667
-1.256171 0.000000 -6.873665 -0.694951 -0.045550 -0.717613 0.000000 0.416667
-1.256171 0.000000 -6.873665 -0.961872 -0.063045 -0.266136 0.000000 0.416667
-1.245424 -0.163963 -6.873665 -0.961872 -0.063045 -0.266136 0.020833 0.416667
-1.279714 -0.168478 -6.748665 -0.961872 -0.063045 -0.266136 0.020833 0.500000
-1.290756 0.000000 -6.748665 -0.961872 -0.063045 -0.266136 0.000000 0.500000
-1.279714 -0.168478 -6.748665 -0.945414 -0.188054 0.266136 0.020833 0.500000
-1.246775 -0.334072 -6.748665 -0.945414 -0.188054 0.266136 0.041667 0.500000
-1.213368 -0.325121 -6.623665 -0.945414 -0.188054 0.266136 0.041667 0.583333
-1.245424 -0.163963 -6.623665 -0.945414 -0.188054 0.266136 0.020833 0.583333
-1.245424 -0.163963 -6.623665 -0.683060 -0.135869 0.717613 0.020833 0.583333
-1.213368 -0.325121 -6.623665 -0.683060 -0.135869 0.717613 0.041667 0.583333
-1.122097 -0.300665 -6.532159 -0.683060 -0.135869 0.717613 0.041667 0.666667
-1.151742 -0.151630 -6.532159 -0.683060 -0.135869 0.717613 0.020833 0.666667
-1.151742 -0.151630 -6.532159 -0.246842 -0.049100 0.967811 0.020833 0.666667
-1.122097 -0.300665 -6.532159 -0.246842 -0.049100 0.967811 0.041667 0.666667
-0.997420 -0.267258 -6.498665 -0.246842 -0.049100 0.967811 0.041667 0.750000
-1.023771 -0.134782 -6.498665 -0.246842 -0.049100 0.967811 0.020833 0.750000
-1.023771 -0.134782 -6.498665 0.246842 0.049100 0.967811 0.020833 0.750000
-0.997420 -0.267258 -6.498665 0.246842 0.049100 0.967811 0.041667 0.750000
-0.872742 -0.233851 -6.532159 0.246842 0.049100 0.967811 0.041667 0.833333
-0.895800 -0.117934 -6.532159 0.246842 0.049100 0.967811 0.020833 0.833333
-0.895800 -0.117934 -6.532159 0.683060 0.135869 0.717613 0.020833 0.833333
-0.872742 -0.233851 -6.532159 0.683060 0.135869 0.717613 0.041667 0.833333
-0.781472 -0.209395 -6.623665 0.683060 0.135869 0.717613 0.041667 0.916667
-0.802118 -0.105601 -6.623665 0.683060 0.135869 0.717613 0.020833 0.916667
-0.802118 -0.105601 -6.623665 0.945414 0.188055 0.266136 0.020833 0.916667
-0.781472 -0.209395 -6.623665 0.945414 0.188055 0.266136 0.041667 0.916667
-0.748065 -0.200443 -6.748665 0.945414 0.188055 0.266136 0.041667 1.000000
-0.767828 -0.101087 -6.748665 0.945414 0.188055 0.266136 0.020833 1.000000
-0.767828 -0.101087 -6.748665 0.945414 0.188055 -0.266136 0.020833 0.000000
-0.748065 -0.200443 -6.748665 0.945414 0.188055 -0.266136 0.041667 0.000000
-0.781472 -0.209395 -6.873665 0.945414 0.188055 -0.266136 0.041667 0.083333
-0.802118 -0.105601 -6.873665 0.945414 0.188055 -0.266136 0.020833 0.083333
-0.802118 -0.105601 -6.873665 0.683060 0.135869 -0.717613 0.020833 0.083333
-0.781472 -0.209395 -6.873665 0.683060 0.135869 -0.717613 0.041667 0.083333
-0.872742 -0.233851 -6.965171 0.683060 0.135869 -0.717613 0.041667 0.166667
-0.895800 -0.117934 -6.965171 0.683060 0.135869 -0.717613 0.020833 0.166667
-0.895800 -0.117934 -6.965171 0.246835 0.049098 -0.967813 0.020833 0.166667
-0.872742 -0.233851 -6.965171 0.246835 0.049098 -0.967813 0.041667 0.166667
-0.997420 -0.267258 -6.998664 0.246835 0.049098 -0.967813 0.041667 0.250000
-1.023771 -0.134782 -6.998664 0.246835 0.049098 -0.967813 0.020833 0.250000
-1.023771 -0.134782 -6.998664 -0.246835 -0.049098 -0.967813 0.020833 0.250000
-0.997420 -0.267258 -6.998664 -0.246835 -0.049098 -0.967813 0.041667 0.250000
-1.122097 -0.300665 -6.965171 -0.246835 -0.049098 -0.967813 0.041667 0.333333
-1.151742 -0.151630 -6.965171 -0.246835 -0.049098 -0.967813 0.020833 0.333333
-1.151742 -0.151630 -6.965171 -0.683060 -0.135869 -0.717613 0.020833 0.333333
-1.122097 -0.300665 -6.965171 -0.683060 -0.135869 -0.717613 0.041667 0.333333
-1.213368 -0.325121 -6.873665 -0.683060 -0.135869 -0.717613 0.041667 0.416667
-1.245424 -0.163963 -6.873665 -0.683060 -0.135869 -0.717613 0.020833 0.416667
-1.245424 -0.163963 -6.873665 -0.945414 -0.188054 -0.266136 0.020833 0.416667
-1.213368 -0.325121 -6.873665 -0.945414 -0.188054 -0.266136 0.041667 0.416667
-1.246775 -0.334072 -6.748665 -0.945414 -0.188054 -0.266136 0.041667 0.500000
-1.279714 -0.168478 -6.748665 -0.945414 -0.188054 -0.266136 0.020833 0.500000
-1.246775 -0.334072 -6.748665 -0.912780 -0.309846 0.266136 0.041667 0.500000
-1.192504 -0.493951 -6.748665 -0.912780 -0.309846 0.266136 0.062500 0.500000
-1.160551 -0.480715 -6.623665 -0.912780 -0.309846 0.266136 0.062500 0.583333
-1.213368 -0.325121 -6.623665 -0.912780 -0.309846 0.266136 0.041667 0.583333
-1.213368 -0.325121 -6.623665 -0.659482 -0.223863 0.717613 0.041667 0.583333
-1.160551 -0.480715 -6.623665 -0.659482 -0.223863 0.717613 0.062500 0.583333
-1.073253 -0.444556 -6.532159 -0.659482 -0.223863 0.717613 0.062500 0.666667
-1.122097 -0.300665 -6.532159 -0.659482 -0.223863 0.717613 0.041667 0.666667
-1.122097 -0.300665 -6.532159 -0.238321 -0.080899 0.967811 0.041667 0.666667
-1.073253 -0.444556 -6.532159 -0.238321 -0.080899 0.967811 0.062500 0.666667
-0.954003 -0.395160 -6.498665 -0.238321 -0.080899 0.967811 0.062500 0.750000
-0.997420 -0.267258 -6.498665 -0.238321 -0.080899 0.967811 0.041667 0.750000
-0.997420 -0.267258 -6.498665 0.238321 0.080899 0.967811 0.041667 0.750000
-0.954003 -0.395160 -6.498665 0.238321 0.080899 0.967811 0.062500 0.750000
-0.834753 -0.345765 -6.532159 0.238321 0.080899 0.967811 0.062500 0.833333
-0.872742 -0.233851 -6.532159 0.238321 0.080899 0.967811 0.041667 0.833333
-0.872742 -0.233851 -6.532159 0.659482 0.223864 0.717613 0.041667 0.833333
-0.834753 -0.345765 -6.532159 0.659482 0.223864 0.717613 0.062500 0.833333
-0.747455 -0.309606 -6.623665 0.659482 0.223864 0.717613 0.062500 0.916667
-0.781472 -0.209395 -6.623665 0.659482 0.223864 0.717613 0.041667 0.916667
-0.781472 -0.209395 -6.623665 0.912780 0.309847 0.266136 0.041667 0.916667
-0.747455 -0.309606 -6.623665 0.912780 0.309847 0.266136 0.062500 0.916667
-0.715502 -0.296370 -6.748665 0.912780 0.309847 0.266136 0.062500 1.000000
-0.748065 -0.200443 -6.748665 0.912780 0.309847 0.266136 0.041667 1.000000
-0.748065 -0.200443 -6.748665 0.912780 0.309847 -0.266136 0.041667 0.000000
-0.715502 -0.296370 -6.748665 0.912780 0.309847 -0.266136 0.062500 0.000000
-0.747455 -0.309606 -6.873665 0.912780 0.309847 -0.266136 0.062500 0.083333
-0.781472 -0.209395 -6.873665 0.912780 0.309847 -0.266136 0.041667 0.083333
-0.781472 -0.209395 -6.873665 0.659482 0.223864 -0.717613 0.041667 0.083333
-0.747455 -0.309606 -6.873665 0.659482 0.223864 -0.717613 0.062500 0.083333
-0.834753 -0.345765 -6.965171 0.659482 0.223864 -0.717613 0.062500 0.166667
-0.872742 -0.233851 -6.965171 0.659482 0.223864 -0.717613 0.041667 0.166667
-0.872742 -0.233851 -6.965171 0.238315 0.080897 -0.967813 0.041667 0.166667
-0.834753 -0.345765 -6.965171 0.238315 0.080897 -0.967813 0.062500 0.166667
-0.954003 -0.395160 -6.998664 0.238315 0.080897 -0.967813 0.062500 0.250000
-0.997420 -0.267258 -6.998664 0.238315 0.080897 -0.967813 0.041667 0.250000
-0.997420 -0.267258 -6.998664 -0.238315 -0.080897 -0.967813 0.041667 0.250000
-0.954003 -0.395160 -6.998664 -0.238315 -0.080897 -0.967813 0.062500 0.250000
-1.073253 -0.444556 -6.965171 -0.238315 -0.080897 -0.967813 0.062500 0.333333
-1.122097 -0.300665 -6.965171 -0.238315 -0.080897 -0.967813 0.041667 0.333333
-1.122097 -0.300665 -6.965171 -0.659482 -0.223863 -0.717613 0.041667 0.333333
-1.073253 -0.444556 -6.965171 -0.659482 -0.223863 -0.717613 0.062500 0.333333
-1.160551 -0.480715 -6.873665 -0.659482 -0.223863 -0.717613 0.062500 0.416667
-1.213368 -0.325121 -6.873665 -0.659482 -0.223863 -0.717613 0.041667 0.416667
-1.213368 -0.325121 -6.873665 -0.912780 -0.309846 -0.266136 0.041667 0.416667
-1.160551 -0.480715 -6.873665 -0.912780 -0.309846 -0.266136 0.062500 0.416667
-1.192504 -0.493951 -6.748665 -0.912780 -0.309846 -0.266136 0.062500 0.500000
-1.246775 -0.334072 -6.748665 -0.912780 -0.309846 -0.266136 0.041667 0.500000
-1.192504 -0.493951 -6.748665 -0.864528 -0.426338 0.266136 0.062500 0.500000
-1.117828 -0.645378 -6.748665 -0.864528 -0.426338 0.266136 0.083333 0.500000
-1.087876 -0.628085 -6.623665 -0.864528 -0.426338 0.266136 0.083333 0.583333
-1.160551 -0.480715 -6.623665 -0.864528 -0.426338 0.266136 0.062500 0.583333
-1.160551 -0.480715 -6.623665 -0.624620 -0.308029 0.717613 0.062500 0.583333
-1.087876 -0.628085 -6.623665 -0.624620 -0.308029 0.717613 0.083333 0.583333
-1.006045 -0.580840 -6.532159 -0.624620 -0.308029 0.717613 0.083333 0.666667
-1.073253 -0.444556 -6.532159 -0.624620 -0.308029 0.717613 0.062500 0.666667
-1.073253 -0.444556 -6.532159 -0.225723 -0.111314 0.967811 0.062500 0.666667
-1.006045 -0.580840 -6.532159 -0.225723 -0.111314 0.967811 0.083333 0.666667
-0.894262 -0.516302 -6.498665 -0.225723 -0.111314 0.967811 0.083333 0.750000
-0.954003 -0.395160 -6.498665 -0.225723 -0.111314 0.967811 0.062500 0.750000
-0.954003 -0.395160 -6.498665 0.225723 0.111314 0.967811 0.062500 0.750000
-0.894262 -0.516302 -6.498665 0.225723 0.111314 0.967811 0.083333 0.750000
-0.782480 -0.451765 -6.532159 0.225723 0.111314 0.967811 0.083333 0.833333
-0.834753 -0.345765 -6.532159 0.225723 0.111314 0.967811 0.062500 0.833333
-0.834753 -0.345765 -6.532159 0.624620 0.308028 0.717613 0.062500 0.833333
-0.782480 -0.451765 -6.532159 0.624620 0.308028 0.717613 0.083333 0.833333
-0.700649 -0.404520 -6.623665 0.624620 0.308028 0.717613 0.083333 0.916667
-0.747455 -0.309606 -6.623665 0.624620 0.308028 0.717613 0.062500 0.916667
-0.747455 -0.309606 -6.623665 0.864528 0.426338 0.266136 0.062500 0.916667
-0.700649 -0.404520 -6.623665 0.864528 0.426338 0.266136 0.083333 0.916667
-0.670697 -0.387227 -6.748665 0.864528 0.426338 0.266136 0.083333 1.000000
-0.715502 -0.296370 -6.748665 0.864528 0.426338 0.266136 0.062500 1.000000
-0.715502 -0.296370 -6.748665 0.864528 0.426338 -0.266136 0.062500 0.000000
-0.670697 -0.387227 -6.748665 0.864528 0.426338 -0.266136 0.083333 0.000000
-0.700649 -0.404520 -6.873665 0.864528 0.426338 -0.266136 0.083333 0.083333
-0.747455 -0.309606 -6.873665 0.864528 0.426338 -0.266136 0.062500 0.083333
-0.747455 -0.309606 -6.873665 0.624620 0.308028 -0.717613 0.062500 0.083333
-0.700649 -0.404520 -6.873665 0.624620 0.308028 -0.717613 0.083333 0.083333
-0.782480 -0.451765 -6.965171 0.624620 0.308028 -0.717613 0.083333 0.166667
-0.834753 -0.345765 -6.965171 0.624620 0.308028 -0.717613 0.062500 0.166667
-0.834753 -0.345765 -6.965171 0.225717 0.111311 -0.967813 0.062500 0.166667
-0.782480 -0.451765 -6.965171 0.225717 0.111311 -0.967813 0.083333 0.166667
-0.894262 -0.516302 -6.998664 0.225717 0.111311 -0.967813 0.083333 0.250000
-0.954003 -0.395160 -6.998664 0.225717 0.111311 -0.967813 0.062500 0.250000
-0.954003 -0.395160 -6.998664 -0.225717 -0.111311 -0.967813 0.062500 0.250000
-0.894262 -0.516302 -6.998664 -0.225717 -0.111311 -0.967813 0.083333 0.250000
-1.006045 -0.580840 -6.965171 -0.225717 -0.111311 -0.967813 0.083333 0.333333
-1.073253 -0.444556 -6.965171 -0.225717 -0.111311 -0.967813 0.062500 0.333333
-1.073253 -0.444556 -6.965171 -0.624620 -0.308029 -0.717613 0.062500 0.333333
-1.006045 -0.580840 -6.965171 -0.624620 -0.308029 -0.717613 0.083333 0.333333
-1.087876 -0.628085 -6.873665 -0.624620 -0.308029 -0.717613 0.083333 0.416667
-1.160551 -0.480715 -6.873665 -0.624620 -0.308029 -0.717613 0.062500 0.416667
-1.160551 -0.480715 -6.873665 -0.864528 -0.426338 -0.266136 0.062500 0.416667
-1.087876 -0.628085 -6.873665 -0.864528 -0.426338 -0.266136 0.083333 0.416667
-1.117828 -0.645378 -6.748665 -0.864528 -0.426338 -0.266136 0.083333 0.500000
-1.192504 -0.493951 -6.748665 -0.864528 -0.426338 -0.266136 0.062500 0.500000
-1.117828 -0.645378 -6.748665 -0.801483 -0.535534 0.266136 0.083333 0.500000
-1.024026 -0.785763 -6.748665 -0.801483 -0.535534 0.266136 0.104167 0.500000
-0.996587 -0.764708 -6.623665 -0.801483 -0.535534 0.266136 0.104167 0.583333
-1.087876 -0.628085 -6.623665 -0.801483 -0.535534 0.266136 0.083333 0.583333
-1.087876 -0.628085 -6.623665 -0.579070 -0.386923 0.717613 0.083333 0.583333
-0.996587 -0.764708 -6.623665 -0.579070 -0.386923 0.717613 0.104167 0.583333
-0.921623 -0.707186 -6.532159 -0.579070 -0.386923 0.717613 0.104167 0.666667
-1.006045 -0.580840 -6.532159 -0.579070 -0.386923 0.717613 0.083333 0.666667
-1.006045 -0.580840 -6.532159 -0.209262 -0.139825 0.967811 0.083333 0.666667
-0.921623 -0.707186 -6.532159 -0.209262 -0.139825 0.967811 0.104167 0.666667
-0.819221 -0.628610 -6.498665 -0.209262 -0.139825 0.967811 0.104167 0.750000
-0.894262 -0.516302 -6.498665 -0.209262 -0.139825 0.967811 0.083333 0.750000
-0.894262 -0.516302 -6.498665 0.209262 0.139824 0.967811 0.083333 0.750000
-0.819221 -0.628610 -6.498665 0.209262 0.139824 0.967811 0.104167 0.750000
-0.716818 -0.550034 -6.532159 0.209262 0.139824 0.967811 0.104167 0.833333
-0.782480 -0.451765 -6.532159 0.209262 0.139824 0.967811 0.083333 0.833333
-0.782480 -0.451765 -6.532159 0.579071 0.386922 0.717613 0.083333 0.833333
-0.716818 -0.550034 -6.532159 0.579071 0.386922 0.717613 0.104167 0.833333
-0.641854 -0.492512 -6.623665 0.579071 0.386922 0.717613 0.104167 0.916667
-0.700649 -0.404520 -6.623665 0.579071 0.386922 0.717613 0.083333 0.916667
-0.700649 -0.404520 -6.623665 0.801483 0.535534 0.266136 0.083333 0.916667
-0.641854 -0.492512 -6.623665 0.801483 0.535534 0.266136 0.104167 0.916667
-0.614415 -0.471458 -6.748665 0.801483 0.535534 0.266136 0.104167 1.000000
-0.670697 -0.387227 -6.748665 0.801483 0.535534 0.266136 0.083333 1.000000
-0.670697 -0.387227 -6.748665 0.801483 0.535534 -0.266136 0.083333 0.000000
-0.614415 -0.471458 -6.748665 0.801483 0.535534 -0.266136 0.104167 0.000000
-0.641854 -0.492512 -6.873665 0.801483 0.535534 -0.266136 0.104167 0.083333
-0.700649 -0.404520 -6.873665 0.801483 0.535534 -0.266136 0.083333 0.083333
-0.700649 -0.404520 -6.873665 0.579071 0.386922 -0.717613 0.083333 0.083333
-0.641854 -0.492512 -6.873665 0.579071 0.386922 -0.717613 0.104167 0.083333
-0.716818 -0.550034 -6.965171 0.579071 0.386922 -0.717613 0.104167 0.166667
-0.782480 -0.451765 -6.965171 0.579071 0.386922 -0.717613 0.083333 0.166667
-0.782480 -0.451765 -6.965171 0.209257 0.139821 -0.967813 0.083333 0.166667
-0.716818 -0.550034 -6.965171 0.209257 0.139821 -0.967813 0.104167 0.166667
-0.819221 -0.628610 -6.998664 0.209257 0.139821 -0.967813 0.104167 0.250000
-0.894262 -0.516302 -6.998664 0.209257 0.139821 -0.967813 0.083333 0.250000
-0.894262 -0.516302 -6.998664 -0.209257 -0.139821 -0.967813 0.083333 0.250000
-0.819221 -0.628610 -6.998664 -0.209257 -0.139821 -0.967813 0.104167 0.250000
-0.921623 -0.707186 -6.965171 -0.209257 -0.139821 -0.967813 0.104167 0.333333
-1.006045 -0.580840 -6.965171 -0.209257 -0.139821 -0.967813 0.083333 0.333333
-1.006045 -0.580840 -6.965171 -0.579070 -0.386923 -0.717613 0.083333 0.333333
-0.921623 -0.707186 -6.965171 -0.579070 -0.386923 -0.717613 0.104167 0.333333
-0.996587 -0.764708 -6.873665 -0.579070 -0.386923 -0.717613 0.104167 0.416667
-1.087876 -0.628085 -6.873665 -0.579070 -0.386923 -0.717613 0.083333 0.416667
-1.087876 -0.628085 -6.873665 -0.801483 -0.535534 -0.266136 0.083333 0.416667
-0.996587 -0.764708 -6.873665 -0.801483 -0.535534 -0.266136 0.104167 0.416667
-1.024026 -0.785763 -6.748665 -0.801483 -0.535534 -0.266136 0.104167 0.500000
-1.117828 -0.645378 -6.748665 -0.801483 -0.535534 -0.266136 0.083333 0.500000
-1.024026 -0.785763 -6.748665 -0.724725 -0.635566 0.266136 0.104167 0.500000
-0.912703 -0.912702 -6.748665 -0.724725 -0.635566 0.266136 0.125000 0.500000
-0.888247 -0.888247 -6.623665 -0.724725 -0.635566 0.266136 0.125000 0.583333
-0.996587 -0.764708 -6.623665 -0.724725 -0.635566 0.266136 0.104167 0.583333
-0.996587 -0.764708 -6.623665 -0.523613 -0.459196 0.717613 0.104167 0.583333
-0.888247 -0.888247 -6.623665 -0.523613 -0.459196 0.717613 0.125000 0.583333
-0.821432 -0.821432 -6.532159 -0.523613 -0.459196 0.717613 0.125000 0.666667
-0.921623 -0.707186 -6.532159 -0.523613 -0.459196 0.717613 0.104167 0.666667
-0.921623 -0.707186 -6.532159 -0.189221 -0.165942 0.967811 0.104167 0.666667
-0.821432 -0.821432 -6.532159 -0.189221 -0.165942 0.967811 0.125000 0.666667
-0.730162 -0.730162 -6.498665 -0.189221 -0.165942 0.967811 0.125000 0.750000
-0.819221 -0.628610 -6.498665 -0.189221 -0.165942 0.967811 0.104167 0.750000
-0.819221 -0.628610 -6.498665 0.189221 0.165942 0.967811 0.104167 0.750000
-0.730162 -0.730162 -6.498665 0.189221 0.165942 0.967811 0.125000 0.750000
-0.638892 -0.638892 -6.532159 0.189221 0.165942 0.967811 0.125000 0.833333
-0.716818 -0.550034 -6.532159 0.189221 0.165942 0.967811 0.104167 0.833333
-0.716818 -0.550034 -6.532159 0.523613 0.459196 0.717613 0.104167 0.833333
-0.638892 -0.638892 -6.532159 0.523613 0.459196 0.717613 0.125000 0.833333
-0.572077 -0.572077 -6.623665 0.523613 0.459196 0.717613 0.125000 0.916667
-0.641854 -0.492512 -6.623665 0.523613 0.459196 0.717613 0.104167 0.916667
-0.641854 -0.492512 -6.623665 0.724725 0.635567 0.266136 0.104167 0.916667
-0.572077 -0.572077 -6.623665 0.724725 0.635567 0.266136 0.125000 0.916667
-0.547622 -0.547621 -6.748665 0.724725 0.635567 0.266136 0.125000 1.000000
-0.614415 -0.471458 -6.748665 0.724725 0.635567 0.266136 0.104167 1.000000
-0.614415 -0.471458 -6.748665 0.724725 0.635567 -0.266136 0.104167 0.000000
-0.547622 -0.547621 -6.748665 0.724725 0.635567 -0.266136 0.125000 0.000000
-0.572077 -0.572077 -6.873665 0.724725 0.635567 -0.266136 0.125000 0.083333
-0.641854 -0.492512 -6.873665 0.724725 0.635567 -0.266136 0.104167 0.083333
-0.641854 -0.492512 -6.873665 0.523613 0.459196 -0.717613 0.104167 0.083333
-0.572077 -0.572077 -6.873665 0.523613 0.459196 -0.717613 0.125000 0.083333
-0.638892 -0.638892 -6.965171 0.523613 0.459196 -0.717613 0.125000 0.166667
-0.716818 -0.550034 -6.965171 0.523613 0.459196 -0.717613 0.104167 0.166667
-0.716818 -0.550034 -6.965171 0.189216 0.165938 -0.967813 0.104167 0.166667
-0.638892 -0.638892 -6.965171 0.189216 0.165938 -0.967813 0.125000 0.166667
-0.730162 -0.730162 -6.998664 0.189216 0.165938 -0.967813 0.125000 0.250000
-0.819221 -0.628610 -6.998664 0.189216 0.165938 -0.967813 0.104167 0.250000
-0.819221 -0.628610 -6.998664 -0.189216 -0.165938 -0.967813 0.104167 0.250000
-0.730162 -0.730162 -6.998664 -0.189216 -0.165938 -0.967813 0.125000 0.250000
-0.821432 -0.821432 -6.965171 -0.189216 -0.165938 -0.967813 0.125000 0.333333
-0.921623 -0.707186 -6.965171 -0.189216 -0.165938 -0.967813 0.104167 0.333333
-0.921623 -0.707186 -6.965171 -0.523613 -0.459196 -0.717613 0.104167 0.333333
-0.821432 -0.821432 -6.965171 -0.523613 -0.459196 -0.717613 0.125000 0.333333
-0.888247 -0.888247 -6.873665 -0.523613 -0.459196 -0.717613 0.125000 0.416667
-0.996587 -0.764708 -6.873665 -0.523613 -0.459196 -0.717613 0.104167 0.416667
-0.996587 -0.764708 -6.873665 -0.724725 -0.635566 -0.266136 0.104167 0.416667
-0.888247 -0.888247 -6.873665 -0.724725 -0.635566 -0.266136 0.125000 0.416667
-0.912703 -0.912702 -6.748665 -0.724725 -0.635566 -0.266136 0.125000 0.500000
-1.024026 -0.785763 -6.748665 -0.724725 -0.635566 -0.266136 0.104167 0.500000
-0.912703 -0.912702 -6.748665 -0.635567 -0.724725 0.266136 0.125000 0.500000
-0.785763 -1.024025 -6.748665 -0.635567 -0.724725 0.266136 0.145833 0.500000
-0.764709 -0.996587 -6.623665 -0.635567 -0.724725 0.266136 0.145833 0.583333
-0.888247 -0.888247 -6.623665 -0.635567 -0.724725 0.266136 0.125000 0.583333
-0.888247 -0.888247 -6.623665 -0.459197 -0.523613 0.717613 0.125000 0.583333
-0.764709 -0.996587 -6.623665 -0.459197 -0.523613 0.717613 0.145833 0.583333
-0.707187 -0.921623 -6.532159 -0.459197 -0.523613 0.717613 0.145833 0.666667
-0.821432 -0.821432 -6.532159 -0.459197 -0.523613 0.717613 0.125000 0.666667
-0.821432 -0.821432 -6.532159 -0.165943 -0.189221 0.967811 0.125000 0.666667
-0.707187 -0.921623 -6.532159 -0.165943 -0.189221 0.967811 0.145833 0.666667
-0.628611 -0.819220 -6.498665 -0.165943 -0.189221 0.967811 0.145833 0.750000
-0.730162 -0.730162 -6.498665 -0.165943 -0.189221 0.967811 0.125000 0.750000
-0.730162 -0.730162 -6.498665 0.165943 0.189221 0.967811 0.125000 0.750000
-0.628611 -0.819220 -6.498665 0.165943 0.189221 0.967811 0.145833 0.750000
-0.550034 -0.716818 -6.532159 0.165943 0.189221 0.967811 0.145833 0.833333
-0.638892 -0.638892 -6.532159 0.165943 0.189221 0.967811 0.125000 0.833333
-0.638892 -0.638892 -6.532159 0.459196 0.523613 0.717613 0.125000 0.833333
-0.550034 -0.716818 -6.532159 0.459196 0.523613 0.717613 0.145833 0.833333
-0.492512 -0.641854 -6.623665 0.459196 0.523613 0.717613 0.145833 0.916667
-0.572077 -0.572077 -6.623665 0.459196 0.523613 0.717613 0.125000 0.916667
-0.572077 -0.572077 -6.623665 0.635567 0.724725 0.266136 0.125000 0.916667
-0.492512 -0.641854 -6.623665 0.635567 0.724725 0.266136 0.145833 0.916667
-0.471458 -0.614415 -6.748665 0.635567 0.724725 0.266136 0.145833 1.000000
-0.547622 -0.547621 -6.748665 0.635567 0.724725 0.266136 0.125000 1.000000
-0.547622 -0.547621 -6.748665 0.635567 0.724725 -0.266136 0.125000 0.000000
-0.471458 -0.614415 -6.748665 0.635567 0.724725 -0.266136 0.145833 0.000000
-0.492512 -0.641854 -6.873665 0.635567 0.724725 -0.266136 0.145833 0.083333
-0.572077 -0.572077 -6.873665 0.635567 0.724725 -0.266136 0.125000 0.083333
-0.572077 -0.572077 -6.873665 0.459196 0.523613 -0.717613 0.125000 0.083333
-0.492512 -0.641854 -6.873665 0.459196 0.523613 -0.717613 0.145833 0.083333
-0.550034 -0.716818 -6.965171 0.459196 0.523613 -0.717613 0.145833 0.166667
-0.638892 -0.638892 -6.965171 0.459196 0.523613 -0.717613 0.125000 0.166667
-0.638892 -0.638892 -6.965171 0.165938 0.189216 -0.967813 0.125000 0.166667
-0.550034 -0.716818 -6.965171 0.165938 0.189216 -0.967813 0.145833 0.166667
-0.628611 -0.819220 -6.998664 0.165938 0.189216 -0.967813 0.145833 0.250000
-0.730162 -0.730162 -6.998664 0.165938 0.189216 -0.967813 0.125000 0.250000
-0.730162 -0.730162 -6.998664 -0.165938 -0.189216 -0.967813 0.125000 0.250000
-0.628611 -0.819220 -6.998664 -0.165938 -0.189216 -0.967813 0.145833 0.250000
-0.707187 -0.921623 -6.965171 -0.165938 -0.189216 -0.967813 0.145833 0.333333
-0.821432 -0.821432 -6.965171 -0.165938 -0.189216 -0.967813 0.125000 0.333333
-0.821432 -0.821432 -6.965171 -0.459197 -0.523613 -0.717613 0.125000 0.333333
-0.707187 -0.921623 -6.965171 -0.459197 -0.523613 -0.717613 0.145833 0.333333
-0.764709 -0.996587 -6.873665 -0.459197 -0.523613 -0.717613 0.145833 0.416667
-0.888247 -0.888247 -6.873665 -0.459197 -0.523613 -0.717613 0.125000 0.416667
-0.888247 -0.888247 -6.873665 -0.635567 -0.724725 -0.266136 0.125000 0.416667
-0.764709 -0.996587 -6.873665 -0.635567 -0.724725 -0.266136 0.145833 0.416667
-0.785763 -1.024025 -6.748665 -0.635567 -0.724725 -0.266136 0.145833 0.500000
-0.912703 -0.912702 -6.748665 -0.635567 -0.724725 -0.266136 0.125000 0.500000
-0.785763 -1.024025 -6.748665 -0.535534 -0.801483 0.266136 0.145833 0.500000
-0.645378 -1.117828 -6.748665 -0.535534 -0.801483 0.266136 0.166667 0.500000
-0.628085 -1.087876 -6.623665 -0.535534 -0.801483 0.266136 0.166667 0.583333
-0.764709 -0.996587 -6.623665 -0.535534 -0.801483 0.266136 0.145833 0.583333
-0.764709 -0.996587 -6.623665 -0.386923 -0.579070 0.717613 0.145833 0.583333
-0.628085 -1.087876 -6.623665 -0.386923 -0.579070 0.717613 0.166667 0.583333
-0.580840 -1.006045 -6.532159 -0.386923 -0.579070 0.717613 0.166667 0.666667
-0.707187 -0.921623 -6.532159 -0.386923 -0.579070 0.717613 0.145833 0.666667
-0.707187 -0.921623 -6.532159 -0.139825 -0.209262 0.967811 0.145833 0.666667
-0.580840 -1.006045 -6.532159 -0.139825 -0.209262 0.967811 0.166667 0.666667
-0.516302 -0.894262 -6.498665 -0.139825 -0.209262 0.967811 0.166667 0.750000
-0.628611 -0.819220 -6.498665 -0.139825 -0.209262 0.967811 0.145833 0.750000
-0.628611 -0.819220 -6.498665 0.139824 0.209262 0.967811 0.145833 0.750000
-0.516302 -0.894262 -6.498665 0.139824 0.209262 0.967811 0.166667 0.750000
-0.451765 -0.782480 -6.532159 0.139824 0.209262 0.967811 0.166667 0.833333
-0.550034 -0.716818 -6.532159 0.139824 0.209262 0.967811 0.145833 0.833333
-0.550034 -0.716818 -6.532159 0.386923 0.579071 0.717613 0.145833 0.833333
-0.451765 -0.782480 -6.532159 0.386923 0.579071 0.717613 0.166667 0.833333
-0.404520 -0.700649 -6.623665 0.386923 0.579071 0.717613 0.166667 0.916667
-0.492512 -0.641854 -6.623665 0.386923 0.579071 0.717613 0.145833 0.916667
-0.492512 -0.641854 -6.623665 0.535534 0.801483 0.266136 0.145833 0.916667
-0.404520 -0.700649 -6.623665 0.535534 0.801483 0.266136 0.166667 0.916667
-0.387227 -0.670697 -6.748665 0.535534 0.801483 0.266136 0.166667 1.000000
-0.471458 -0.614415 -6.748665 0.535534 0.801483 0.266136 0.145833 1.000000
-0.471458 -0.614415 -6.748665 0.535534 0.801483 -0.266136 0.145833 0.000000
-0.387227 -0.670697 -6.748665 0.535534 0.801483 -0.266136 0.166667 0.000000
-0.404520 -0.700649 -6.873665 0.535534 0.801483 -0.266136 0.166667 0.083333
-0.492512 -0.641854 -6.873665 0.535534 0.801483 -0.266136 0.145833 0.083333
-0.492512 -0.641854 -6.873665 0.386923 0.579071 -0.717613 0.145833 0.083333
-0.404520 -0.700649 -6.873665 0.386923 0.579071 -0.717613 0.166667 0.083333
-0.451765 -0.782480 -6.965171 0.386923 0.579071 -0.717613 0.166667 0.166667
-0.550034 -0.716818 -6.965171 0.386923 0.579071 -0.717613 0.145833 0.166667
-0.550034 -0.716818 -6.965171 0.139821 0.209256 -0.967813 0.145833 0.166667
-0.451765 -0.782480 -6.965171 0.139821 0.209256 -0.967813 0.166667 0.166667
-0.516302 -0.894262 -6.998664 0.139821 0.209256 -0.967813 0.166667 0.250000
-0.628611 -0.819220 -6.998664 0.139821 0.209256 -0.967813 0.145833 0.250000
-0.628611 -0.819220 -6.998664 -0.139821 -0.209256 -0.967813 0.145833 0.250000
-0.516302 -0.894262 -6.998664 -0.139821 -0.209256 -0.967813 0.166667 0.250000
-0.580840 -1.006045 -6.965171 -0.139821 -0.209256 -0.967813 0.166667 0.333333
-0.707187 -0.921623 -6.965171 -0.139821 -0.209256 -0.967813 0.145833 0.333333
-0.707187 -0.921623 -6.965171 -0.386923 -0.579070 -0.717613 0.145833 0.333333
-0.580840 -1.006045 -6.965171 -0.386923 -0.579070 -0.717613 0.166667 0.333333
-0.628085 -1.087876 -6.873665 -0.386923 -0.579070 -0.717613 0.166667 0.416667
-0.764709 -0.996587 -6.873665 -0.386923 -0.579070 -0.717613 0.145833 0.416667
-0.764709 -0.996587 -6.873665 -0.535534 -0.801483 -0.266136 0.145833 0.416667
-0.628085 -1.087876 -6.873665 -0.535534 -0.801483 -0.266136 0.166667 0.416667
-0.645378 -1.117828 -6.748665 -0.535534 -0.801483 -0.266136 0.166667 0.500000
-0.785763 -1.024025 -6.748665 -0.535534 -0.801483 -0.266136 0.145833 0.500000
-0.645378 -1.117828 -6.748665 -0.426337 -0.864528 0.266136 0.166667 0.500000
-0.493951 -1.192503 -6.748665 -0.426337 -0.864528 0.266136 0.187500 0.500000
-0.480716 -1.160550 -6.623665 -0.426337 -0.864528 0.266136 0.187500 0.583333
-0.628085 -1.087876 -6.623665 -0.426337 -0.864528 0.266136 0.166667 0.583333
-0.628085 -1.087876 -6.623665 -0.308028 -0.624620 0.717613 0.166667 0.583333
-0.480716 -1.160550 -6.623665 -0.308028 -0.624620 0.717613 0.187500 0.583333
-0.444556 -1.073253 -6.532159 -0.308028 -0.624620 0.717613 0.187500 0.666667
-0.580840 -1.006045 -6.532159 -0.308028 -0.624620 0.717613 0.166667 0.666667
-0.580840 -1.006045 -6.532159 -0.111314 -0.225723 0.967811 0.166667 0.666667
-0.444556 -1.073253 -6.532159 -0.111314 -0.225723 0.967811 0.187500 0.666667
-0.395161 -0.954003 -6.498665 -0.111314 -0.225723 0.967811 0.187500 0.750000
-0.516302 -0.894262 -6.498665 -0.111314 -0.225723 0.967811 0.166667 0.750000
-0.516302 -0.894262 -6.498665 0.111314 0.225723 0.967811 0.166667 0.750000
-0.395161 -0.954003 -6.498665 0.111314 0.225723 0.967811 0.187500 0.750000
-0.345766 -0.834752 -6.532159 0.111314 0.225723 0.967811 0.187500 0.833333
-0.451765 -0.782480 -6.532159 0.111314 0.225723 0.967811 0.166667 0.833333
-0.451765 -0.782480 -6.532159 0.308029 0.624620 0.717613 0.166667 0.833333
-0.345766 -0.834752 -6.532159 0.308029 0.624620 0.717613 0.187500 0.833333
-0.309606 -0.747455 -6.623665 0.308029 0.624620 0.717613 0.187500 0.916667
-0.404520 -0.700649 -6.623665 0.308029 0.624620 0.717613 0.166667 0.916667
-0.404520 -0.700649 -6.623665 0.426338 0.864527 0.266136 0.166667 0.916667
-0.309606 -0.747455 -6.623665 0.426338 0.864527 0.266136 0.187500 0.916667
-0.296371 -0.715502 -6.748665 0.426338 0.864527 0.266136 0.187500 1.000000
-0.387227 -0.670697 -6.748665 0.426338 0.864527 0.266136 0.166667 1.000000
-0.387227 -0.670697 -6.748665 0.426338 0.864527 -0.266136 0.166667 0.000000
-0.296371 -0.715502 -6.748665 0.426338 0.864527 -0.266136 0.187500 0.000000
-0.309606 -0.747455 -6.873665 0.426338 0.864527 -0.266136 0.187500 0.083333
-0.404520 -0.700649 -6.873665 0.426338 0.864527 -0.266136 0.166667 0.083333
-0.404520 -0.700649 -6.873665 0.308029 0.624620 -0.717613 0.166667 0.083333
-0.309606 -0.747455 -6.873665 0.308029 0.624620 -0.717613 0.187500 0.083333
-0.345766 -0.834752 -6.965171 0.308029 0.624620 -0.717613 0.187500 0.166667
-0.451765 -0.782480 -6.965171 0.308029 0.624620 -0.717613 0.166667 0.166667
-0.451765 -0.782480 -6.965171 0.111311 0.225717 -0.967813 0.166667 0.166667
-0.345766 -0.834752 -6.965171 0.111311 0.225717 -0.967813 0.187500 0.166667
-0.395161 -0.954003 -6.998664 0.111311 0.225717 -0.967813 0.187500 0.250000
-0.516302 -0.894262 -6.998664 0.111311 0.225717 -0.967813 0.166667 0.250000
-0.516302 -0.894262 -6.998664 -0.111311 -0.225717 -0.967813 0.166667 0.250000
-0.395161 -0.954003 -6.998664 -0.111311 -0.225717 -0.967813 0.187500 0.250000
-0.444556 -1.073253 -6.965171 -0.111311 -0.225717 -0.967813 0.187500 0.333333
-0.580840 -1.006045 -6.965171 -0.111311 -0.225717 -0.967813 0.166667 0.333333
-0.580840 -1.006045 -6.965171 -0.308028 -0.624620 -0.717613 0.166667 0.333333
-0.444556 -1.073253 -6.965171 -0.308028 -0.624620 -0.717613 0.187500 0.333333
-0.480716 -1.160550 -6.873665 -0.308028 -0.624620 -0.717613 0.187500 0.416667
-0.628085 -1.087876 -6.873665 -0.308028 -0.624620 -0.717613 0.166667 0.416667
-0.628085 -1.087876 -6.873665 -0.426337 -0.864528 -0.266136 0.166667 0.416667
-0.480716 -1.160550 -6.873665 -0.426337 -0.864528 -0.266136 0.187500 0.416667
-0.493951 -1.192503 -6.748665 -0.426337 -0.864528 -0.266136 0.187500 0.500000
-0.645378 -1.117828 -6.748665 -0.426337 -0.864528 -0.266136 0.166667 0.500000
-0.493951 -1.192503 -6.748665 -0.309847 -0.912779 0.266137 0.187500 0.500000
-0.334073 -1.246775 -6.748665 -0.309847 -0.912779 0.266137 0.208333 0.500000
-0.325121 -1.213367 -6.623665 -0.309847 -0.912779 0.266137 0.208333 0.583333
-0.480716 -1.160550 -6.623665 -0.309847 -0.912779 0.266137 0.187500 0.583333
-0.480716 -1.160550 -6.623665 -0.223864 -0.659482 0.717613 0.187500 0.583333
-0.325121 -1.213367 -6.623665 -0.223864 -0.659482 0.717613 0.208333 0.583333
-0.300665 -1.122097 -6.532159 -0.223864 -0.659482 0.717613 0.208333 0.666667
-0.444556 -1.073253 -6.532159 -0.223864 -0.659482 0.717613 0.187500 0.666667
-0.444556 -1.073253 -6.532159 -0.080899 -0.238321 0.967811 0.187500 0.666667
-0.300665 -1.122097 -6.532159 -0.080899 -0.238321 0.967811 0.208333 0.666667
-0.267258 -0.997420 -6.498665 -0.080899 -0.238321 0.967811 0.208333 0.750000
-0.395161 -0.954003 -6.498665 -0.080899 -0.238321 0.967811 0.187500 0.750000
-0.395161 -0.954003 -6.498665 0.080899 0.238321 0.967811 0.187500 0.750000
-0.267258 -0.997420 -6.498665 0.080899 0.238321 0.967811 0.208333 0.750000
-0.233851 -0.872742 -6.532159 0.080899 0.238321 0.967811 0.208333 0.833333
-0.345766 -0.834752 -6.532159 0.080899 0.238321 0.967811 0.187500 0.833333
-0.345766 -0.834752 -6.532159 0.223864 0.659482 0.717613 0.187500 0.833333
-0.233851 -0.872742 -6.532159 0.223864 0.659482 0.717613 0.208333 0.833333
-0.209395 -0.781472 -6.623665 0.223864 0.659482 0.717613 0.208333 0.916667
-0.309606 -0.747455 -6.623665 0.223864 0.659482 0.717613 0.187500 0.916667
-0.309606 -0.747455 -6.623665 0.309847 0.912780 0.266136 0.187500 0.916667
-0.209395 -0.781472 -6.623665 0.309847 0.912780 0.266136 0.208333 0.916667
-0.200444 -0.748065 -6.748665 0.309847 0.912780 0.266136 0.208333 1.000000
-0.296371 -0.715502 -6.748665 0.309847 0.912780 0.266136 0.187500 1.000000
-0.296371 -0.715502 -6.748665 0.309847 0.912780 -0.266136 0.187500 0.000000
-0.200444 -0.748065 -6.748665 0.309847 0.912780 -0.266136 0.208333 0.000000
-0.209395 -0.781472 -6.873665 0.309847 0.912780 -0.266136 0.208333 0.083333
-0.309606 -0.747455 -6.873665 0.309847 0.912780 -0.266136 0.187500 0.083333
-0.309606 -0.747455 -6.873665 0.223864 0.659482 -0.717613 0.187500 0.083333
-0.209395 -0.781472 -6.873665 0.223864 0.659482 -0.717613 0.208333 0.083333
-0.233851 -0.872742 -6.965171 0.223864 0.659482 -0.717613 0.208333 0.166667
-0.345766 -0.834752 -6.965171 0.223864 0.659482 -0.717613 0.187500 0.166667
-0.345766 -0.834752 -6.965171 0.080897 0.238315 -0.967813 0.187500 0.166667
-0.233851 -0.872742 -6.965171 0.080897 0.238315 -0.967813 0.208333 0.166667
-0.267258 -0.997420 -6.998664 0.080897 0.238315 -0.967813 0.208333 0.250000
-0.395161 -0.954003 -6.998664 0.080897 0.238315 -0.967813 0.187500 0.250000
-0.395161 -0.954003 -6.998664 -0.080897 -0.238314 -0.967813 0.187500 0.250000
-0.267258 -0.997420 -6.998664 -0.080897 -0.238314 -0.967813 0.208333 0.250000
-0.300665 -1.122097 -6.965171 -0.080897 -0.238314 -0.967813 0.208333 0.333333
-0.444556 -1.073253 -6.965171 -0.080897 -0.238314 -0.967813 0.187500 0.333333
-0.444556 -1.073253 -6.965171 -0.223864 -0.659482 -0.717613 0.187500 0.333333
-0.300665 -1.122097 -6.965171 -0.223864 -0.659482 -0.717613 0.208333 0.333333
-0.325121 -1.213367 -6.873665 -0.223864 -0.659482 -0.717613 0.208333 0.416667
-0.480716 -1.160550 -6.873665 -0.223864 -0.659482 -0.717613 0.187500 0.416667
-0.480716 -1.160550 -6.873665 -0.309847 -0.912779 -0.266137 0.187500 0.416667
-0.325121 -1.213367 -6.873665 -0.309847 -0.912779 -0.266137 0.208333 0.416667
-0.334073 -1.246775 -6.748665 -0.309847 -0.912779 -0.266137 0.208333 0.500000
-0.493951 -1.192503 -6.748665 -0.309847 -0.912779 -0.266137 0.187500 0.500000
-0.334073 -1.246775 -6.748665 -0.188055 -0.945413 0.266136 0.208333 0.500000
-0.168478 -1.279714 -6.748665 -0.188055 -0.945413 0.266136 0.229167 0.500000
-0.163964 -1.245424 -6.623665 -0.188055 -0.945413 0.266136 0.229167 0.583333
-0.325121 -1.213367 -6.623665 -0.188055 -0.945413 0.266136 0.208333 0.583333
-0.325121 -1.213367 -6.623665 -0.135870 -0.683060 0.717613 0.208333 0.583333
-0.163964 -1.245424 -6.623665 -0.135870 -0.683060 0.717613 0.229167 0.583333
-0.151630 -1.151742 -6.532159 -0.135870 -0.683060 0.717613 0.229167 0.666667
-0.300665 -1.122097 -6.532159 -0.135870 -0.683060 0.717613 0.208333 0.666667
-0.300665 -1.122097 -6.532159 -0.049100 -0.246842 0.967811 0.208333 0.666667
-0.151630 -1.151742 -6.532159 -0.049100 -0.246842 0.967811 0.229167 0.666667
-0.134783 -1.023771 -6.498665 -0.049100 -0.246842 0.967811 0.229167 0.750000
-0.267258 -0.997420 -6.498665 -0.049100 -0.246842 0.967811 0.208333 0.750000
-0.267258 -0.997420 -6.498665 0.049100 0.246841 0.967811 0.208333 0.750000
-0.134783 -1.023771 -6.498665 0.049100 0.246841 0.967811 0.229167 0.750000
-0.117935 -0.895800 -6.532159 0.049100 0.246841 0.967811 0.229167 0.833333
-0.233851 -0.872742 -6.532159 0.049100 0.246841 0.967811 0.208333 0.833333
-0.233851 -0.872742 -6.532159 0.135870 0.683060 0.717613 0.208333 0.833333
-0.117935 -0.895800 -6.532159 0.135870 0.683060 0.717613 0.229167 0.833333
-0.105601 -0.802118 -6.623665 0.135870 0.683060 0.717613 0.229167 0.916667
-0.209395 -0.781472 -6.623665 0.135870 0.683060 0.717613 0.208333 0.916667
-0.209395 -0.781472 -6.623665 0.188055 0.945414 0.266136 0.208333 0.916667
-0.105601 -0.802118 -6.623665 0.188055 0.945414 0.266136 0.229167 0.916667
-0.101087 -0.767828 -6.748665 0.188055 0.945414 0.266136 0.229167 1.000000
-0.200444 -0.748065 -6.748665 0.188055 0.945414 0.266136 0.208333 1.000000
-0.200444 -0.748065 -6.748665 0.188055 0.945414 -0.266136 0.208333 0.000000
-0.101087 -0.767828 -6.748665 0.188055 0.945414 -0.266136 0.229167 0.000000
-0.105601 -0.802118 -6.873665 0.188055 0.945414 -0.266136 0.229167 0.083333
-0.209395 -0.781472 -6.873665 0.188055 0.945414 -0.266136 0.208333 0.083333
-0.209395 -0.781472 -6.873665 0.135870 0.683060 -0.717613 0.208333 0.083333
-0.105601 -0.802118 -6.873665 0.135870 0.683060 -0.717613 0.229167 0.083333
-0.117935 -0.895800 -6.965171 0.135870 0.683060 -0.717613 0.229167 0.166667
-0.233851 -0.872742 -6.965171 0.135870 0.683060 -0.717613 0.208333 0.166667
-0.233851 -0.872742 -6.965171 0.049099 0.246835 -0.967813 0.208333 0.166667
-0.117935 -0.895800 -6.965171 0.049099 0.246835 -0.967813 0.229167 0.166667
-0.134783 -1.023771 -6.998664 0.049099 0.246835 -0.967813 0.229167 0.250000
-0.267258 -0.997420 -6.998664 0.049099 0.246835 -0.967813 0.208333 0.250000
-0.267258 -0.997420 -6.998664 -0.049099 -0.246835 -0.967813 0.208333 0.250000
-0.134783 -1.023771 -6.998664 -0.049099 -0.246835 -0.967813 0.229167 0.250000
-0.151630 -1.151742 -6.965171 -0.049099 -0.246835 -0.967813 0.229167 0.333333
-0.300665 -1.122097 -6.965171 -0.049099 -0.246835 -0.967813 0.208333 0.333333
-0.300665 -1.122097 -6.965171 -0.135870 -0.683060 -0.717613 0.208333 0.333333
-0.151630 -1.151742 -6.965171 -0.135870 -0.683060 -0.717613 0.229167 0.333333
-0.163964 -1.245424 -6.873665 -0.135870 -0.683060 -0.717613 0.229167 0.416667
-0.325121 -1.213367 -6.873665 -0.135870 -0.683060 -0.717613 0.208333 0.416667
-0.325121 -1.213367 -6.873665 -0.188055 -0.945413 -0.266136 0.208333 0.416667
-0.163964 -1.245424 -6.873665 -0.188055 -0.945413 -0.266136 0.229167 0.416667
-0.168478 -1.279714 -6.748665 -0.188055 -0.945413 -0.266136 0.229167 0.500000
-0.334073 -1.246775 -6.748665 -0.188055 -0.945413 -0.266136 0.208333 0.500000
-0.168478 -1.279714 -6.748665 -0.063045 -0.961872 0.266136 0.229167 0.500000
0.000000 -1.290756 -6.748665 -0.063045 -0.961872 0.266136 0.250000 0.500000
0.000000 -1.256171 -6.623665 -0.063045 -0.961872 0.266136 0.250000 0.583333
-0.163964 -1.245424 -6.623665 -0.063045 -0.961872 0.266136 0.229167 0.583333
-0.163964 -1.245424 -6.623665 -0.045550 -0.694951 0.717613 0.229167 0.583333
0.000000 -1.256171 -6.623665 -0.045550 -0.694951 0.717613 0.250000 0.583333
0.000000 -1.161681 -6.532159 -0.045550 -0.694951 0.717613 0.250000 0.666667
-0.151630 -1.151742 -6.532159 -0.045550 -0.694951 0.717613 0.229167 0.666667
-0.151630 -1.151742 -6.532159 -0.016461 -0.251139 0.967811 0.229167 0.666667
0.000000 -1.161681 -6.532159 -0.016461 -0.251139 0.967811 0.250000 0.666667
0.000000 -1.032605 -6.498665 -0.016461 -0.251139 0.967811 0.250000 0.750000
-0.134783 -1.023771 -6.498665 -0.016461 -0.251139 0.967811 0.229167 0.750000
-0.134783 -1.023771 -6.498665 0.016461 0.251138 0.967811 0.229167 0.750000
0.000000 -1.032605 -6.498665 0.016461 0.251138 0.967811 0.250000 0.750000
0.000000 -0.903529 -6.532159 0.016461 0.251138 0.967811 0.250000 0.833333
-0.117935 -0.895800 -6.532159 0.016461 0.251138 0.967811 0.229167 0.833333
-0.117935 -0.895800 -6.532159 0.045550 0.694951 0.717613 0.229167 0.833333
0.000000 -0.903529 -6.532159 0.045550 0.694951 0.717613 0.250000 0.833333
0.000000 -0.809039 -6.623665 0.045550 0.694951 0.717613 0.250000 0.916667
-0.105601 -0.802118 -6.623665 0.045550 0.694951 0.717613 0.229167 0.916667
-0.105601 -0.802118 -6.623665 0.063045 0.961872 0.266136 0.229167 0.916667
0.000000 -0.809039 -6.623665 0.063045 0.961872 0.266136 0.250000 0.916667
0.000000 -0.774454 -6.748665 0.063045 0.961872 0.266136 0.250000 1.000000
-0.101087 -0.767828 -6.748665 0.063045 0.961872 0.266136 0.229167 1.000000
-0.101087 -0.767828 -6.748665 0.063045 0.961872 -0.266136 0.229167 0.000000
0.000000 -0.774454 -6.748665 0.063045 0.961872 -0.266136 0.250000 0.000000
0.000000 -0.809039 -6.873665 0.063045 0.961872 -0.266136 0.250000 0.083333
-0.105601 -0.802118 -6.873665 0.063045 0.961872 -0.266136 0.229167 0.083333
-0.105601 -0.802118 -6.873665 0.045550 0.694951 -0.717613 0.229167 0.083333
0.000000 -0.809039 -6.873665 0.045550 0.694951 -0.717613 0.250000 0.083333
0.000000 -0.903529 -6.965171 0.045550 0.694951 -0.717613 0.250000 0.166667
-0.117935 -0.895800 -6.965171 0.045550 0.694951 -0.717613 0.229167 0.166667
-0.117935 -0.895800 -6.965171 0.016460 0.251132 -0.967813 0.229167 0.166667
0.000000 -0.903529 -6.965171 0.016460 0.251132 -0.967813 0.250000 0.166667
0.000000 -1.032605 -6.998664 0.016460 0.251132 -0.967813 0.250000 0.250000
-0.134783 -1.023771 -6.998664 0.016460 0.251132 -0.967813 0.229167 0.250000
-0.134783 -1.023771 -6.998664 -0.016460 -0.251132 -0.967813 0.229167 0.250000
0.000000 -1.032605 -6.998664 -0.016460 -0.251132 -0.967813 0.250000 0.250000
0.000000 -1.161681 -6.965171 -0.016460 -0.251132 -0.967813 0.250000 0.333333
-0.151630 -1.151742 -6.965171 -0.016460 -0.251132 -0.967813 0.229167 0.333333
-0.151630 -1.151742 -6.965171 -0.045550 -0.694951 -0.717613 0.229167 0.333333
0.000000 -1.161681 -6.965171 -0.045550 -0.694951 -0.717613 0.250000 0.333333
0.000000 -1.256171 -6.873665 -0.045550 -0.694951 -0.717613 0.250000 0.416667
-0.163964 -1.245424 -6.873665 -0.045550 -0.694951 -0.717613 0.229167 0.416667
-0.163964 -1.245424 -6.873665 -0.063045 -0.961872 -0.266136 0.229167 0.416667
0.000000 -1.256171 -6.873665 -0.063045 -0.961872 -0.266136 0.250000 0.416667
0.000000 -1.290756 -6.748665 -0.063045 -0.961872 -0.266136 0.250000 0.500000
-0.168478 -1.279714 -6.748665 -0.063045 -0.961872 -0.266136 0.229167 0.500000
0.000000 -1.290756 -6.748665 0.063045 -0.961872 0.266136 0.250000 0.500000
0.168477 -1.279714 -6.748665 0.063045 -0.961872 0.266136 0.270833 0.500000
0.163963 -1.245424 -6.623665 0.063045 -0.961872 0.266136 0.270833 0.583333
0.000000 -1.256171 -6.623665 0.063045 -0.961872 0.266136 0.250000 0.583333
0.000000 -1.256171 -6.623665 0.045550 -0.694951 0.717613 0.250000 0.583333
0.163963 -1.245424 -6.623665 0.045550 -0.694951 0.717613 0.270833 0.583333
0.151630 -1.151742 -6.532159 0.045550 -0.694951 0.717613 0.270833 0.666667
0.000000 -1.161681 -6.532159 0.045550 -0.694951 0.717613 0.250000 0.666667
0.000000 -1.161681 -6.532159 0.016460 -0.251139 0.967811 0.250000 0.666667
0.151630 -1.151742 -6.532159 0.016460 -0.251139 0.967811 0.270833 0.666667
0.134782 -1.023771 -6.498665 0.016460 -0.251139 0.967811 0.270833 0.750000
0.000000 -1.032605 -6.498665 0.016460 -0.251139 0.967811 0.250000 0.750000
0.000000 -1.032605 -6.498665 -0.016460 0.251138 0.967811 0.250000 0.750000
0.134782 -1.023771 -6.498665 -0.016460 0.251138 0.967811 0.270833 0.750000
0.117934 -0.895800 -6.532159 -0.016460 0.251138 0.967811 0.270833 0.833333
0.000000 -0.903529 -6.532159 -0.016460 0.251138 0.967811 0.250000 0.833333
0.000000 -0.903529 -6.532159 -0.045550 0.694951 0.717613 0.250000 0.833333
0.117934 -0.895800 -6.532159 -0.045550 0.694951 0.717613 0.270833 0.833333
0.105601 -0.802118 -6.623665 -0.045550 0.694951 0.717613 0.270833 0.916667
0.000000 -0.809039 -6.623665 -0.045550 0.694951 0.717613 0.250000 0.916667
0.000000 -0.809039 -6.623665 -0.063044 0.961872 0.266136 0.250000 0.916667
0.105601 -0.802118 -6.623665 -0.063044 0.961872 0.266136 0.270833 0.916667
0.101086 -0.767828 -6.748665 -0.063044 0.961872 0.266136 0.270833 1.000000
0.000000 -0.774454 -6.748665 -0.063044 0.961872 0.266136 0.250000 1.000000
0.000000 -0.774454 -6.748665 -0.063044 0.961872 -0.266136 0.250000 0.000000
0.101086 -0.767828 -6.748665 -0.063044 0.961872 -0.266136 0.270833 0.000000
0.105601 -0.802118 -6.873665 -0.063044 0.961872 -0.266136 0.270833 0.083333
0.000000 -0.809039 -6.873665 -0.063044 0.961872 -0.266136 0.250000 0.083333
0.000000 -0.809039 -6.873665 -0.045550 0.694951 -0.717613 0.250000 0.083333
0.105601 -0.802118 -6.873665 -0.045550 0.694951 -0.717613 0.270833 0.083333
0.117934 -0.895800 -6.965171 -0.045550 0.694951 -0.717613 0.270833 0.166667
0.000000 -0.903529 -6.965171 -0.045550 0.694951 -0.717613 0.250000 0.166667
0.000000 -0.903529 -6.965171 -0.016460 0.251132 -0.967813 0.250000 0.166667
0.117934 -0.895800 -6.965171 -0.016460 0.251132 -0.967813 0.270833 0.166667
0.134782 -1.023771 -6.998664 -0.016460 0.251132 -0.967813 0.270833 0.250000
0.000000 -1.032605 -6.998664 -0.016460 0.251132 -0.967813 0.250000 0.250000
0.000000 -1.032605 -6.998664 0.016460 -0.251132 -0.967813 0.250000 0.250000
0.134782 -1.023771 -6.998664 0.016460 -0.251132 -0.967813 0.270833 0.250000
0.151630 -1.151742 -6.965171 0.016460 -0.251132 -0.967813 0.270833 0.333333
0.000000 -1.161681 -6.965171 0.016460 -0.251132 -0.967813 0.250000 0.333333
0.000000 -1.161681 -6.965171 0.045550 -0.694951 -0.717613 0.250000 0.333333
0.151630 -1.151742 -6.965171 0.045550 -0.694951 -0.717613 0.270833 0.333333
0.163963 -1.245424 -6.873665 0.045550 -0.694951 -0.717613 0.270833 0.416667
0.000000 -1.256171 -6.873665 0.045550 -0.694951 -0.717613 0.250000 0.416667
0.000000 -1.256171 -6.873665 0.063045 -0.961872 -0.266136 0.250000 0.416667
0.163963 -1.245424 -6.873665 0.063045 -0.961872 -0.266136 0.270833 0.416667
0.168477 -1.279714 -6.748665 0.063045 -0.961872 -0.266136 0.270833 0.500000
0.000000 -1.290756 -6.748665 0.063045 -0.961872 -0.266136 0.250000 0.500000
0.168477 -1.279714 -6.748665 0.188054 -0.945414 0.266136 0.270833 0.500000
0.334072 -1.246775 -6.748665 0.188054 -0.945414 0.266136 0.291667 0.500000
0.325120 -1.213368 -6.623665 0.188054 -0.945414 0.266136 0.291667 0.583333
0.163963 -1.245424 -6.623665 0.188054 -0.945414 0.266136 0.270833 0.583333
0.163963 -1.245424 -6.623665 0.135869 -0.683060 0.717613 0.270833 0.583333
0.325120 -1.213368 -6.623665 0.135869 -0.683060 0.717613 0.291667 0.583333
0.300665 -1.122097 -6.532159 0.135869 -0.683060 0.717613 0.291667 0.666667
0.151630 -1.151742 -6.532159 0.135869 -0.683060 0.717613 0.270833 0.666667
0.151630 -1.151742 -6.532159 0.049100 -0.246842 0.967811 0.270833 0.666667
0.300665 -1.122097 -6.532159 0.049100 -0.246842 0.967811 0.291667 0.666667
0.267257 -0.997420 -6.498665 0.049100 -0.246842 0.967811 0.291667 0.750000
0.134782 -1.023771 -6.498665 0.049100 -0.246842 0.967811 0.270833 0.750000
0.134782 -1.023771 -6.498665 -0.049100 0.246841 0.967811 0.270833 0.750000
0.267257 -0.997420 -6.498665 -0.049100 0.246841 0.967811 0.291667 0.750000
0.233850 -0.872742 -6.532159 -0.049100 0.246841 0.967811 0.291667 0.833333
0.117934 -0.895800 -6.532159 -0.049100 0.246841 0.967811 0.270833 0.833333
0.117934 -0.895800 -6.532159 -0.135869 0.683061 0.717613 0.270833 0.833333
0.233850 -0.872742 -6.532159 -0.135869 0.683061 0.717613 0.291667 0.833333
0.209394 -0.781472 -6.623665 -0.135869 0.683061 0.717613 0.291667 0.916667
0.105601 -0.802118 -6.623665 -0.135869 0.683061 0.717613 0.270833 0.916667
0.105601 -0.802118 -6.623665 -0.188054 0.945414 0.266136 0.270833 0.916667
0.209394 -0.781472 -6.623665 -0.188054 0.945414 0.266136 0.291667 0.916667
0.200443 -0.748065 -6.748665 -0.188054 0.945414 0.266136 0.291667 1.000000
0.101086 -0.767828 -6.748665 -0.188054 0.945414 0.266136 0.270833 1.000000
0.101086 -0.767828 -6.748665 -0.188054 0.945414 -0.266136 0.270833 0.000000
0.200443 -0.748065 -6.748665 -0.188054 0.945414 -0.266136 0.291667 0.000000
0.209394 -0.781472 -6.873665 -0.188054 0.945414 -0.266136 0.291667 0.083333
0.105601 -0.802118 -6.873665 -0.188054 0.945414 -0.266136 0.270833 0.083333
0.105601 -0.802118 -6.873665 -0.135869 0.683061 -0.717613 0.270833 0.083333
0.209394 -0.781472 -6.873665 -0.135869 0.683061 -0.717613 0.291667 0.083333
0.233850 -0.872742 -6.965171 -0.135869 0.683061 -0.717613 0.291667 0.166667
0.117934 -0.895800 -6.965171 -0.135869 0.683061 -0.717613 0.270833 0.166667
0.117934 -0.895800 -6.965171 -0.049098 0.246835 -0.967813 0.270833 0.166667
0.233850 -0.872742 -6.965171 -0.049098 0.246835 -0.967813 0.291667 0.166667
0.267257 -0.997420 -6.998664 -0.049098 0.246835 -0.967813 0.291667 0.250000
0.134782 -1.023771 -6.998664 -0.049098 0.246835 -0.967813 0.270833 0.250000
0.134782 -1.023771 -6.998664 0.049098 -0.246835 -0.967813 0.270833 0.250000
0.267257 -0.997420 -6.998664 0.049098 -0.246835 -0.967813 0.291667 0.250000
0.300665 -1.122097 -6.965171 0.049098 -0.246835 -0.967813 0.291667 0.333333
0.151630 -1.151742 -6.965171 0.049098 -0.246835 -0.967813 0.270833 0.333333
0.151630 -1.151742 -6.965171 0.135869 -0.683060 -0.717613 0.270833 0.333333
0.300665 -1.122097 -6.965171 0.135869 -0.683060 -0.717613 0.291667 0.333333
0.325120 -1.213368 -6.873665 0.135869 -0.683060 -0.717613 0.291667 0.416667
0.163963 -1.245424 -6.873665 0.135869 -0.683060 -0.717613 0.270833 0.416667
0.163963 -1.245424 -6.873665 0.188054 -0.945414 -0.266136 0.270833 0.416667
0.325120 -1.213368 -6.873665 0.188054 -0.945414 -0.266136 0.291667 0.416667
0.334072 -1.246775 -6.748665 0.188054 -0.945414 -0.266136 0.291667 0.500000
0.168477 -1.279714 -6.748665 0.188054 -0.945414 -0.266136 0.270833 0.500000
0.334072 -1.246775 -6.748665 0.309847 -0.912779 0.266137 0.291667 0.500000
0.493951 -1.192503 -6.748665 0.309847 -0.912779 0.266137 0.312500 0.500000
0.480716 -1.160550 -6.623665 0.309847 -0.912779 0.266137 0.312500 0.583333
0.325120 -1.213368 -6.623665 0.309847 -0.912779 0.266137 0.291667 0.583333
0.325120 -1.213368 -6.623665 0.223864 -0.659482 0.717612 0.291667 0.583333
0.480716 -1.160550 -6.623665 0.223864 -0.659482 0.717612 0.312500 0.583333
0.444556 -1.073253 -6.532159 0.223864 -0.659482 0.717612 0.312500 0.666667
0.300665 -1.122097 -6.532159 0.223864 -0.659482 0.717612 0.291667 0.666667
0.300665 -1.122097 -6.532159 0.080899 -0.238321 0.967811 0.291667 0.666667
0.444556 -1.073253 -6.532159 0.080899 -0.238321 0.967811 0.312500 0.666667
0.395161 -0.954003 -6.498665 0.080899 -0.238321 0.967811 0.312500 0.750000
0.267257 -0.997420 -6.498665 0.080899 -0.238321 0.967811 0.291667 0.750000
0.267257 -0.997420 -6.498665 -0.080899 0.238321 0.967811 0.291667 0.750000
0.395161 -0.954003 -6.498665 -0.080899 0.238321 0.967811 0.312500 0.750000
0.345766 -0.834752 -6.532159 -0.080899 0.238321 0.967811 0.312500 0.833333
0.233850 -0.872742 -6.532159 -0.080899 0.238321 0.967811 0.291667 0.833333
0.233850 -0.872742 -6.532159 -0.223864 0.659482 0.717613 0.291667 0.833333
0.345766 -0.834752 -6.532159 -0.223864 0.659482 0.717613 0.312500 0.833333
0.309606 -0.747455 -6.623665 -0.223864 0.659482 0.717613 0.312500 0.916667
0.209394 -0.781472 -6.623665 -0.223864 0.659482 0.717613 0.291667 0.916667
0.209394 -0.781472 -6.623665 -0.309847 0.912780 0.266136 0.291667 0.916667
0.309606 -0.747455 -6.623665 -0.309847 0.912780 0.266136 0.312500 0.916667
0.296371 -0.715502 -6.748665 -0.309847 0.912780 0.266136 0.312500 1.000000
0.200443 -0.748065 -6.748665 -0.309847 0.912780 0.266136 0.291667 1.000000
0.200443 -0.748065 -6.748665 -0.309847 0.912780 -0.266136 0.291667 0.000000
0.296371 -0.715502 -6.748665 -0.309847 0.912780 -0.266136 0.312500 0.000000
0.309606 -0.747455 -6.873665 -0.309847 0.912780 -0.266136 0.312500 0.083333
0.209394 -0.781472 -6.873665 -0.309847 0.912780 -0.266136 0.291667 0.083333
0.209394 -0.781472 -6.873665 -0.223864 0.659482 -0.717613 0.291667 0.083333
0.309606 -0.747455 -6.873665 -0.223864 0.659482 -0.717613 0.312500 0.083333
0.345766 -0.834752 -6.965171 -0.223864 0.659482 -0.717613 0.312500 0.166667
0.233850 -0.872742 -6.965171 -0.223864 0.659482 -0.717613 0.291667 0.166667
0.233850 -0.872742 -6.965171 -0.080897 0.238315 -0.967813 0.291667 0.166667
0.345766 -0.834752 -6.965171 -0.080897 0.238315 -0.967813 0.312500 0.166667
0.395161 -0.954003 -6.998664 -0.080897 0.238315 -0.967813 0.312500 0.250000
0.267257 -0.997420 -6.998664 -0.080897 0.238315 -0.967813 0.291667 0.250000
0.267257 -0.997420 -6.998664 0.080897 -0.238315 -0.967813 0.291667 0.250000
0.395161 -0.954003 -6.998664 0.080897 -0.238315 -0.967813 0.312500 0.250000
0.444556 -1.073253 -6.965171 0.080897 -0.238315 -0.967813 0.312500 0.333333
0.300665 -1.122097 -6.965171 0.080897 -0.238315 -0.967813 0.291667 0.333333
0.300665 -1.122097 -6.965171 0.223864 -0.659482 -0.717612 0.291667 0.333333
0.444556 -1.073253 -6.965171 0.223864 -0.659482 -0.717612 0.312500 0.333333
0.480716 -1.160550 -6.873665 0.223864 -0.659482 -0.717612 0.312500 0.416667
0.325120 -1.213368 -6.873665 0.223864 -0.659482 -0.717612 0.291667 0.416667
0.325120 -1.213368 -6.873665 0.309847 -0.912779 -0.266137 0.291667 0.416667
0.480716 -1.160550 -6.873665 0.309847 -0.912779 -0.266137 0.312500 0.416667
0.493951 -1.192503 -6.748665 0.309847 -0.912779 -0.266137 0.312500 0.500000
0.334072 -1.246775 -6.748665 0.309847 -0.912779 -0.266137 0.291667 0.500000
0.493951 -1.192503 -6.748665 0.426338 -0.864527 0.266136 0.312500 0.500000
0.645378 -1.117828 -6.748665 0.426338 -0.864527 0.266136 0.333333 0.500000
0.628085 -1.087876 -6.623665 0.426338 -0.864527 0.266136 0.333333 0.583333
0.480716 -1.160550 -6.623665 0.426338 -0.864527 0.266136 0.312500 0.583333
0.480716 -1.160550 -6.623665 0.308028 -0.624620 0.717613 0.312500 0.583333
0.628085 -1.087876 -6.623665 0.308028 -0.624620 0.717613 0.333333 0.583333
0.580840 -1.006045 -6.532159 0.308028 -0.624620 0.717613 0.333333 0.666667
0.444556 -1.073253 -6.532159 0.308028 -0.624620 0.717613 0.312500 0.666667
0.444556 -1.073253 -6.532159 0.111314 -0.225723 0.967811 0.312500 0.666667
0.580840 -1.006045 -6.532159 0.111314 -0.225723 0.967811 0.333333 0.666667
0.516302 -0.894262 -6.498665 0.111314 -0.225723 0.967811 0.333333 0.750000
0.395161 -0.954003 -6.498665 0.111314 -0.225723 0.967811 0.312500 0.750000
0.395161 -0.954003 -6.498665 -0.111314 0.225723 0.967811 0.312500 0.750000
0.516302 -0.894262 -6.498665 -0.111314 0.225723 0.967811 0.333333 0.750000
0.451765 -0.782479 -6.532159 -0.111314 0.225723 0.967811 0.333333 0.833333
0.345766 -0.834752 -6.532159 -0.111314 0.225723 0.967811 0.312500 0.833333
0.345766 -0.834752 -6.532159 -0.308029 0.624620 0.717613 0.312500 0.833333
0.451765 -0.782479 -6.532159 -0.308029 0.624620 0.717613 0.333333 0.833333
0.404520 -0.700649 -6.623665 -0.308029 0.624620 0.717613 0.333333 0.916667
0.309606 -0.747455 -6.623665 -0.308029 0.624620 0.717613 0.312500 0.916667
0.309606 -0.747455 -6.623665 -0.426338 0.864527 0.266136 0.312500 0.916667
0.404520 -0.700649 -6.623665 -0.426338 0.864527 0.266136 0.333333 0.916667
0.387227 -0.670697 -6.748665 -0.426338 0.864527 0.266136 0.333333 1.000000
0.296371 -0.715502 -6.748665 -0.426338 0.864527 0.266136 0.312500 1.000000
0.296371 -0.715502 -6.748665 -0.426338 0.864527 -0.266136 0.312500 0.000000
0.387227 -0.670697 -6.748665 -0.426338 0.864527 -0.266136 0.333333 0.000000
0.404520 -0.700649 -6.873665 -0.426338 0.864527 -0.266136 0.333333 0.083333
0.309606 -0.747455 -6.873665 -0.426338 0.864527 -0.266136 0.312500 0.083333
0.309606 -0.747455 -6.873665 -0.308029 0.624620 -0.717613 0.312500 0.083333
0.404520 -0.700649 -6.873665 -0.308029 0.624620 -0.717613 0.333333 0.083333
0.451765 -0.782479 -6.965171 -0.308029 0.624620 -0.717613 0.333333 0.166667
0.345766 -0.834752 -6.965171 -0.308029 0.624620 -0.717613 0.312500 0.166667
0.345766 -0.834752 -6.965171 -0.111311 0.225717 -0.967813 0.312500 0.166667
0.451765 -0.782479 -6.965171 -0.111311 0.225717 -0.967813 0.333333 0.166667
0.516302 -0.894262 -6.998664 -0.111311 0.225717 -0.967813 0.333333 0.250000
0.395161 -0.954003 -6.998664 -0.111311 0.225717 -0.967813 0.312500 0.250000
0.395161 -0.954003 -6.998664 0.111311 -0.225717 -0.967813 0.312500 0.250000
0.516302 -0.894262 -6.998664 0.111311 -0.225717 -0.967813 0.333333 0.250000
0.580840 -1.006045 -6.965171 0.111311 -0.225717 -0.967813 0.333333 0.333333
0.444556 -1.073253 -6.965171 0.111311 -0.225717 -0.967813 0.312500 0.333333
0.444556 -1.073253 -6.965171 0.308028 -0.624620 -0.717613 0.312500 0.333333
0.580840 -1.006045 -6.965171 0.308028 -0.624620 -0.717613 0.333333 0.333333
0.628085 -1.087876 -6.873665 0.308028 -0.624620 -0.717613 0.333333 0.416667
0.480716 -1.160550 -6.873665 0.308028 -0.624620 -0.717613 0.312500 0.416667
0.480716 -1.160550 -6.873665 0.426338 -0.864527 -0.266136 0.312500 0.416667
0.628085 -1.087876 -6.873665 0.426338 -0.864527 -0.266136 0.333333 0.416667
0.645378 -1.117828 -6.748665 0.426338 -0.864527 -0.266136 0.333333 0.500000
0.493951 -1.192503 -6.748665 0.426338 -0.864527 -0.266136 0.312500 0.500000
0.645378 -1.117828 -6.748665 0.535533 -0.801483 0.266136 0.333333 0.500000
0.785762 -1.024026 -6.748665 0.535533 -0.801483 0.266136 0.354167 0.500000
0.764708 -0.996587 -6.623665 0.535533 -0.801483 0.266136 0.354167 0.583333
0.628085 -1.087876 -6.623665 0.535533 -0.801483 0.266136 0.333333 0.583333
0.628085 -1.087876 -6.623665 0.386923 -0.579071 0.717613 0.333333 0.583333
0.764708 -0.996587 -6.623665 0.386923 -0.579071 0.717613 0.354167 0.583333
0.707186 -0.921623 -6.532159 0.386923 -0.579071 0.717613 0.354167 0.666667
0.580840 -1.006045 -6.532159 0.386923 -0.579071 0.717613 0.333333 0.666667
0.580840 -1.006045 -6.532159 0.139824 -0.209262 0.967811 0.333333 0.666667
0.707186 -0.921623 -6.532159 0.139824 -0.209262 0.967811 0.354167 0.666667
0.628610 -0.819221 -6.498665 0.139824 -0.209262 0.967811 0.354167 0.750000
0.516302 -0.894262 -6.498665 0.139824 -0.209262 0.967811 0.333333 0.750000
0.516302 -0.894262 -6.498665 -0.139824 0.209262 0.967811 0.333333 0.750000
0.628610 -0.819221 -6.498665 -0.139824 0.209262 0.967811 0.354167 0.750000
0.550034 -0.716818 -6.532159 -0.139824 0.209262 0.967811 0.354167 0.833333
0.451765 -0.782479 -6.532159 -0.139824 0.209262 0.967811 0.333333 0.833333
0.451765 -0.782479 -6.532159 -0.386923 0.579070 0.717613 0.333333 0.833333
0.550034 -0.716818 -6.532159 -0.386923 0.579070 0.717613 0.354167 0.833333
0.492512 -0.641854 -6.623665 -0.386923 0.579070 0.717613 0.354167 0.916667
0.404520 -0.700649 -6.623665 -0.386923 0.579070 0.717613 0.333333 0.916667
0.404520 -0.700649 -6.623665 -0.535534 0.801483 0.266136 0.333333 0.916667
0.492512 -0.641854 -6.623665 -0.535534 0.801483 0.266136 0.354167 0.916667
0.471457 -0.614416 -6.748665 -0.535534 0.801483 0.266136 0.354167 1.000000
0.387227 -0.670697 -6.748665 -0.535534 0.801483 0.266136 0.333333 1.000000
0.387227 -0.670697 -6.748665 -0.535534 0.801483 -0.266136 0.333333 0.000000
0.471457 -0.614416 -6.748665 -0.535534 0.801483 -0.266136 0.354167 0.000000
0.492512 -0.641854 -6.873665 -0.535534 0.801483 -0.266136 0.354167 0.083333
0.404520 -0.700649 -6.873665 -0.535534 0.801483 -0.266136 0.333333 0.083333
0.404520 -0.700649 -6.873665 -0.386923 0.579070 -0.717613 0.333333 0.083333
0.492512 -0.641854 -6.873665 -0.386923 0.579070 -0.717613 0.354167 0.083333
0.550034 -0.716818 -6.965171 -0.386923 0.579070 -0.717613 0.354167 0.166667
0.451765 -0.782479 -6.965171 -0.386923 0.579070 -0.717613 0.333333 0.166667
0.451765 -0.782479 -6.965171 -0.139821 0.209256 -0.967813 0.333333 0.166667
0.550034 -0.716818 -6.965171 -0.139821 0.209256 -0.967813 0.354167 0.166667
0.628610 -0.819221 -6.998664 -0.139821 0.209256 -0.967813 0.354167 0.250000
0.516302 -0.894262 -6.998664 -0.139821 0.209256 -0.967813 0.333333 0.250000
0.516302 -0.894262 -6.998664 0.139821 -0.209256 -0.967813 0.333333 0.250000
0.628610 -0.819221 -6.998664 0.139821 -0.209256 -0.967813 0.354167 0.250000
0.707186 -0.921623 -6.965171 0.139821 -0.209256 -0.967813 0.354167 0.333333
0.580840 -1.006045 -6.965171 0.139821 -0.209256 -0.967813 0.333333 0.333333
0.580840 -1.006045 -6.965171 0.386923 -0.579071 -0.717613 0.333333 0.333333
0.707186 -0.921623 -6.965171 0.386923 -0.579071 -0.717613 0.354167 0.333333
0.764708 -0.996587 -6.873665 0.386923 -0.579071 -0.717613 0.354167 0.416667
0.628085 -1.087876 -6.873665 0.386923 -0.579071 -0.717613 0.333333 0.416667
0.628085 -1.087876 -6.873665 0.535533 -0.801483 -0.266136 0.333333 0.416667
0.764708 -0.996587 -6.873665 0.535533 -0.801483 -0.266136 0.354167 0.416667
0.785762 -1.024026 -6.748665 0.535533 -0.801483 -0.266136 0.354167 0.500000
0.645378 -1.117828 -6.748665 0.535533 -0.801483 -0.266136 0.333333 0.500000
0.785762 -1.024026 -6.748665 0.635567 -0.724725 0.266136 0.354167 0.500000
0.912702 -0.912703 -6.748665 0.635567 -0.724725 0.266136 0.375000 0.500000
0.888246 -0.888247 -6.623665 0.635567 -0.724725 0.266136 0.375000 0.583333
0.764708 -0.996587 -6.623665 0.635567 -0.724725 0.266136 0.354167 0.583333
0.764708 -0.996587 -6.623665 0.459196 -0.523613 0.717613 0.354167 0.583333
0.888246 -0.888247 -6.623665 0.459196 -0.523613 0.717613 0.375000 0.583333
0.821432 -0.821433 -6.532159 0.459196 -0.523613 0.717613 0.375000 0.666667
0.707186 -0.921623 -6.532159 0.459196 -0.523613 0.717613 0.354167 0.666667
0.707186 -0.921623 -6.532159 0.165942 -0.189221 0.967811 0.354167 0.666667
0.821432 -0.821433 -6.532159 0.165942 -0.189221 0.967811 0.375000 0.666667
0.730162 -0.730162 -6.498665 0.165942 -0.189221 0.967811 0.375000 0.750000
0.628610 -0.819221 -6.498665 0.165942 -0.189221 0.967811 0.354167 0.750000
0.628610 -0.819221 -6.498665 -0.165942 0.189221 0.967811 0.354167 0.750000
0.730162 -0.730162 -6.498665 -0.165942 0.189221 0.967811 0.375000 0.750000
0.638891 -0.638892 -6.532159 -0.165942 0.189221 0.967811 0.375000 0.833333
0.550034 -0.716818 -6.532159 -0.165942 0.189221 0.967811 0.354167 0.833333
0.550034 -0.716818 -6.532159 -0.459196 0.523613 0.717613 0.354167 0.833333
0.638891 -0.638892 -6.532159 -0.459196 0.523613 0.717613 0.375000 0.833333
0.572077 -0.572078 -6.623665 -0.459196 0.523613 0.717613 0.375000 0.916667
0.492512 -0.641854 -6.623665 -0.459196 0.523613 0.717613 0.354167 0.916667
0.492512 -0.641854 -6.623665 -0.635566 0.724726 0.266136 0.354167 0.916667
0.572077 -0.572078 -6.623665 -0.635566 0.724726 0.266136 0.375000 0.916667
0.547621 -0.547622 -6.748665 -0.635566 0.724726 0.266136 0.375000 1.000000
0.471457 -0.614416 -6.748665 -0.635566 0.724726 0.266136 0.354167 1.000000
0.471457 -0.614416 -6.748665 -0.635566 0.724726 -0.266136 0.354167 0.000000
0.547621 -0.547622 -6.748665 -0.635566 0.724726 -0.266136 0.375000 0.000000
0.572077 -0.572078 -6.873665 -0.635566 0.724726 -0.266136 0.375000 0.083333
0.492512 -0.641854 -6.873665 -0.635566 0.724726 -0.266136 0.354167 0.083333
0.492512 -0.641854 -6.873665 -0.459196 0.523613 -0.717613 0.354167 0.083333
0.572077 -0.572078 -6.873665 -0.459196 0.523613 -0.717613 0.375000 0.083333
0.638891 -0.638892 -6.965171 -0.459196 0.523613 -0.717613 0.375000 0.166667
0.550034 -0.716818 -6.965171 -0.459196 0.523613 -0.717613 0.354167 0.166667
0.550034 -0.716818 -6.965171 -0.165938 0.189216 -0.967813 0.354167 0.166667
0.638891 -0.638892 -6.965171 -0.165938 0.189216 -0.967813 0.375000 0.166667
0.730162 -0.730162 -6.998664 -0.165938 0.189216 -0.967813 0.375000 0.250000
0.628610 -0.819221 -6.998664 -0.165938 0.189216 -0.967813 0.354167 0.250000
0.628610 -0.819221 -6.998664 0.165938 -0.189216 -0.967813 0.354167 0.250000
0.730162 -0.730162 -6.998664 0.165938 -0.189216 -0.967813 0.375000 0.250000
0.821432 -0.821433 -6.965171 0.165938 -0.189216 -0.967813 0.375000 0.333333
0.707186 -0.921623 -6.965171 0.165938 -0.189216 -0.967813 0.354167 0.333333
0.707186 -0.921623 -6.965171 0.459196 -0.523613 -0.717613 0.354167 0.333333
0.821432 -0.821433 -6.965171 0.459196 -0.523613 -0.717613 0.375000 0.333333
0.888246 -0.888247 -6.873665 0.459196 -0.523613 -0.717613 0.375000 0.416667
0.764708 -0.996587 -6.873665 0.459196 -0.523613 -0.717613 0.354167 0.416667
0.764708 -0.996587 -6.873665 0.635567 -0.724725 -0.266136 0.354167 0.416667
0.888246 -0.888247 -6.873665 0.635567 -0.724725 -0.266136 0.375000 0.416667
0.912702 -0.912703 -6.748665 0.635567 -0.724725 -0.266136 0.375000 0.500000
0.785762 -1.024026 -6.748665 0.635567 -0.724725 -0.266136 0.354167 0.500000
0.912702 -0.912703 -6.748665 0.724725 -0.635567 0.266136 0.375000 0.500000
1.024026 -0.785762 -6.748665 0.724725 -0.635567 0.266136 0.395833 0.500000
0.996587 -0.764708 -6.623665 0.724725 -0.635567 0.266136 0.395833 0.583333
0.888246 -0.888247 -6.623665 0.724725 -0.635567 0.266136 0.375000 0.583333
0.888246 -0.888247 -6.623665 0.523613 -0.459196 0.717613 0.375000 0.583333
0.996587 -0.764708 -6.623665 0.523613 -0.459196 0.717613 0.395833 0.583333
0.921623 -0.707186 -6.532159 0.523613 -0.459196 0.717613 0.395833 0.666667
0.821432 -0.821433 -6.532159 0.523613 -0.459196 0.717613 0.375000 0.666667
0.821432 -0.821433 -6.532159 0.189221 -0.165942 0.967811 0.375000 0.666667
0.921623 -0.707186 -6.532159 0.189221 -0.165942 0.967811 0.395833 0.666667
0.819221 -0.628610 -6.498665 0.189221 -0.165942 0.967811 0.395833 0.750000
0.730162 -0.730162 -6.498665 0.189221 -0.165942 0.967811 0.375000 0.750000
0.730162 -0.730162 -6.498665 -0.189221 0.165942 0.967811 0.375000 0.750000
0.819221 -0.628610 -6.498665 -0.189221 0.165942 0.967811 0.395833 0.750000
0.716818 -0.550034 -6.532159 -0.189221 0.165942 0.967811 0.395833 0.833333
0.638891 -0.638892 -6.532159 -0.189221 0.165942 0.967811 0.375000 0.833333
0.638891 -0.638892 -6.532159 -0.523613 0.459196 0.717613 0.375000 0.833333
0.716818 -0.550034 -6.532159 -0.523613 0.459196 0.717613 0.395833 0.833333
0.641854 -0.492512 -6.623665 -0.523613 0.459196 0.717613 0.395833 0.916667
0.572077 -0.572078 -6.623665 -0.523613 0.459196 0.717613 0.375000 0.916667
0.572077 -0.572078 -6.623665 -0.724725 0.635567 0.266136 0.375000 0.916667
0.641854 -0.492512 -6.623665 -0.724725 0.635567 0.266136 0.395833 0.916667
0.614416 -0.471458 -6.748665 -0.724725 0.635567 0.266136 0.395833 1.000000
0.547621 -0.547622 -6.748665 -0.724725 0.635567 0.266136 0.375000 1.000000
0.547621 -0.547622 -6.748665 -0.724725 0.635567 -0.266136 0.375000 0.000000
0.614416 -0.471458 -6.748665 -0.724725 0.635567 -0.266136 0.395833 0.000000
0.641854 -0.492512 -6.873665 -0.724725 0.635567 -0.266136 0.395833 0.083333
0.572077 -0.572078 -6.873665 -0.724725 0.635567 -0.266136 0.375000 0.083333
0.572077 -0.572078 -6.873665 -0.523613 0.459196 -0.717613 0.375000 0.083333
0.641854 -0.492512 -6.873665 -0.523613 0.459196 -0.717613 0.395833 0.083333
0.716818 -0.550034 -6.965171 -0.523613 0.459196 -0.717613 0.395833 0.166667
0.638891 -0.638892 -6.965171 -0.523613 0.459196 -0.717613 0.375000 0.166667
0.638891 -0.638892 -6.965171 -0.189216 0.165938 -0.967813 0.375000 0.166667
0.716818 -0.550034 -6.965171 -0.189216 0.165938 -0.967813 0.395833 0.166667
0.819221 -0.628610 -6.998664 -0.189216 0.165938 -0.967813 0.395833 0.250000
0.730162 -0.730162 -6.998664 -0.189216 0.165938 -0.967813 0.375000 0.250000
0.730162 -0.730162 -6.998664 0.189216 -0.165938 -0.967813 0.375000 0.250000
0.819221 -0.628610 -6.998664 0.189216 -0.165938 -0.967813 0.395833 0.250000
0.921623 -0.707186 -6.965171 0.189216 -0.165938 -0.967813 0.395833 0.333333
0.821432 -0.821433 -6.965171 0.189216 -0.165938 -0.967813 0.375000 0.333333
0.821432 -0.821433 -6.965171 0.523613 -0.459196 -0.717613 0.375000 0.333333
0.921623 -0.707186 -6.965171 0.523613 -0.459196 -0.717613 0.395833 0.333333
0.996587 -0.764708 -6.873665 0.523613 -0.459196 -0.717613 0.395833 0.416667
0.888246 -0.888247 -6.873665 0.523613 -0.459196 -0.717613 0.375000 0.416667
0.888246 -0.888247 -6.873665 0.724725 -0.635567 -0.266136 0.375000 0.416667
0.996587 -0.764708 -6.873665 0.724725 -0.635567 -0.266136 0.395833 0.416667
1.024026 -0.785762 -6.748665 0.724725 -0.635567 -0.266136 0.395833 0.500000
0.912702 -0.912703 -6.748665 0.724725 -0.635567 -0.266136 0.375000 0.500000
1.024026 -0.785762 -6.748665 0.801483 -0.535534 0.266136 0.395833 0.500000
1.117828 -0.645378 -6.748665 0.801483 -0.535534 0.266136 0.416667 0.500000
1.087876 -0.628085 -6.623665 0.801483 -0.535534 0.266136 0.416667 0.583333
0.996587 -0.764708 -6.623665 0.801483 -0.535534 0.266136 0.395833 0.583333
0.996587 -0.764708 -6.623665 0.579071 -0.386923 0.717613 0.395833 0.583333
1.087876 -0.628085 -6.623665 0.579071 -0.386923 0.717613 0.416667 0.583333
1.006045 -0.580840 -6.532159 0.579071 -0.386923 0.717613 0.416667 0.666667
0.921623 -0.707186 -6.532159 0.579071 -0.386923 0.717613 0.395833 0.666667
0.921623 -0.707186 -6.532159 0.209262 -0.139824 0.967811 0.395833 0.666667
1.006045 -0.580840 -6.532159 0.209262 -0.139824 0.967811 0.416667 0.666667
0.894262 -0.516303 -6.498665 0.209262 -0.139824 0.967811 0.416667 0.750000
0.819221 -0.628610 -6.498665 0.209262 -0.139824 0.967811 0.395833 0.750000
0.819221 -0.628610 -6.498665 -0.209262 0.139824 0.967811 0.395833 0.750000
0.894262 -0.516303 -6.498665 -0.209262 0.139824 0.967811 0.416667 0.750000
0.782479 -0.451765 -6.532159 -0.209262 0.139824 0.967811 0.416667 0.833333
0.716818 -0.550034 -6.532159 -0.209262 0.139824 0.967811 0.395833 0.833333
0.716818 -0.550034 -6.532159 -0.579071 0.386922 0.717613 0.395833 0.833333
0.782479 -0.451765 -6.532159 -0.579071 0.386922 0.717613 0.416667 0.833333
0.700649 -0.404520 -6.623665 -0.579071 0.386922 0.717613 0.416667 0.916667
0.641854 -0.492512 -6.623665 -0.579071 0.386922 0.717613 0.395833 0.916667
0.641854 -0.492512 -6.623665 -0.801483 0.535534 0.266136 0.395833 0.916667
0.700649 -0.404520 -6.623665 -0.801483 0.535534 0.266136 0.416667 0.916667
0.670697 -0.387227 -6.748665 -0.801483 0.535534 0.266136 0.416667 1.000000
0.614416 -0.471458 -6.748665 -0.801483 0.535534 0.266136 0.395833 1.000000
0.614416 -0.471458 -6.748665 -0.801483 0.535534 -0.266136 0.395833 0.000000
0.670697 -0.387227 -6.748665 -0.801483 0.535534 -0.266136 0.416667 0.000000
0.700649 -0.404520 -6.873665 -0.801483 0.535534 -0.266136 0.416667 0.083333
0.641854 -0.492512 -6.873665 -0.801483 0.535534 -0.266136 0.395833 0.083333
0.641854 -0.492512 -6.873665 -0.579071 0.386922 -0.717613 0.395833 0.083333
0.700649 -0.404520 -6.873665 -0.579071 0.386922 -0.717613 0.416667 0.083333
0.782479 -0.451765 -6.965171 -0.579071 0.386922 -0.717613 0.416667 0.166667
0.716818 -0.550034 -6.965171 -0.579071 0.386922 -0.717613 0.395833 0.166667
0.716818 -0.550034 -6.965171 -0.209256 0.139821 -0.967813 0.395833 0.166667
0.782479 -0.451765 -6.965171 -0.209256 0.139821 -0.967813 0.416667 0.166667
0.894262 -0.516303 -6.998664 -0.209256 0.139821 -0.967813 0.416667 0.250000
0.819221 -0.628610 -6.998664 -0.209256 0.139821 -0.967813 0.395833 0.250000
0.819221 -0.628610 -6.998664 0.209256 -0.139821 -0.967813 0.395833 0.250000
0.894262 -0.516303 -6.998664 0.209256 -0.139821 -0.967813 0.416667 0.250000
1.006045 -0.580840 -6.965171 0.209256 -0.139821 -0.967813 0.416667 0.333333
0.921623 -0.707186 -6.965171 0.209256 -0.139821 -0.967813 0.395833 0.333333
0.921623 -0.707186 -6.965171 0.579071 -0.386923 -0.717613 0.395833 0.333333
1.006045 -0.580840 -6.965171 0.579071 -0.386923 -0.717613 0.416667 0.333333
1.087876 -0.628085 -6.873665 0.579071 -0.386923 -0.717613 0.416667 0.416667
0.996587 -0.764708 -6.873665 0.579071 -0.386923 -0.717613 0.395833 0.416667
0.996587 -0.764708 -6.873665 0.801483 -0.535534 -0.266136 0.395833 0.416667
1.087876 -0.628085 -6.873665 0.801483 -0.535534 -0.266136 0.416667 0.416667
1.117828 -0.645378 -6.748665 0.801483 -0.535534 -0.266136 0.416667 0.500000
1.024026 -0.785762 -6.748665 0.801483 -0.535534 -0.266136 0.395833 0.500000
1.117828 -0.645378 -6.748665 0.864527 -0.426338 0.266136 0.416667 0.500000
1.192503 -0.493952 -6.748665 0.864527 -0.426338 0.266136 0.437500 0.500000
1.160550 -0.480716 -6.623665 0.864527 -0.426338 0.266136 0.437500 0.583333
1.087876 -0.628085 -6.623665 0.864527 -0.426338 0.266136 0.416667 0.583333
1.087876 -0.628085 -6.623665 0.624620 -0.308029 0.717613 0.416667 0.583333
1.160550 -0.480716 -6.623665 0.624620 -0.308029 0.717613 0.437500 0.583333
1.073253 -0.444556 -6.532159 0.624620 -0.308029 0.717613 0.437500 0.666667
1.006045 -0.580840 -6.532159 0.624620 -0.308029 0.717613 0.416667 0.666667
1.006045 -0.580840 -6.532159 0.225722 -0.111314 0.967811 0.416667 0.666667
1.073253 -0.444556 -6.532159 0.225722 -0.111314 0.967811 0.437500 0.666667
0.954002 -0.395161 -6.498665 0.225722 -0.111314 0.967811 0.437500 0.750000
0.894262 -0.516303 -6.498665 0.225722 -0.111314 0.967811 0.416667 0.750000
0.894262 -0.516303 -6.498665 -0.225723 0.111314 0.967811 0.416667 0.750000
0.954002 -0.395161 -6.498665 -0.225723 0.111314 0.967811 0.437500 0.750000
0.834752 -0.345766 -6.532159 -0.225723 0.111314 0.967811 0.437500 0.833333
0.782479 -0.451765 -6.532159 -0.225723 0.111314 0.967811 0.416667 0.833333
0.782479 -0.451765 -6.532159 -0.624620 0.308029 0.717613 0.416667 0.833333
0.834752 -0.345766 -6.532159 -0.624620 0.308029 0.717613 0.437500 0.833333
0.747455 -0.309606 -6.623665 -0.624620 0.308029 0.717613 0.437500 0.916667
0.700649 -0.404520 -6.623665 -0.624620 0.308029 0.717613 0.416667 0.916667
0.700649 -0.404520 -6.623665 -0.864527 0.426339 0.266136 0.416667 0.916667
0.747455 -0.309606 -6.623665 -0.864527 0.426339 0.266136 0.437500 0.916667
0.715502 -0.296371 -6.748665 -0.864527 0.426339 0.266136 0.437500 1.000000
0.670697 -0.387227 -6.748665 -0.864527 0.426339 0.266136 0.416667 1.000000
0.670697 -0.387227 -6.748665 -0.864527 0.426339 -0.266136 0.416667 0.000000
0.715502 -0.296371 -6.748665 -0.864527 0.426339 -0.266136 0.437500 0.000000
0.747455 -0.309606 -6.873665 -0.864527 0.426339 -0.266136 0.437500 0.083333
0.700649 -0.404520 -6.873665 -0.864527 0.426339 -0.266136 0.416667 0.083333
0.700649 -0.404520 -6.873665 -0.624620 0.308029 -0.717613 0.416667 0.083333
0.747455 -0.309606 -6.873665 -0.624620 0.308029 -0.717613 0.437500 0.083333
0.834752 -0.345766 -6.965171 -0.624620 0.308029 -0.717613 0.437500 0.166667
0.782479 -0.451765 -6.965171 -0.624620 0.308029 -0.717613 0.416667 0.166667
0.782479 -0.451765 -6.965171 -0.225717 0.111311 -0.967813 0.416667 0.166667
0.834752 -0.345766 -6.965171 -0.225717 0.111311 -0.967813 0.437500 0.166667
0.954002 -0.395161 -6.998664 -0.225717 0.111311 -0.967813 0.437500 0.250000
0.894262 -0.516303 -6.998664 -0.225717 0.111311 -0.967813 0.416667 0.250000
0.894262 -0.516303 -6.998664 0.225716 -0.111311 -0.967813 0.416667 0.250000
0.954002 -0.395161 -6.998664 0.225716 -0.111311 -0.967813 0.437500 0.250000
1.073253 -0.444556 -6.965171 0.225716 -0.111311 -0.967813 0.437500 0.333333
1.006045 -0.580840 -6.965171 0.225716 -0.111311 -0.967813 0.416667 0.333333
1.006045 -0.580840 -6.965171 0.624620 -0.308029 -0.717613 0.416667 0.333333
1.073253 -0.444556 -6.965171 0.624620 -0.308029 -0.717613 0.437500 0.333333
1.160550 -0.480716 -6.873665 0.624620 -0.308029 -0.717613 0.437500 0.416667
1.087876 -0.628085 -6.873665 0.624620 -0.308029 -0.717613 0.416667 0.416667
1.087876 -0.628085 -6.873665 0.864527 -0.426338 -0.266136 0.416667 0.416667
1.160550 -0.480716 -6.873665 0.864527 -0.426338 -0.266136 0.437500 0.416667
1.192503 -0.493952 -6.748665 0.864527 -0.426338 -0.266136 0.437500 0.500000
1.117828 -0.645378 -6.748665 0.864527 -0.426338 -0.266136 0.416667 0.500000
1.192503 -0.493952 -6.748665 0.912780 -0.309847 0.266136 0.437500 0.500000
1.246775 -0.334072 -6.748665 0.912780 -0.309847 0.266136 0.458333 0.500000
1.213368 -0.325121 -6.623665 0.912780 -0.309847 0.266136 0.458333 0.583333
1.160550 -0.480716 -6.623665 0.912780 -0.309847 0.266136 0.437500 0.583333
1.160550 -0.480716 -6.623665 0.659482 -0.223864 0.717613 0.437500 0.583333
1.213368 -0.325121 -6.623665 0.659482 -0.223864 0.717613 0.458333 0.583333
1.122097 -0.300665 -6.532159 0.659482 -0.223864 0.717613 0.458333 0.666667
1.073253 -0.444556 -6.532159 0.659482 -0.223864 0.717613 0.437500 0.666667
1.073253 -0.444556 -6.532159 0.238321 -0.080899 0.967811 0.437500 0.666667
1.122097 -0.300665 -6.532159 0.238321 -0.080899 0.967811 0.458333 0.666667
0.997420 -0.267258 -6.498665 0.238321 -0.080899 0.967811 0.458333 0.750000
0.954002 -0.395161 -6.498665 0.238321 -0.080899 0.967811 0.437500 0.750000
0.954002 -0.395161 -6.498665 -0.238321 0.080899 0.967811 0.437500 0.750000
0.997420 -0.267258 -6.498665 -0.238321 0.080899 0.967811 0.458333 0.750000
0.872742 -0.233850 -6.532159 -0.238321 0.080899 0.967811 0.458333 0.833333
0.834752 -0.345766 -6.532159 -0.238321 0.080899 0.967811 0.437500 0.833333
0.834752 -0.345766 -6.532159 -0.659482 0.223864 0.717613 0.437500 0.833333
0.872742 -0.233850 -6.532159 -0.659482 0.223864 0.717613 0.458333 0.833333
0.781472 -0.209395 -6.623665 -0.659482 0.223864 0.717613 0.458333 0.916667
0.747455 -0.309606 -6.623665 -0.659482 0.223864 0.717613 0.437500 0.916667
0.747455 -0.309606 -6.623665 -0.912780 0.309847 0.266136 0.437500 0.916667
0.781472 -0.209395 -6.623665 -0.912780 0.309847 0.266136 0.458333 0.916667
0.748065 -0.200443 -6.748665 -0.912780 0.309847 0.266136 0.458333 1.000000
0.715502 -0.296371 -6.748665 -0.912780 0.309847 0.266136 0.437500 1.000000
0.715502 -0.296371 -6.748665 -0.912780 0.309847 -0.266136 0.437500 0.000000
0.748065 -0.200443 -6.748665 -0.912780 0.309847 -0.266136 0.458333 0.000000
0.781472 -0.209395 -6.873665 -0.912780 0.309847 -0.266136 0.458333 0.083333
0.747455 -0.309606 -6.873665 -0.912780 0.309847 -0.266136 0.437500 0.083333
0.747455 -0.309606 -6.873665 -0.659482 0.223864 -0.717613 0.437500 0.083333
0.781472 -0.209395 -6.873665 -0.659482 0.223864 -0.717613 0.458333 0.083333
0.872742 -0.233850 -6.965171 -0.659482 0.223864 -0.717613 0.458333 0.166667
0.834752 -0.345766 -6.965171 -0.659482 0.223864 -0.717613 0.437500 0.166667
0.834752 -0.345766 -6.965171 -0.238315 0.080897 -0.967813 0.437500 0.166667
0.872742 -0.233850 -6.965171 -0.238315 0.080897 -0.967813 0.458333 0.166667
0.997420 -0.267258 -6.998664 -0.238315 0.080897 -0.967813 0.458333 0.250000
0.954002 -0.395161 -6.998664 -0.238315 0.080897 -0.967813 0.437500 0.250000
0.954002 -0.395161 -6.998664 0.238315 -0.080897 -0.967813 0.437500 0.250000
0.997420 -0.267258 -6.998664 0.238315 -0.080897 -0.967813 0.458333 0.250000
1.122097 -0.300665 -6.965171 0.238315 -0.080897 -0.967813 0.458333 0.333333
1.073253 -0.444556 -6.965171 0.238315 -0.080897 -0.967813 0.437500 0.333333
1.073253 -0.444556 -6.965171 0.659482 -0.223864 -0.717613 0.437500 0.333333
1.122097 -0.300665 -6.965171 0.659482 -0.223864 -0.717613 0.458333 0.333333
1.213368 -0.325121 -6.873665 0.659482 -0.223864 -0.717613 0.458333 0.416667
1.160550 -0.480716 -6.873665 0.659482 -0.223864 -0.717613 0.437500 0.416667
1.160550 -0.480716 -6.873665 0.912780 -0.309847 -0.266136 0.437500 0.416667
1.213368 -0.325121 -6.873665 0.912780 -0.309847 -0.266136 0.458333 0.416667
1.246775 -0.334072 -6.748665 0.912780 -0.309847 -0.266136 0.458333 0.500000
1.192503 -0.493952 -6.748665 0.912780 -0.309847 -0.266136 0.437500 0.500000
1.246775 -0.334072 -6.748665 0.945414 -0.188055 0.266136 0.458333 0.500000
1.279714 -0.168477 -6.748665 0.945414 -0.188055 0.266136 0.479167 0.500000
1.245424 -0.163963 -6.623665 0.945414 -0.188055 0.266136 0.479167 0.583333
1.213368 -0.325121 -6.623665 0.945414 -0.188055 0.266136 0.458333 0.583333
1.213368 -0.325121 -6.623665 0.683060 -0.135869 0.717613 0.458333 0.583333
1.245424 -0.163963 -6.623665 0.683060 -0.135869 0.717613 0.479167 0.583333
1.151742 -0.151630 -6.532159 0.683060 -0.135869 0.717613 0.479167 0.666667
1.122097 -0.300665 -6.532159 0.683060 -0.135869 0.717613 0.458333 0.666667
1.122097 -0.300665 -6.532159 0.246842 -0.049100 0.967811 0.458333 0.666667
1.151742 -0.151630 -6.532159 0.246842 -0.049100 0.967811 0.479167 0.666667
1.023771 -0.134782 -6.498665 0.246842 -0.049100 0.967811 0.479167 0.750000
0.997420 -0.267258 -6.498665 0.246842 -0.049100 0.967811 0.458333 0.750000
0.997420 -0.267258 -6.498665 -0.246841 0.049100 0.967811 0.458333 0.750000
1.023771 -0.134782 -6.498665 -0.246841 0.049100 0.967811 0.479167 0.750000
0.895800 -0.117934 -6.532159 -0.246841 0.049100 0.967811 0.479167 0.833333
0.872742 -0.233850 -6.532159 -0.246841 0.049100 0.967811 0.458333 0.833333
0.872742 -0.233850 -6.532159 -0.683060 0.135869 0.717613 0.458333 0.833333
0.895800 -0.117934 -6.532159 -0.683060 0.135869 0.717613 0.479167 0.833333
0.802118 -0.105601 -6.623665 -0.683060 0.135869 0.717613 0.479167 0.916667
0.781472 -0.209395 -6.623665 -0.683060 0.135869 0.717613 0.458333 0.916667
0.781472 -0.209395 -6.623665 -0.945414 0.188055 0.266136 0.458333 0.916667
0.802118 -0.105601 -6.623665 -0.945414 0.188055 0.266136 0.479167 0.916667
0.767828 -0.101086 -6.748665 -0.945414 0.188055 0.266136 0.479167 1.000000
0.748065 -0.200443 -6.748665 -0.945414 0.188055 0.266136 0.458333 1.000000
0.748065 -0.200443 -6.748665 -0.945414 0.188055 -0.266136 0.458333 0.000000
0.767828 -0.101086 -6.748665 -0.945414 0.188055 -0.266136 0.479167 0.000000
0.802118 -0.105601 -6.873665 -0.945414 0.188055 -0.266136 0.479167 0.083333
0.781472 -0.209395 -6.873665 -0.945414 0.188055 -0.266136 0.458333 0.083333
0.781472 -0.209395 -6.873665 -0.683060 0.135869 -0.717613 0.458333 0.083333
0.802118 -0.105601 -6.873665 -0.683060 0.135869 -0.717613 0.479167 0.083333
0.895800 -0.117934 -6.965171 -0.683060 0.135869 -0.717613 0.479167 0.166667
0.872742 -0.233850 -6.965171 -0.683060 0.135869 -0.717613 0.458333 0.166667
0.872742 -0.233850 -6.965171 -0.246835 0.049098 -0.967813 0.458333 0.166667
0.895800 -0.117934 -6.965171 -0.246835 0.049098 -0.967813 0.479167 0.166667
1.023771 -0.134782 -6.998664 -0.246835 0.049098 -0.967813 0.479167 0.250000
0.997420 -0.267258 -6.998664 -0.246835 0.049098 -0.967813 0.458333 0.250000
0.997420 -0.267258 -6.998664 0.246835 -0.049099 -0.967813 0.458333 0.250000
1.023771 -0.134782 -6.998664 0.246835 -0.049099 -0.967813 0.479167 0.250000
1.151742 -0.151630 -6.965171 0.246835 -0.049099 -0.967813 0.479167 0.333333
1.122097 -0.300665 -6.965171 0.246835 -0.049099 -0.967813 0.458333 0.333333
1.122097 -0.300665 -6.965171 0.683060 -0.135869 -0.717613 0.458333 0.333333
1.151742 -0.151630 -6.965171 0.683060 -0.135869 -0.717613 0.479167 0.333333
1.245424 -0.163963 -6.873665 0.683060 -0.135869 -0.717613 0.479167 0.416667
1.213368 -0.325121 -6.873665 0.683060 -0.135869 -0.717613 0.458333 0.416667
1.213368 -0.325121 -6.873665 0.945414 -0.188055 -0.266136 0.458333 0.416667
1.245424 -0.163963 -6.873665 0.945414 -0.188055 -0.266136 0.479167 0.416667
1.279714 -0.168477 -6.748665 0.945414 -0.188055 -0.266136 0.479167 0.500000
1.246775 -0.334072 -6.748665 0.945414 -0.188055 -0.266136 0.458333 0.500000
1.279714 -0.168477 -6.748665 0.961872 -0.063044 0.266136 0.479167 0.500000
1.290756 -0.000000 -6.748665 0.961872 -0.063044 0.266136 0.500000 0.500000
1.256171 -0.000000 -6.623665 0.961872 -0.063044 0.266136 0.500000 0.583333
1.245424 -0.163963 -6.623665 0.961872 -0.063044 0.266136 0.479167 0.583333
1.245424 -0.163963 -6.623665 0.694951 -0.045550 0.717613 0.479167 0.583333
1.256171 -0.000000 -6.623665 0.694951 -0.045550 0.717613 0.500000 0.583333
1.161681 -0.000000 -6.532159 0.694951 -0.045550 0.717613 0.500000 0.666667
1.151742 -0.151630 -6.532159 0.694951 -0.045550 0.717613 0.479167 0.666667
1.151742 -0.151630 -6.532159 0.251139 -0.016460 0.967811 0.479167 0.666667
1.161681 -0.000000 -6.532159 0.251139 -0.016460 0.967811 0.500000 0.666667
1.032605 -0.000000 -6.498665 0.251139 -0.016460 0.967811 0.500000 0.750000
1.023771 -0.134782 -6.498665 0.251139 -0.016460 0.967811 0.479167 0.750000
1.023771 -0.134782 -6.498665 -0.251138 0.016460 0.967811 0.479167 0.750000
1.032605 -0.000000 -6.498665 -0.251138 0.016460 0.967811 0.500000 0.750000
0.903529 -0.000000 -6.532159 -0.251138 0.016460 0.967811 0.500000 0.833333
0.895800 -0.117934 -6.532159 -0.251138 0.016460 0.967811 0.479167 0.833333
0.895800 -0.117934 -6.532159 -0.694951 0.045549 0.717613 0.479167 0.833333
0.903529 -0.000000 -6.532159 -0.694951 0.045549 0.717613 0.500000 0.833333
0.809039 -0.000000 -6.623665 -0.694951 0.045549 0.717613 0.500000 0.916667
0.802118 -0.105601 -6.623665 -0.694951 0.045549 0.717613 0.479167 0.916667
0.802118 -0.105601 -6.623665 -0.961872 0.063044 0.266136 0.479167 0.916667
0.809039 -0.000000 -6.623665 -0.961872 0.063044 0.266136 0.500000 0.916667
0.774454 -0.000000 -6.748665 -0.961872 0.063044 0.266136 0.500000 1.000000
0.767828 -0.101086 -6.748665 -0.961872 0.063044 0.266136 0.479167 1.000000
0.767828 -0.101086 -6.748665 -0.961872 0.063044 -0.266136 0.479167 0.000000
0.774454 -0.000000 -6.748665 -0.961872 0.063044 -0.266136 0.500000 0.000000
0.809039 -0.000000 -6.873665 -0.961872 0.063044 -0.266136 0.500000 0.083333
0.802118 -0.105601 -6.873665 -0.961872 0.063044 -0.266136 0.479167 0.083333
0.802118 -0.105601 -6.873665 -0.694951 0.045549 -0.717613 0.479167 0.083333
0.809039 -0.000000 -6.873665 -0.694951 0.045549 -0.717613 0.500000 0.083333
0.903529 -0.000000 -6.965171 -0.694951 0.045549 -0.717613 0.500000 0.166667
0.895800 -0.117934 -6.965171 -0.694951 0.045549 -0.717613 0.479167 0.166667
0.895800 -0.117934 -6.965171 -0.251132 0.016460 -0.967813 0.479167 0.166667
0.903529 -0.000000 -6.965171 -0.251132 0.016460 -0.967813 0.500000 0.166667
1.032605 -0.000000 -6.998664 -0.251132 0.016460 -0.967813 0.500000 0.250000
1.023771 -0.134782 -6.998664 -0.251132 0.016460 -0.967813 0.479167 0.250000
1.023771 -0.134782 -6.998664 0.251132 -0.016460 -0.967813 0.479167 0.250000
1.032605 -0.000000 -6.998664 0.251132 -0.016460 -0.967813 0.500000 0.250000
1.161681 -0.000000 -6.965171 0.251132 -0.016460 -0.967813 0.500000 0.333333
1.151742 -0.151630 -6.965171 0.251132 -0.016460 -0.967813 0.479167 0.333333
1.151742 -0.151630 -6.965171 0.694951 -0.045550 -0.717613 0.479167 0.333333
1.161681 -0.000000 -6.965171 0.694951 -0.045550 -0.717613 0.500000 0.333333
1.256171 -0.000000 -6.873665 0.694951 -0.045550 -0.717613 0.500000 0.416667
1.245424 -0.163963 -6.873665 0.694951 -0.045550 -0.717613 0.479167 0.416667
1.245424 -0.163963 -6.873665 0.961872 -0.063044 -0.266136 0.479167 0.416667
1.256171 -0.000000 -6.873665 0.961872 -0.063044 -0.266136 0.500000 0.416667
1.290756 -0.000000 -6.748665 0.961872 -0.063044 -0.266136 0.500000 0.500000
1.279714 -0.168477 -6.748665 0.961872 -0.063044 -0.266136 0.479167 0.500000
4 0 1 2 3
4 4 5 6 7
4 8 9 10 11
4 12 13 14 15
4 16 17 18 19
4 20 21 22 23
4 24 25 26 27
4 28 29 30 31
4 32 33 34 35
4 36 37 38 39
4 40 41 42 43
4 44 45 46 47
4 48 49 50 51
4 52 53 54 55
4 56 57 58 59
4 60 61 62 63
4 64 65 66 67
4 68 69 70 71
4 72 73 74 75
4 76 77 78 79
4 80 81 82 83
4 84 85 86 87
4 88 89 90 91
4 92 93 94 95
4 96 97 98 99
4 100 101 102 103
4 104 105 106 107
4 108 109 110 111
4 112 113 114 115
4 116 117 118 119
128 120 121 122 123 124 125 126 127 128 129 130 131 132 133 134 135 136 137 138 139 140 141 142 143 144 145 146 147 148 149 150 151 152 153 154 155 156 157 158 159 160 161 162 163 164 165 166 167 168 169 170 171 172 173 174 175 176 177 178 179 180 181 182 183 184 185 186 187 188 189 190 191 192 193 194 195 196 197 198 199 200 201 202 203 204 205 206 207 208 209 210 211 212 213 214 215 216 217 218 219 220 221 222 223 224 225 226 227 228 229 230 231 232 233 234 235 236 237 238 239 240 241 242 243 244 245 246 247
4 248 249 250 251
4 252 253 254 255
128 256 257 258 259 260 261 262 263 264 265 266 267 268 269 270 271 272 273 274 275 276 277 278 279 280 281 282 283 284 285 286 287 288 289 290 291 292 293 294 295 296 297 298 299 300 301 302 303 304 305 306 307 308 309 310 311 312 313 314 315 316 317 318 319 320 321 322 323 324 325 326 327 328 329 330 331 332 333 334 335 336 337 338 339 340 341 342 343 344 345 346 347 348 349 350 351 352 353 354 355 356 357 358 359 360 361 362 363 364 365 366 367 368 369 370 371 372 373 374 375 376 377 378 379 380 381 382 383
4 384 385 386 387
4 388 389 390 391
4 392 393 394 395
4 396 397 398 399
4 400 401 402 403
4 404 405 406 407
4 408 409 410 411
4 412 413 414 415
4 416 417 418 419
4 420 421 422 423
4 424 425 426 427
4 428 429 430 431
4 432 433 434 435
4 436 437 438 439
4 440 441 442 443
4 444 445 446 447
4 448 449 450 451
4 452 453 454 455
4 456 457 458 459
4 460 461 462 463
4 464 465 466 467
4 468 469 470 471
4 472 473 474 475
4 476 477 478 479
4 480 481 482 483
4 484 485 486 487
4 488 489 490 491
4 492 493 494 495
4 496 497 498 499
4 500 501 502 503
4 504 505 506 507
4 508 509 510 511
4 512 513 514 515
4 516 517 518 519
4 520 521 522 523
4 524 525 526 527
4 528 529 530 531
4 532 533 534 535
4 536 537 538 539
4 540 541 542 543
4 544 545 546 547
4 548 549 550 551
4 552 553 554 555
4 556 557 558 559
4 560 561 562 563
4 564 565 566 567
4 568 569 570 571
4 572 573 574 575
4 576 577 578 579
4 580 581 582 583
4 584 585 586 587
4 588 589 590 591
4 592 593 594 595
4 596 597 598 599
4 600 601 602 603
4 604 605 606 607
4 608 609 610 611
4 612 613 614 615
4 616 617 618 619
4 620 621 622 623
4 624 625 626 627
4 628 629 630 631
4 632 633 634 635
4 636 637 638 639
4 640 641 642 643
4 644 645 646 647
4 648 649 650 651
4 652 653 654 655
4 656 657 658 659
4 660 661 662 663
4 664 665 666 667
4 668 669 670 671
4 672 673 674 675
4 676 677 678 679
4 680 681 682 683
4 684 685 686 687
4 688 689 690 691
4 692 693 694 695
4 696 697 698 699
4 700 701 702 703
4 704 705 706 707
4 708 709 710 711
4 712 713 714 715
4 716 717 718 719
4 720 721 722 723
4 724 725 726 727
4 728 729 730 731
4 732 733 734 735
4 736 737 738 739
4 740 741 742 743
4 744 745 746 747
4 748 749 750 751
4 752 753 754 755
4 756 757 758 759
4 760 761 762 763
4 764 765 766 767
4 768 769 770 771
4 772 773 774 775
4 776 777 778 779
4 780 781 782 783
4 784 785 786 787
4 788 789 790 791
4 792 793 794 795
4 796 797 798 799
4 800 801 802 803
4 804 805 806 807
4 808 809 810 811
4 812 813 814 815
4 816 817 818 819
4 820 821 822 823
4 824 825 826 827
4 828 829 830 831
4 832 833 834 835
4 836 837 838 839
4 840 841 842 843
4 844 845 846 847
4 848 849 850 851
4 852 853 854 855
4 856 857 858 859
4 860 861 862 863
4 864 865 866 867
4 868 869 870 871
4 872 873 874 875
4 876 877 878 879
4 880 881 882 883
4 884 885 886 887
4 888 889 890 891
4 892 893 894 895
4 896 897 898 899
4 900 901 902 903
4 904 905 906 907
4 908 909 910 911
4 912 913 914 915
4 916 917 918 919
4 920 921 922 923
4 924 925 926 927
4 928 929 930 931
4 932 933 934 935
4 936 937 938 939
4 940 941 942 943
4 944 945 946 947
4 948 949 950 951
4 952 953 954 955
4 956 957 958 959
4 960 961 962 963
4 964 965 966 967
4 968 969 970 971
4 972 973 974 975
4 976 977 978 979
4 980 981 982 983
4 984 985 986 987
4 988 989 990 991
4 992 993 994 995
4 996 997 998 999
4 1000 1001 1002 1003
4 1004 1005 1006 1007
4 1008 1009 1010 1011
4 1012 1013 1014 1015
4 1016 1017 1018 1019
4 1020 1021 1022 1023
4 1024 1025 1026 1027
4 1028 1029 1030 1031
4 1032 1033 1034 1035
4 1036 1037 1038 1039
4 1040 1041 1042 1043
4 1044 1045 1046 1047
4 1048 1049 1050 1051
4 1052 1053 1054 1055
4 1056 1057 1058 1059
4 1060 1061 1062 1063
4 1064 1065 1066 1067
4 1068 1069 1070 1071
4 1072 1073 1074 1075
4 1076 1077 1078 1079
4 1080 1081 1082 1083
4 1084 1085 1086 1087
4 1088 1089 1090 1091
4 1092 1093 1094 1095
4 1096 1097 1098 1099
4 1100 1101 1102 1103
4 1104 1105 1106 1107
4 1108 1109 1110 1111
4 1112 1113 1114 1115
4 1116 1117 1118 1119
4 1120 1121 1122 1123
4 1124 1125 1126 1127
4 1128 1129 1130 1131
4 1132 1133 1134 1135
4 1136 1137 1138 1139
4 1140 1141 1142 1143
4 1144 1145 1146 1147
4 1148 1149 1150 1151
4 1152 1153 1154 1155
4 1156 1157 1158 1159
4 1160 1161 1162 1163
4 1164 1165 1166 1167
4 1168 1169 1170 1171
4 1172 1173 1174 1175
4 1176 1177 1178 1179
4 1180 1181 1182 1183
4 1184 1185 1186 1187
4 1188 1189 1190 1191
4 1192 1193 1194 1195
4 1196 1197 1198 1199
4 1200 1201 1202 1203
4 1204 1205 1206 1207
4 1208 1209 1210 1211
4 1212 1213 1214 1215
4 1216 1217 1218 1219
4 1220 1221 1222 1223
4 1224 1225 1226 1227
4 1228 1229 1230 1231
4 1232 1233 1234 1235
4 1236 1237 1238 1239
4 1240 1241 1242 1243
4 1244 1245 1246 1247
4 1248 1249 1250 1251
4 1252 1253 1254 1255
4 1256 1257 1258 1259
4 1260 1261 1262 1263
4 1264 1265 1266 1267
4 1268 1269 1270 1271
4 1272 1273 1274 1275
4 1276 1277 1278 1279
4 1280 1281 1282 1283
4 1284 1285 1286 1287
4 1288 1289 1290 1291
4 1292 1293 1294 1295
4 1296 1297 1298 1299
4 1300 1301 1302 1303
4 1304 1305 1306 1307
4 1308 1309 1310 1311
4 1312 1313 1314 1315
4 1316 1317 1318 1319
4 1320 1321 1322 1323
4 1324 1325 1326 1327
4 1328 1329 1330 1331
4 1332 1333 1334 1335
4 1336 1337 1338 1339
4 1340 1341 1342 1343
4 1344 1345 1346 1347
4 1348 1349 1350 1351
4 1352 1353 1354 1355
4 1356 1357 1358 1359
4 1360 1361 1362 1363
4 1364 1365 1366 1367
4 1368 1369 1370 1371
4 1372 1373 1374 1375
4 1376 1377 1378 1379
4 1380 1381 1382 1383
4 1384 1385 1386 1387
4 1388 1389 1390 1391
4 1392 1393 1394 1395
4 1396 1397 1398 1399
4 1400 1401 1402 1403
4 1404 1405 1406 1407
4 1408 1409 1410 1411
4 1412 1413 1414 1415
4 1416 1417 1418 1419
4 1420 1421 1422 1423
4 1424 1425 1426 1427
4 1428 1429 1430 1431
4 1432 1433 1434 1435
4 1436 1437 1438 1439
4 1440 1441 1442 1443
4 1444 1445 1446 1447
4 1448 1449 1450 1451
4 1452 1453 1454 1455
4 1456 1457 1458 1459
4 1460 1461 1462 1463
4 1464 1465 1466 1467
4 1468 1469 1470 1471
4 1472 1473 1474 1475
4 1476 1477 1478 1479
4 1480 1481 1482 1483
4 1484 1485 1486 1487
4 1488 1489 1490 1491
4 1492 1493 1494 1495
4 1496 1497 1498 1499
4 1500 1501 1502 1503
4 1504 1505 1506 1507
4 1508 1509 1510 1511
4 1512 1513 1514 1515
4 1516 1517 1518 1519
4 1520 1521 1522 1523
4 1524 1525 1526 1527
4 1528 1529 1530 1531
4 1532 1533 1534 1535
4 1536 1537 1538 1539
4 1540 1541 1542 1543
4 1544 1545 1546 1547
4 1548 1549 1550 1551
4 1552 1553 1554 1555
4 1556 1557 1558 1559
4 1560 1561 1562 1563
4 1564 1565 1566 1567
4 1568 1569 1570 1571
4 1572 1573 1574 1575
4 1576 1577 1578 1579
4 1580 1581 1582 1583
4 1584 1585 1586 1587
4 1588 1589 1590 1591
4 1592 1593 1594 1595
4 1596 1597 1598 1599
4 1600 1601 1602 1603
4 1604 1605 1606 1607
4 1608 1609 1610 1611
4 1612 1613 1614 1615
4 1616 1617 1618 1619
4 1620 1621 1622 1623
4 1624 1625 1626 1627
4 1628 1629 1630 1631
4 1632 1633 1634 1635
4 1636 1637 1638 1639
4 1640 1641 1642 1643
4 1644 1645 1646 1647
4 1648 1649 1650 1651
4 1652 1653 1654 1655
4 1656 1657 1658 1659
4 1660 1661 1662 1663
4 1664 1665 1666 1667
4 1668 1669 1670 1671
4 1672 1673 1674 1675
4 1676 1677 1678 1679
4 1680 1681 1682 1683
4 1684 1685 1686 1687
4 1688 1689 1690 1691
4 1692 1693 1694 1695
4 1696 1697 1698 1699
4 1700 1701 1702 1703
4 1704 1705 1706 1707
4 1708 1709 1710 1711
4 1712 1713 1714 1715
4 1716 1717 1718 1719
4 1720 1721 1722 1723
4 1724 1725 1726 1727
4 1728 1729 1730 1731
4 1732 1733 1734 1735
4 1736 1737 1738 1739
4 1740 1741 1742 1743
4 1744 1745 1746 1747
4 1748 1749 1750 1751
4 1752 1753 1754 1755
4 1756 1757 1758 1759
4 1760 1761 1762 1763
4 1764 1765 1766 1767
4 1768 1769 1770 1771
4 1772 1773 1774 1775
4 1776 1777 1778 1779
4 1780 1781 1782 1783
4 1784 1785 1786 1787
4 1788 1789 1790 1791
4 1792 1793 1794 1795
4 1796 1797 1798 1799
4 1800 1801 1802 1803
4 1804 1805 1806 1807
4 1808 1809 1810 1811
4 1812 1813 1814 1815
4 1816 1817 1818 1819
4 1820 1821 1822 1823
4 1824 1825 1826 1827
4 1828 1829 1830 1831
4 1832 1833 1834 1835
4 1836 1837 1838 1839
4 1840 1841 1842 1843
4 1844 1845 1846 1847
4 1848 1849 1850 1851
4 1852 1853 1854 1855
4 1856 1857 1858 1859
4 1860 1861 1862 1863
4 1864 1865 1866 1867
4 1868 1869 1870 1871
4 1872 1873 1874 1875
4 1876 1877 1878 1879
4 1880 1881 1882 1883
4 1884 1885 1886 1887
4 1888 1889 1890 1891
4 1892 1893 1894 1895
4 1896 1897 1898 1899
4 1900 1901 1902 1903
4 1904 1905 1906 1907
4 1908 1909 1910 1911
4 1912 1913 1914 1915
4 1916 1917 1918 1919
4 1920 1921 1922 1923
4 1924 1925 1926 1927
4 1928 1929 1930 1931
4 1932 1933 1934 1935
4 1936 1937 1938 1939
4 1940 1941 1942 1943
4 1944 1945 1946 1947
4 1948 1949 1950 1951
4 1952 1953 1954 1955
4 1956 1957 1958 1959
4 1960 1961 1962 1963
4 1964 1965 1966 1967
4 1968 1969 1970 1971
4 1972 1973 1974 1975
4 1976 1977 1978 1979
4 1980 1981 1982 1983
4 1984 1985 1986 1987
4 1988 1989 1990 1991
4 1992 1993 1994 1995
4 1996 1997 1998 1999
4 2000 2001 2002 2003
4 2004 2005 2006 2007
4 2008 2009 2010 2011
4 2012 2013 2014 2015
4 2016 2017 2018 2019
4 2020 2021 2022 2023
4 2024 2025 2026 2027
4 2028 2029 2030 2031
4 2032 2033 2034 2035
4 2036 2037 2038 2039
4 2040 2041 2042 2043
4 2044 2045 2046 2047
4 2048 2049 2050 2051
4 2052 2053 2054 2055
4 2056 2057 2058 2059
4 2060 2061 2062 2063
4 2064 2065 2066 2067
4 2068 2069 2070 2071
4 2072 2073 2074 2075
4 2076 2077 2078 2079
4 2080 2081 2082 2083
4 2084 2085 2086 2087
4 2088 2089 2090 2091
4 2092 2093 2094 2095
4 2096 2097 2098 2099
4 2100 2101 2102 2103
4 2104 2105 2106 2107
4 2108 2109 2110 2111
4 2112 2113 2114 2115
4 2116 2117 2118 2119
4 2120 2121 2122 2123
4 2124 2125 2126 2127
4 2128 2129 2130 2131
4 2132 2133 2134 2135
4 2136 2137 2138 2139
4 2140 2141 2142 2143
4 2144 2145 2146 2147
4 2148 2149 2150 2151
4 2152 2153 2154 2155
4 2156 2157 2158 2159
4 2160 2161 2162 2163
4 2164 2165 2166 2167
4 2168 2169 2170 2171
4 2172 2173 2174 2175
4 2176 2177 2178 2179
4 2180 2181 2182 2183
4 2184 2185 2186 2187
4 2188 2189 2190 2191
4 2192 2193 2194 2195
4 2196 2197 2198 2199
4 2200 2201 2202 2203
4 2204 2205 2206 2207
4 2208 2209 2210 2211
4 2212 2213 2214 2215
4 2216 2217 2218 2219
4 2220 2221 2222 2223
4 2224 2225 2226 2227
4 2228 2229 2230 2231
4 2232 2233 2234 2235
4 2236 2237 2238 2239
4 2240 2241 2242 2243
4 2244 2245 2246 2247
4 2248 2249 2250 2251
4 2252 2253 2254 2255
4 2256 2257 2258 2259
4 2260 2261 2262 2263
4 2264 2265 2266 2267
4 2268 2269 2270 2271
4 2272 2273 2274 2275
4 2276 2277 2278 2279
4 2280 2281 2282 2283
4 2284 2285 2286 2287
4 2288 2289 2290 2291
4 2292 2293 2294 2295
4 2296 2297 2298 2299
4 2300 2301 2302 2303
4 2304 2305 2306 2307
4 2308 2309 2310 2311
4 2312 2313 2314 2315
4 2316 2317 2318 2319
4 2320 2321 2322 2323
4 2324 2325 2326 2327
4 2328 2329 2330 2331
4 2305 2332 2333 2306
4 2334 2335 2336 2337
4 2338 2339 2340 2341
4 2342 2343 2344 2345
4 2346 2347 2348 2349
4 2350 2351 2352 2353
4 2354 2355 2356 2357
4 2358 2359 2360 2361
4 2362 2363 2364 2365
4 2366 2367 2368 2369
4 2370 2371 2372 2373
4 2374 2375 2376 2377
4 2378 2379 2380 2381
4 2382 2383 2384 2385
4 2386 2387 2388 2389
4 2390 2391 2392 2393
4 2367 2394 2395 2368
4 2396 2397 2398 2399
4 2400 2401 2402 2403
4 2404 2405 2406 2407
4 2408 2409 2410 2411
4 2412 2413 2414 2415
4 2416 2417 2418 2419
4 2420 2421 2422 2423
4 2424 2425 2426 2427
4 2428 2429 2430 2431
4 2432 2433 2434 2435
4 2436 2437 2438 2439
4 2440 2441 2442 2443
4 2444 2445 2446 2447
4 2448 2449 2450 2451
4 2452 2453 2454 2455
4 2429 2456 2457 2430
4 2458 2459 2460 2461
4 2462 2463 2464 2465
4 2466 2467 2468 2469
4 2470 2471 2472 2473
4 2474 2475 2476 2477
4 2478 2479 2480 2481
4 2482 2483 2484 2485
4 2486 2487 2488 2489
4 2490 2491 2492 2493
4 2494 2495 2496 2497
4 2498 2499 2500 2501
4 2502 2503 2504 2505
4 2506 2507 2508 2509
4 2510 2511 2512 2513
4 2514 2515 2516 2517
4 2491 2518 2519 2492
4 2520 2521 2522 2523
4 2524 2525 2526 2527
4 2528 2529 2530 2531
4 2532 2533 2534 2535
4 2536 2537 2538 2539
4 2540 2541 2542 2543
4 2544 2545 2546 2547
4 2548 2549 2550 2551
4 2552 2553 2554 2555
4 2556 2557 2558 2559
4 2560 2561 2562 2563
4 2564 2565 2566 2567
4 2568 2569 2570 2571
4 2572 2573 2574 2575
4 2576 2577 2578 2579
4 2553 2580 2581 2554
4 2582 2583 2584 2585
4 2586 2587 2588 2589
4 2590 2591 2592 2593
4 2594 2595 2596 2597
4 2598 2599 2600 2601
4 2602 2603 2604 2605
4 2606 2607 2608 2609
4 2610 2611 2612 2613
4 2614 2615 2616 2617
4 2618 2619 2620 2621
4 2622 2623 2624 2625
4 2626 2627 2628 2629
4 2630 2631 2632 2633
4 2634 2635 2636 2637
4 2638 2639 2640 2641
4 2615 2642 2643 2616
4 2644 2645 2646 2647
4 2648 2649 2650 2651
4 2652 2653 2654 2655
4 2656 2657 2658 2659
4 2660 2661 2662 2663
4 2664 2665 2666 2667
4 2668 2669 2670 2671
4 2672 2673 2674 2675
4 2676 2677 2678 2679
4 2680 2681 2682 2683
4 2684 2685 2686 2687
4 2688 2689 2690 2691
4 2692 2693 2694 2695
4 2696 2697 2698 2699
4 2700 2701 2702 2703
4 2704 2705 2706 2707
4 2708 2709 2710 2711
4 2712 2713 2714 2715
4 2716 2717 2718 2719
4 2720 2721 2722 2723
4 2724 2725 2726 2727
4 2728 2729 2730 2731
4 2732 2733 2734 2735
4 2709 2736 2737 2710
4 2738 2739 2740 2741
4 2742 2743 2744 2745
4 2746 2747 2748 2749
4 2750 2751 2752 2753
4 2754 2755 2756 2757
4 2758 2759 2760 2761
4 2762 2763 2764 2765
4 2766 2767 2768 2769
4 2770 2771 2772 2773
4 2774 2775 2776 2777
4 2778 2779 2780 2781
4 2782 2783 2784 2785
4 2786 2787 2788 2789
4 2790 2791 2792 2793
4 2794 2795 2796 2797
4 2771 2798 2799 2772
4 2800 2801 2802 2803
4 2804 2805 2806 2807
4 2808 2809 2810 2811
4 2812 2813 2814 2815
4 2816 2817 2818 2819
4 2820 2821 2822 2823
4 2824 2825 2826 2827
4 2828 2829 2830 2831
4 2832 2833 2834 2835
4 2836 2837 2838 2839
4 2840 2841 2842 2843
4 2844 2845 2846 2847
4 2848 2849 2850 2851
4 2852 2853 2854 2855
4 2856 2857 2858 2859
4 2833 2860 2861 2834
4 2862 2863 2864 2865
4 2866 2867 2868 2869
4 2870 2871 2872 2873
4 2874 2875 2876 2877
4 2878 2879 2880 2881
4 2882 2883 2884 2885
4 2886 2887 2888 2889
4 2890 2891 2892 2893
4 2894 2895 2896 2897
4 2898 2899 2900 2901
4 2902 2903 2904 2905
4 2906 2907 2908 2909
4 2910 2911 2912 2913
4 2914 2915 2916 2917
4 2918 2919 2920 2921
4 2895 2922 2923 2896
4 2924 2925 2926 2927
4 2928 2929 2930 2931
4 2932 2933 2934 2935
4 2936 2937 2938 2939
4 2940 2941 2942 2943
4 2944 2945 2946 2947
4 2948 2949 2950 2951
4 2952 2953 2954 2955
4 2956 2957 2958 2959
4 2960 2961 2962 2963
4 2964 2965 2966 2967
4 2968 2969 2970 2971
4 2972 2973 2974 2975
4 2976 2977 2978 2979
4 2980 2981 2982 2983
4 2957 2984 2985 2958
4 2986 2987 2988 2989
4 2990 2991 2992 2993
4 2994 2995 2996 2997
4 2998 2999 3000 3001
4 3002 3003 3004 3005
4 3006 3007 3008 3009
4 3010 3011 3012 3013
4 3014 3015 3016 3017
4 3018 3019 3020 3021
4 3022 3023 3024 3025
4 3026 3027 3028 3029
4 3030 3031 3032 3033
4 3034 3035 3036 3037
4 3038 3039 3040 3041
4 3042 3043 3044 3045
4 3019 3046 3047 3020
4 3048 3049 3050 3051
4 3052 3053 3054 3055
4 3056 3057 3058 3059
4 3060 3061 3062 3063
4 3064 3065 3066 3067
4 3068 3069 3070 3071
4 3072 3073 3074 3075
4 3076 3077 3078 3079
4 3080 3081 3082 3083
4 3084 3085 3086 3087
4 3088 3089 3090 3091
4 3092 3093 3094 3095
4 3096 3097 3098 3099
4 3100 3101 3102 3103
4 3104 3105 3106 3107
4 3081 3108 3109 3082
4 3110 3111 3112 3113
4 3114 3115 3116 3117
4 3118 3119 3120 3121
4 3122 3123 3124 3125
4 3126 3127 3128 3129
4 3130 3131 3132 3133
4 3134 3135 3136 3137
4 3138 3139 3140 3141
4 3142 3143 3144 3145
4 3146 3147 3148 3149
4 3150 3151 3152 3153
4 3154 3155 3156 3157
4 3158 3159 3160 3161
4 3162 3163 3164 3165
4 3166 3167 3168 3169
4 3143 3170 3171 3144
4 3172 3173 3174 3175
4 3176 3177 3178 3179
4 3180 3181 3182 3183
4 3184 3185 3186 3187
4 3188 3189 3190 3191
4 3192 3193 3194 3195
4 3196 3197 3198 3199
4 3200 3201 3202 3203
4 3204 3205 3206 3207
4 3208 3209 3210 3211
4 3212 3213 3214 3215
4 3216 3217 3218 3219
4 3220 3221 3222 3223
4 3224 3225 3226 3227
4 3228 3229 3230 3231
4 3205 3232 3233 3206
4 3234 3235 3236 3237
4 3238 3239 3240 3241
4 3242 3243 3244 3245
4 3246 3247 3248 3249
4 3250 3251 3252 3253
4 3254 3255 3256 3257
4 3258 3259 3260 3261
4 3262 3263 3264 3265
4 3266 3267 3268 3269
4 3270 3271 3272 3273
4 3274 3275 3276 3277
4 3278 3279 3280 3281
4 3282 3283 3284 3285
4 3286 3287 3288 3289
4 3290 3291 3292 3293
4 3267 3294 3295 3268
4 3296 3297 3298 3299
4 3300 3301 3302 3303
4 3304 3305 3306 3307
4 3308 3309 3310 3311
4 3312 3313 3314 3315
4 3316 3317 3318 3319
4 3320 3321 3322 3323
4 3324 3325 3326 3327
4 3328 3329 3330 3331
4 3332 3333 3334 3335
4 3336 3337 3338 3339
4 3340 3341 3342 3343
4 3344 3345 3346 3347
4 3348 3349 3350 3351
4 3352 3353 3354 3355
4 3329 3356 3357 3330
4 3358 3359 3360 3361
4 3362 3363 3364 3365
4 3366 3367 3368 3369
4 3370 3371 3372 3373
4 3374 3375 3376 3377
4 3378 3379 3380 3381
4 3382 3383 3384 3385
4 3386 3387 3388 3389
4 3390 3391 3392 3393
4 3394 3395 3396 3397
4 3398 3399 3400 3401
4 3402 3403 3404 3405
4 3406 3407 3408 3409
4 3410 3411 3412 3413
4 3414 3415 3416 3417
4 3391 3418 3419 3392
4 3420 3421 3422 3423
4 3424 3425 3426 3427
4 3428 3429 3430 3431
4 3432 3433 3434 3435
4 3436 3437 3438 3439
4 3440 3441 3442 3443
4 3444 3445 3446 3447
4 3448 3449 3450 3451
4 3452 3453 3454 3455
4 3456 3457 3458 3459
4 3460 3461 3462 3463
4 3464 3465 3466 3467
4 3468 3469 3470 3471
4 3472 3473 3474 3475
4 3476 3477 3478 3479
4 3453 3480 3481 3454
4 3482 3483 3484 3485
4 3486 3487 3488 3489
4 3490 3491 3492 3493
4 3494 3495 3496 3497
4 3498 3499 3500 3501
4 3502 3503 3504 3505
4 3506 3507 3508 3509
4 3510 3511 3512 3513
4 3514 3515 3516 3517
4 3518 3519 3520 3521
4 3522 3523 3524 3525
4 3526 3527 3528 3529
4 3530 3531 3532 3533
4 3534 3535 3536 3537
4 3538 3539 3540 3541
4 3515 3542 3543 3516
4 3544 3545 3546 3547
4 3548 3549 3550 3551
4 3552 3553 3554 3555
4 3556 3557 3558 3559
4 3560 3561 3562 3563
4 3564 3565 3566 3567
4 3568 3569 3570 3571
4 3572 3573 3574 3575
4 3576 3577 3578 3579
4 3580 3581 3582 3583
4 3584 3585 3586 3587
4 3588 3589 3590 3591
4 3592 3593 3594 3595
4 3596 3597 3598 3599
4 3600 3601 3602 3603
4 3577 3604 3605 3578
4 3606 3607 3608 3609
4 3610 3611 3612 3613
4 3614 3615 3616 3617
4 3618 3619 3620 3621
4 3622 3623 3624 3625
4 3626 3627 3628 3629
4 3630 3631 3632 3633
4 3634 3635 3636 3637
4 3638 3639 3640 3641
4 3642 3643 3644 3645
4 3646 3647 3648 3649
4 3650 3651 3652 3653
4 3654 3655 3656 3657
4 3658 3659 3660 3661
4 3662 3663 3664 3665
4 3639 3666 3667 3640
4 3668 3669 3670 3671
4 3672 3673 3674 3675
4 3676 3677 3678 3679
4 3680 3681 3682 3683
4 3684 3685 3686 3687
4 3688 3689 3690 3691
4 3692 3693 3694 3695
4 3696 3697 3698 3699
4 3700 3701 3702 3703
4 3704 3705 3706 3707
4 3708 3709 3710 3711
4 3712 3713 3714 3715
4 3716 3717 3718 3719
4 3720 3721 3722 3723
4 3724 3725 3726 3727
4 3701 3728 3729 3702
4 3730 3731 3732 3733
4 3734 3735 3736 3737
4 3738 3739 3740 3741
4 3742 3743 3744 3745
4 3746 3747 3748 3749
4 3750 3751 3752 3753
4 3754 3755 3756 3757
4 3758 3759 3760 3761
4 3762 3763 3764 3765
4 3766 3767 3768 3769
4 3770 3771 3772 3773
4 3774 3775 3776 3777
4 3778 3779 3780 3781
4 3782 3783 3784 3785
4 3786 3787 3788 3789
4 3763 3790 3791 3764
4 3792 3793 3794 3795
4 3796 3797 3798 3799
4 3800 3801 3802 3803
4 3804 3805 3806 3807
4 3808 3809 3810 3811
4 3812 3813 3814 3815
4 3816 3817 3818 3819
4 3820 3821 3822 3823
4 3824 3825 3826 3827
4 3828 3829 3830 3831
4 3832 3833 3834 3835
4 3836 3837 3838 3839
4 3840 3841 3842 3843
4 3844 3845 3846 3847
4 3848 3849 3850 3851
4 3825 3852 3853 3826
4 3854 3855 3856 3857
4 3858 3859 3860 3861
4 3862 3863 3864 3865
4 3866 3867 3868 3869
4 3870 3871 3872 3873
4 3874 3875 3876 3877
4 3878 3879 3880 3881
4 3882 3883 3884 3885
4 3886 3887 3888 3889
4 3890 3891 3892 3893
4 3894 3895 3896 3897
4 3898 3899 3900 3901
4 3902 3903 3904 3905
4 3906 3907 3908 3909
4 3910 3911 3912 3913
4 3887 3914 3915 3888
4 3916 3917 3918 3919
4 3920 3921 3922 3923
4 3924 3925 3926 3927
4 3928 3929 3930 3931
4 3932 3933 3934 3935
4 3936 3937 3938 3939
4 3940 3941 3942 3943
4 3944 3945 3946 3947
4 3948 3949 3950 3951
4 3952 3953 3954 3955
4 3956 3957 3958 3959
4 3960 3961 3962 3963
4 3964 3965 3966 3967
4 3968 3969 3970 3971
4 3972 3973 3974 3975
4 3949 3976 3977 3950
4 3978 3979 3980 3981
4 3982 3983 3984 3985
4 3986 3987 3988 3989
4 3990 3991 3992 3993
4 3994 3995 3996 3997
4 3998 3999 4000 4001
4 4002 4003 4004 4005
4 4006 4007 4008 4009
4 4010 4011 4012 4013
4 4014 4015 4016 4017
4 4018 4019 4020 4021
4 4022 4023 4024 4025
4 4026 4027 4028 4029
4 4030 4031 4032 4033
4 4034 4035 4036 4037
4 4011 4038 4039 4012
4 4040 4041 4042 4043
4 4044 4045 4046 4047
4 4048 4049 4050 4051
4 4052 4053 4054 4055
4 4056 4057 4058 4059
4 4060 4061 4062 4063
4 4064 4065 4066 4067
4 4068 4069 4070 4071
4 4072 4073 4074 4075
4 4076 4077 4078 4079
4 4080 4081 4082 4083
4 4084 4085 4086 4087
4 4088 4089 4090 4091
4 4092 4093 4094 4095
4 4096 4097 4098 4099
4 4073 4100 4101 4074
4 4102 4103 4104 4105
4 4106 4107 4108 4109
4 4110 4111 4112 4113
4 4114 4115 4116 4117
4 4118 4119 4120 4121
4 4122 4123 4124 4125
4 4126 4127 4128 4129
4 4130 4131 4132 4133
4 4134 4135 4136 4137
4 4138 4139 4140 4141
4 4142 4143 4144 4145
4 4146 4147 4148 4149
4 4150 4151 4152 4153
4 4154 4155 4156 4157
4 4158 4159 4160 4161
4 4135 4162 4163 4136
4 4164 4165 4166 4167
4 4168 4169 4170 4171
4 4172 4173 4174 4175
4 4176 4177 4178 4179
4 4180 4181 4182 4183
4 4184 4185 4186 4187
4 4188 4189 4190 4191
4 4192 4193 4194 4195
4 4196 4197 4198 4199
4 4200 4201 4202 4203
4 4204 4205 4206 4207
4 4208 4209 4210 4211
4 4212 4213 4214 4215
4 4216 4217 4218 4219
4 4220 4221 4222 4223
4 4197 4224 4225 4198
4 4226 4227 4228 4229
4 4230 4231 4232 4233
4 4234 4235 4236 4237
4 4238 4239 4240 4241
4 4242 4243 4244 4245
4 4246 4247 4248 4249
4 4250 4251 4252 4253
4 4254 4255 4256 4257
4 4258 4259 4260 4261
4 4262 4263 4264 4265
4 4266 4267 4268 4269
4 4270 4271 4272 4273
4 4274 4275 4276 4277
4 4278 4279 4280 4281
4 4282 4283 4284 4285
4 4259 4286 4287 4260
4 4288 4289 4290 4291
4 4292 4293 4294 4295
4 4296 4297 4298 4299
4 4300 4301 4302 4303
4 4304 4305 4306 4307
4 4308 4309 4310 4311
4 4312 4313 4314 4315
4 4316 4317 4318 4319
4 4320 4321 4322 4323
4 4313 4324 4325 4314
4 4326 4327 4328 4329
4 4330 4331 4332 4333
4 4334 4335 4336 4337
4 4338 4339 4340 4341
4 4342 4343 4344 4345
4 4335 4346 4347 4336
4 4348 4349 4350 4351
4 4352 4353 4354 4355
4 4356 4357 4297 4296
4 4358 4359 4360 4361
4 4362 4363 4364 4365
4 4366 4356 4296 4367
4 4368 4369 4370 4371
4 4293 4372 4373 4294
4 4374 4375 4376 4377
4 4378 4379 4380 4381
4 4305 4382 4383 4306
4 4375 4384 4385 4376
4 4386 4387 4388 4389
4 4317 4390 4391 4318
4 4392 4393 4394 4395
4 4396 4397 4398 4399
4 4327 4400 4401 4328
4 4393 4402 4403 4394
4 4291 4290 4404 4405
4 4339 4406 4407 4340
4 4408 4409 4410 4411
4 4412 4413 4414 4415
4 4416 4417 4418 4419
4 4409 4420 4421 4410
4 4337 4336 4422 4423
4 4359 4424 4425 4360
4 4426 4427 4428 4429
4 4430 4431 4432 4433
4 4369 4434 4435 4370
4 4427 4436 4437 4428
4 4438 4439 4440 4441
4 4379 4442 4443 4380
4 4444 4445 4446 4447
4 4448 4449 4450 4451
4 4387 4452 4453 4388
4 4445 4454 4455 4446
4 4456 4457 4458 4459
4 4397 4460 4461 4398
4 4462 4463 4464 4465
4 4466 4467 4468 4469
4 4290 4470 4471 4404
4 4463 4472 4473 4464
4 4474 4475 4476 4477
4 4314 4325 4478 4479
4 4480 4481 4482 4483
4 4484 4485 4486 4487
4 4336 4347 4488 4422
4 4481 4489 4490 4482
4 4491 4492 4493 4494
4 4431 4495 4496 4432
4 4497 4498 4499 4500
4 4429 4428 4501 4502
4 4439 4503 4504 4440
4 4498 4505 4506 4499
4 4507 4508 4475 4474
4 4449 4509 4510 4450
4 4367 4296 4299 4511
4 4411 4410 4512 4513
4 4457 4514 4515 4458
4 4516 4308 4311 4517
4 4518 4519 4485 4484
4 4467 4520 4521 4468
4 4522 4320 4323 4523
4 4524 4525 4526 4527
4 4475 4528 4529 4476
4 4530 4330 4333 4531
4 4377 4376 4532 4533
4 4485 4534 4535 4486
4 4536 4342 4345 4537
4 4492 4538 4539 4493
4 4428 4437 4540 4501
4 4541 4352 4355 4542
4 4508 4543 4528 4475
4 4410 4421 4544 4512
63 4545 4546 4547 4548 4549 4550 4551 4552 4553 4554 4555 4556 4557 4558 4559 4560 4561 4562 4563 4564 4565 4566 4567 4568 4569 4570 4571 4572 4573 4574 4575 4576 4577 4578 4579 4580 4581 4582 4583 4584 4585 4586 4587 4588 4589 4590 4591 4592 4593 4594 4595 4596 4597 4598 4599 4600 4601 4602 4603 4604 4605 4606 4607
4 4519 4608 4534 4485
4 4525 4609 4610 4526
4 4289 4611 4470 4290
4 4612 4362 4365 4613
4 4376 4385 4614 4532
63 4615 4616 4617 4618 4619 4620 4621 4622 4623 4624 4625 4626 4627 4628 4629 4630 4631 4632 4633 4634 4635 4636 4637 4638 4639 4640 4641 4642 4643 4644 4645 4646 4647 4648 4649 4650 4651 4652 4653 4654 4655 4656 4657 4658 4659 4660 4661 4662 4663 4664 4665 4666 4667 4668 4669 4670 4671 4672 4673 4674 4675 4676 4677
4 4678 4300 4303 4679
4 4680 4681 4452 4387
4 4682 4680 4387 4386
4 4683 4684 4685 4686
4 4687 4683 4686 4688
4 4689 4690 4691 4692
4 4693 4689 4692 4694
4 4695 4696 4424 4359
4 4697 4695 4359 4358
4 4698 4699 4700 4349
4 4701 4702 4703 4704
4 4705 4706 4707 4708
4 4709 4710 4339 4338
4 4711 4712 4400 4327
4 4713 4711 4327 4326
4 4714 4715 4716 4717
4 4718 4714 4717 4719
4 4720 4721 4382 4305
4 4722 4720 4305 4304
4 4723 4724 4725 4726
4 4727 4723 4726 4728
4 4729 4730 4731 4732
4 4730 4733 4734 4731
4 4735 4736 4737 4738
4 4739 4740 4741 4742
4 4743 4744 4342 4536
4 4745 4746 4747 4748
4 4749 4750 4751 4752
4 4753 4754 4755 4756
4 4757 4758 4759 4760
4 4758 4761 4762 4759
4 4763 4764 4765 4766
4 4767 4768 4769 4770
4 4771 4772 4773 4774
4 4775 4776 4777 4778
4 4779 4780 4781 4782
4 4783 4784 4785 4786
4 4787 4788 4789 4790
4 4791 4792 4793 4794
4 4795 4796 4797 4798
4 4799 4800 4801 4802
4 4803 4804 4805 4806
4 4807 4808 4809 4810
4 4811 4812 4813 4814
4 4815 4816 4817 4818
4 4819 4820 4821 4822
4 4823 4824 4825 4826
4 4827 4828 4829 4830
4 4831 4832 4833 4834
4 4835 4836 4837 4838
4 4839 4840 4841 4842
4 4843 4844 4845 4846
4 4847 4848 4849 4850
4 4851 4852 4853 4854
4 4855 4856 4857 4858
4 4859 4860 4861 4862
4 4863 4864 4865 4866
4 4867 4868 4869 4870
4 4871 4872 4873 4874
4 4875 4876 4877 4878
4 4879 4880 4881 4882
4 4883 4884 4885 4886
4 4887 4888 4889 4890
4 4891 4892 4893 4894
4 4895 4896 4897 4898
4 4899 4900 4901 4902
4 4903 4904 4905 4906
4 4907 4908 4909 4910
4 4911 4912 4913 4914
4 4915 4916 4917 4918
4 4919 4920 4921 4922
4 4923 4924 4925 4926
4 4927 4928 4929 4930
4 4931 4932 4933 4934
4 4935 4936 4937 4938
4 4939 4940 4941 4942
4 4943 4944 4945 4946
4 4947 4948 4949 4950
4 4951 4952 4953 4954
4 4955 4956 4957 4958
4 4959 4960 4961 4962
4 4963 4964 4965 4966
4 4967 4968 4969 4970
4 4971 4972 4973 4974
4 4975 4976 4977 4978
4 4979 4980 4981 4982
4 4983 4984 4985 4986
4 4987 4988 4989 4990
4 4991 4992 4993 4994
4 4995 4996 4997 4998
4 4999 5000 5001 5002
4 5003 5004 5005 5006
4 5007 5008 5009 5010
4 5011 5012 5013 5014
4 5015 5016 5017 5018
4 5019 5020 5021 5022
4 5023 5024 5025 5026
4 5027 5028 5029 5030
4 5031 5032 5033 5034
4 5035 5036 5037 5038
4 5039 5040 5041 5042
4 5043 5044 5045 5046
4 5047 5048 5049 5050
4 5051 5052 5053 5054
4 5055 5056 5057 5058
4 5059 5060 5061 5062
4 5063 5064 5065 5066
4 5067 5068 5069 5070
4 5071 5072 5073 5074
4 5075 5076 5077 5078
4 5079 5080 5081 5082
4 5083 5084 5085 5086
4 5087 5088 5089 5090
4 5091 5092 5093 5094
4 5095 5096 5097 5098
4 5099 5100 5101 5102
4 5103 5104 5105 5106
4 5107 5108 5109 5110
4 5111 5112 5113 5114
4 5115 5116 5117 5118
4 5119 5120 5121 5122
4 5123 5124 5125 5126
4 5127 5128 5129 5130
4 5131 5132 5133 5134
4 5135 5136 5137 5138
4 5139 5140 5141 5142
4 5143 5144 5145 5146
4 5147 5148 5149 5150
4 5151 5152 5153 5154
4 5155 5156 5157 5158
4 5159 5160 5161 5162
4 5163 5164 5165 5166
4 5167 5168 5169 5170
4 5171 5172 5173 5174
4 5175 5176 5177 5178
4 5179 5180 5181 5182
4 5183 5184 5185 5186
4 5187 5188 5189 5190
4 5191 5192 5193 5194
4 5195 5196 5197 5198
4 5199 5200 5201 5202
4 5203 5204 5205 5206
4 5207 5208 5209 5210
4 5211 5212 5213 5214
4 5215 5216 5217 5218
4 5219 5220 5221 5222
4 5223 5224 5225 5226
4 5227 5228 5229 5230
4 5231 5232 5233 5234
4 5235 5236 5237 5238
4 5239 5240 5241 5242
4 5243 5244 5245 5246
4 5247 5248 5249 5250
4 5251 5252 5253 5254
4 5255 5256 5257 5258
4 5259 5260 5261 5262
4 5263 5264 5265 5266
4 5267 5268 5269 5270
4 5271 5272 5273 5274
4 5275 5276 5277 5278
4 5279 5280 5281 5282
4 5283 5284 5285 5286
4 5287 5288 5289 5290
4 5291 5292 5293 5294
4 5295 5296 5297 5298
4 5299 5300 5301 5302
4 5303 5304 5305 5306
4 5307 5308 5309 5310
4 5311 5312 5313 5314
4 5315 5316 5317 5318
4 5319 5320 5321 5322
4 5323 5324 5325 5326
4 5327 5328 5329 5330
4 5331 5332 5333 5334
4 5335 5336 5337 5338
4 5339 5340 5341 5342
4 5343 5344 5345 5346
4 5347 5348 5349 5350
4 5351 5352 5353 5354
4 5355 5356 5357 5358
4 5359 5360 5361 5362
4 5363 5364 5365 5366
4 5367 5368 5369 5370
4 5371 5372 5373 5374
4 5375 5376 5377 5378
4 5379 5380 5381 5382
4 5383 5384 5385 5386
4 5387 5388 5389 5390
4 5391 5392 5393 5394
4 5395 5396 5397 5398
4 5399 5400 5401 5402
4 5403 5404 5405 5406
4 5407 5408 5409 5410
4 5411 5412 5413 5414
4 5415 5416 5417 5418
4 5419 5420 5421 5422
4 5423 5424 5425 5426
4 5427 5428 5429 5430
4 5431 5432 5433 5434
4 5435 5436 5437 5438
4 5439 5440 5441 5442
4 5443 5444 5445 5446
4 5447 5448 5449 5450
4 5451 5452 5453 5454
4 5455 5456 5457 5458
4 5459 5460 5461 5462
4 5463 5464 5465 5466
4 5467 5468 5469 5470
4 5471 5472 5473 5474
4 5475 5476 5477 5478
4 5479 5480 5481 5482
4 5483 5484 5485 5486
4 5487 5488 5489 5490
4 5491 5492 5493 5494
4 5495 5496 5497 5498
4 5499 5500 5501 5502
4 5503 5504 5505 5506
4 5507 5508 5509 5510
4 5511 5512 5513 5514
4 5515 5516 5517 5518
4 5519 5520 5521 5522
4 5523 5524 5525 5526
4 5527 5528 5529 5530
4 5531 5532 5533 5534
4 5535 5536 5537 5538
4 5539 5540 5541 5542
4 5543 5544 5545 5546
4 5547 5548 5549 5550
4 5551 5552 5553 5554
4 5555 5556 5557 5558
4 5559 5560 5561 5562
4 5563 5564 5565 5566
4 5567 5568 5569 5570
4 5571 5572 5573 5574
4 5575 5576 5577 5578
4 5579 5580 5581 5582
4 5583 5584 5585 5586
4 5587 5588 5589 5590
4 5591 5592 5593 5594
4 5595 5596 5597 5598
4 5599 5600 5601 5602
4 5603 5604 5605 5606
4 5607 5608 5609 5610
4 5611 5612 5613 5614
4 5615 5616 5617 5618
4 5619 5620 5621 5622
4 5623 5624 5625 5626
4 5627 5628 5629 5630
4 5631 5632 5633 5634
4 5635 5636 5637 5638
4 5639 5640 5641 5642
4 5643 5644 5645 5646
4 5647 5648 5649 5650
4 5651 5652 5653 5654
4 5655 5656 5657 5658
4 5659 5660 5661 5662
4 5663 5664 5665 5666
4 5667 5668 5669 5670
4 5671 5672 5673 5674
4 5675 5676 5677 5678
4 5679 5680 5681 5682
4 5683 5684 5685 5686
4 5687 5688 5689 5690
4 5691 5692 5693 5694
4 5695 5696 5697 5698
4 5699 5700 5701 5702
4 5703 5704 5705 5706
4 5707 5708 5709 5710
4 5711 5712 5713 5714
4 5715 5716 5717 5718
4 5719 5720 5721 5722
4 5723 5724 5725 5726
4 5727 5728 5729 5730
4 5731 5732 5733 5734
4 5735 5736 5737 5738
4 5739 5740 5741 5742
4 5743 5744 5745 5746
4 5747 5748 5749 5750
4 5751 5752 5753 5754
4 5755 5756 5757 5758
4 5759 5760 5761 5762
4 5763 5764 5765 5766
4 5767 5768 5769 5770
4 5771 5772 5773 5774
4 5775 5776 5777 5778
4 5779 5780 5781 5782
4 5783 5784 5785 5786
4 5787 5788 5789 5790
4 5791 5792 5793 5794
4 5795 5796 5797 5798
4 5799 5800 5801 5802
4 5803 5804 5805 5806
4 5807 5808 5809 5810
4 5811 5812 5813 5814
4 5815 5816 5817 5818
4 5819 5820 5821 5822
4 5823 5824 5825 5826
4 5827 5828 5829 5830
4 5831 5832 5833 5834
4 5835 5836 5837 5838
4 5839 5840 5841 5842
4 5843 5844 5845 5846
4 5847 5848 5849 5850
4 5851 5852 5853 5854
4 5855 5856 5857 5858
4 5859 5860 5861 5862
4 5863 5864 5865 5866
4 5867 5868 5869 5870
4 5871 5872 5873 5874
4 5875 5876 5877 5878
4 5879 5880 5881 5882
4 5883 5884 5885 5886
4 5887 5888 5889 5890
4 5891 5892 5893 5894
4 5895 5896 5897 5898
4 5899 5900 5901 5902
4 5903 5904 5905 5906
4 5907 5908 5909 5910
4 5911 5912 5913 5914
4 5915 5916 5917 5918
4 5919 5920 5921 5922
4 5923 5924 5925 5926
4 5927 5928 5929 5930
4 5931 5932 5933 5934
4 5935 5936 5937 5938
4 5939 5940 5941 5942
4 5943 5944 5945 5946
4 5947 5948 5949 5950
4 5951 5952 5953 5954
4 5955 5956 5957 5958
4 5959 5960 5961 5962
4 5963 5964 5965 5966
4 5967 5968 5969 5970
4 5971 5972 5973 5974
4 5975 5976 5977 5978
4 5979 5980 5981 5982
4 5983 5984 5985 5986
4 5987 5988 5989 5990
4 5991 5992 5993 5994
4 5995 5996 5997 5998
4 5999 6000 6001 6002
4 6003 6004 6005 6006
4 6007 6008 6009 6010
4 6011 6012 6013 6014
4 6015 6016 6017 6018
4 6019 6020 6021 6022
4 6023 6024 6025 6026
4 6027 6028 6029 6030
4 6031 6032 6033 6034
4 6035 6036 6037 6038
4 6039 6040 6041 6042
4 6043 6044 6045 6046
4 6047 6048 6049 6050
4 6051 6052 6053 6054
4 6055 6056 6057 6058
4 6059 6060 6061 6062
4 6063 6064 6065 6066
4 6067 6068 6069 6070
4 6071 6072 6073 6074
4 6075 6076 6077 6078
4 6079 6080 6081 6082
4 6083 6084 6085 6086
4 6087 6088 6089 6090
4 6091 6092 6093 6094
4 6095 6096 6097 6098
4 6099 6100 6101 6102
4 6103 6104 6105 6106
4 6107 6108 6109 6110
4 6111 6112 6113 6114
4 6115 6116 6117 6118
4 6119 6120 6121 6122
4 6123 6124 6125 6126
4 6127 6128 6129 6130
4 6131 6132 6133 6134
4 6135 6136 6137 6138
4 6139 6140 6141 6142
4 6143 6144 6145 6146
4 6147 6148 6149 6150
4 6151 6152 6153 6154
4 6155 6156 6157 6158
4 6159 6160 6161 6162
4 6163 6164 6165 6166
4 6167 6168 6169 6170
4 6171 6172 6173 6174
4 6175 6176 6177 6178
4 6179 6180 6181 6182
4 6183 6184 6185 6186
4 6187 6188 6189 6190
4 6191 6192 6193 6194
4 6195 6196 6197 6198
4 6199 6200 6201 6202
4 6203 6204 6205 6206
4 6207 6208 6209 6210
4 6211 6212 6213 6214
4 6215 6216 6217 6218
4 6219 6220 6221 6222
4 6223 6224 6225 6226
4 6227 6228 6229 6230
4 6231 6232 6233 6234
4 6235 6236 6237 6238
4 6239 6240 6241 6242
4 6243 6244 6245 6246
4 6247 6248 6249 6250
4 6251 6252 6253 6254
4 6255 6256 6257 6258
4 6259 6260 6261 6262
4 6263 6264 6265 6266
4 6267 6268 6269 6270
4 6271 6272 6273 6274
4 6275 6276 6277 6278
4 6279 6280 6281 6282
4 6283 6284 6285 6286
4 6287 6288 6289 6290
4 6291 6292 6293 6294
4 6295 6296 6297 6298
4 6299 6300 6301 6302
4 6303 6304 6305 6306
4 6307 6308 6309 6310
4 6311 6312 6313 6314
4 6315 6316 6317 6318
4 6319 6320 6321 6322
4 6323 6324 6325 6326
4 6327 6328 6329 6330
4 6331 6332 6333 6334
4 6335 6336 6337 6338
4 6339 6340 6341 6342
4 6343 6344 6345 6346
4 6347 6348 6349 6350
4 6351 6352 6353 6354
4 6355 6356 6357 6358
4 6359 6360 6361 6362
4 6363 6364 6365 6366
4 6367 6368 6369 6370
4 6371 6372 6373 6374
4 6375 6376 6377 6378
4 6379 6380 6381 6382
4 6383 6384 6385 6386
4 6387 6388 6389 6390
4 6391 6392 6393 6394
4 6395 6396 6397 6398
4 6399 6400 6401 6402
4 6403 6404 6405 6406
4 6407 6408 6409 6410
4 6411 6412 6413 6414
4 6415 6416 6417 6418
4 6419 6420 6421 6422
4 6423 6424 6425 6426
4 6427 6428 6429 6430
4 6431 6432 6433 6434
4 6435 6436 6437 6438
4 6439 6440 6441 6442
4 6443 6444 6445 6446
4 6447 6448 6449 6450
4 6451 6452 6453 6454
4 6455 6456 6457 6458
4 6459 6460 6461 6462
4 6463 6464 6465 6466
4 6467 6468 6469 6470
4 6471 6472 6473 6474
4 6475 6476 6477 6478
4 6479 6480 6481 6482
4 6483 6484 6485 6486
4 6487 6488 6489 6490
4 6491 6492 6493 6494
4 6495 6496 6497 6498
4 6499 6500 6501 6502
4 6503 6504 6505 6506
4 6507 6508 6509 6510
4 6511 6512 6513 6514
4 6515 6516 6517 6518
4 6519 6520 6521 6522
4 6523 6524 6525 6526
4 6527 6528 6529 6530
4 6531 6532 6533 6534
4 6535 6536 6537 6538
4 6539 6540 6541 6542
4 6543 6544 6545 6546
4 6547 6548 6549 6550
4 6551 6552 6553 6554
4 6555 6556 6557 6558
4 6559 6560 6561 6562
4 6563 6564 6565 6566
4 6567 6568 6569 6570
4 6571 6572 6573 6574
4 6575 6576 6577 6578
4 6579 6580 6581 6582
4 6583 6584 6585 6586
4 6587 6588 6589 6590
4 6591 6592 6593 6594
4 6595 6596 6597 6598
4 6599 6600 6601 6602
4 6603 6604 6605 6606
4 6607 6608 6609 6610
4 6611 6612 6613 6614
4 6615 6616 6617 6618
4 6619 6620 6621 6622
4 6623 6624 6625 6626
4 6627 6628 6629 6630
4 6631 6632 6633 6634
4 6635 6636 6637 6638
4 6639 6640 6641 6642
4 6643 6644 6645 6646
4 6647 6648 6649 6650
4 6651 6652 6653 6654
4 6655 6656 6657 6658
4 6659 6660 6661 6662
4 6663 6664 6665 6666
4 6667 6668 6669 6670
4 6671 6672 6673 6674
4 6675 6676 6677 6678
4 6679 6680 6681 6682
4 6683 6684 6685 6686
4 6687 6688 6689 6690
4 6691 6692 6693 6694
4 6695 6696 6697 6698
4 6699 6700 6701 6702
4 6703 6704 6705 6706
4 6707 6708 6709 6710
4 6711 6712 6713 6714
4 6715 6716 6717 6718
4 6719 6720 6721 6722
4 6723 6724 6725 6726
4 6727 6728 6729 6730
4 6731 6732 6733 6734
4 6735 6736 6737 6738
4 6739 6740 6741 6742
4 6743 6744 6745 6746
4 6747 6748 6749 6750
4 6751 6752 6753 6754
4 6755 6756 6757 6758
4 6759 6760 6761 6762
4 6763 6764 6765 6766
4 6767 6768 6769 6770
4 6771 6772 6773 6774
4 6775 6776 6777 6778
4 6779 6780 6781 6782
4 6783 6784 6785 6786
4 6787 6788 6789 6790
4 6791 6792 6793 6794
4 6795 6796 6797 6798
4 6799 6800 6801 6802
4 6803 6804 6805 6806
4 6807 6808 6809 6810
4 6811 6812 6813 6814
4 6815 6816 6817 6818
4 6819 6820 6821 6822
4 6823 6824 6825 6826
4 6827 6828 6829 6830
4 6831 6832 6833 6834
4 6835 6836 6837 6838
4 6839 6840 6841 6842
4 6843 6844 6845 6846
4 6847 6848 6849 6850
4 6851 6852 6853 6854
4 6855 6856 6857 6858
4 6859 6860 6861 6862
4 6863 6864 6865 6866
4 6867 6868 6869 6870
4 6871 6872 6873 6874
4 6875 6876 6877 6878
4 6879 6880 6881 6882
4 6883 6884 6885 6886
4 6887 6888 6889 6890
4 6891 6892 6893 6894
4 6895 6896 6897 6898
4 6899 6900 6901 6902
4 6903 6904 6905 6906
4 6907 6908 6909 6910
4 6911 6912 6913 6914
4 6915 6916 6917 6918
4 6919 6920 6921 6922
4 6923 6924 6925 6926
4 6927 6928 6929 6930
4 6931 6932 6933 6934
4 6935 6936 6937 6938
4 6939 6940 6941 6942
4 6943 6944 6945 6946
4 6947 6948 6949 6950
4 6951 6952 6953 6954
4 6955 6956 6957 6958
4 6959 6960 6961 6962
4 6963 6964 6965 6966
4 6967 6968 6969 6970
4 6971 6972 6973 6974
4 6975 6976 6977 6978
4 6979 6980 6981 6982
4 6983 6984 6985 6986
4 6987 6988 6989 6990
4 6991 6992 6993 6994
4 6995 6996 6997 6998
4 6999 7000 7001 7002
4 7003 7004 7005 7006
4 7007 7008 7009 7010
4 7011 7012 7013 7014
4 7015 7016 7017 7018
4 7019 7020 7021 7022
4 7023 7024 7025 7026
4 7027 7028 7029 7030
4 7031 7032 7033 7034
4 7035 7036 7037 7038
4 7039 7040 7041 7042
4 7043 7044 7045 7046
4 7047 7048 7049 7050
4 7051 7052 7053 7054
4 7055 7056 7057 7058
4 7059 7060 7061 7062
4 7063 7064 7065 7066
4 7067 7068 7069 7070
4 7071 7072 7073 7074
4 7075 7076 7077 7078
4 7079 7080 7081 7082
4 7083 7084 7085 7086
4 7087 7088 7089 7090
4 7091 7092 7093 7094
4 7095 7096 7097 7098
4 7099 7100 7101 7102
4 7103 7104 7105 7106
4 7107 7108 7109 7110
4 7111 7112 7113 7114
4 7115 7116 7117 7118
4 7119 7120 7121 7122
4 7123 7124 7125 7126
4 7127 7128 7129 7130
4 7131 7132 7133 7134
4 7135 7136 7137 7138
4 7139 7140 7141 7142
4 7143 7144 7145 7146
4 7147 7148 7149 7150
4 7151 7152 7153 7154
4 7155 7156 7157 7158
4 7159 7160 7161 7162
4 7163 7164 7165 7166
4 7167 7168 7169 7170
4 7171 7172 7173 7174
4 7175 7176 7177 7178
4 7179 7180 7181 7182
4 7183 7184 7185 7186
4 7187 7188 7189 7190
4 7191 7192 7193 7194
4 7195 7196 7197 7198
4 7199 7200 7201 7202
4 7203 7204 7205 7206
4 7207 7208 7209 7210
4 7211 7212 7213 7214
4 7215 7216 7217 7218
4 7219 7220 7221 7222
4 7223 7224 7225 7226
4 7227 7228 7229 7230
4 7231 7232 7233 7234
4 7235 7236 7237 7238
4 7239 7240 7241 7242
4 7243 7244 7245 7246
4 7247 7248 7249 7250
4 7251 7252 7253 7254
4 7255 7256 7257 7258
4 7259 7260 7261 7262
4 7263 7264 7265 7266
4 7267 7268 7269 7270
4 7271 7272 7273 7274
4 7275 7276 7277 7278
4 7279 7280 7281 7282
4 7283 7284 7285 7286
4 7287 7288 7289 7290
4 7291 7292 7293 7294
4 7295 7296 7297 7298
4 7299 7300 7301 7302
4 7303 7304 7305 7306
4 7307 7308 7309 7310
4 7311 7312 7313 7314
4 7315 7316 7317 7318
4 7319 7320 7321 7322
4 7323 7324 7325 7326
4 7327 7328 7329 7330
4 7331 7332 7333 7334
4 7335 7336 7337 7338
4 7339 7340 7341 7342
4 7343 7344 7345 7346
4 7347 7348 7349 7350
4 7351 7352 7353 7354
4 7355 7356 7357 7358
4 7359 7360 7361 7362
4 7363 7364 7365 7366
4 7367 7368 7369 7370
4 7371 7372 7373 7374
4 7375 7376 7377 7378
4 7379 7380 7381 7382
4 7383 7384 7385 7386
4 7387 7388 7389 7390
4 7391 7392 7393 7394
4 7395 7396 7397 7398
4 7399 7400 7401 7402
4 7403 7404 7405 7406
4 7407 7408 7409 7410
4 7411 7412 7413 7414
4 7415 7416 7417 7418
4 7419 7420 7421 7422
4 7423 7424 7425 7426
4 7427 7428 7429 7430
4 7431 7432 7433 7434
4 7435 7436 7437 7438
4 7439 7440 7441 7442
4 7443 7444 7445 7446
4 7447 7448 7449 7450
4 7451 7452 7453 7454
4 7455 7456 7457 7458
4 7459 7460 7461 7462
4 7463 7464 7465 7466
4 7467 7468 7469 7470
4 7471 7472 7473 7474
4 7475 7476 7477 7478
4 7479 7480 7481 7482
4 7483 7484 7485 7486
4 7487 7488 7489 7490
4 7491 7492 7493 7494
4 7495 7496 7497 7498
4 7499 7500 7501 7502
4 7503 7504 7505 7506
4 7507 7508 7509 7510
4 7511 7512 7513 7514
4 7515 7516 7517 7518
4 7519 7520 7521 7522
4 7523 7524 7525 7526
4 7527 7528 7529 7530
4 7531 7532 7533 7534
4 7535 7536 7537 7538
4 7539 7540 7541 7542
4 7543 7544 7545 7546
4 7547 7548 7549 7550
4 7551 7552 7553 7554
4 7555 7556 7557 7558
4 7559 7560 7561 7562
4 7563 7564 7565 7566
4 7567 7568 7569 7570
4 7571 7572 7573 7574
4 7575 7576 7577 7578
4 7579 7580 7581 7582
4 7583 7584 7585 7586
4 7587 7588 7589 7590
4 7591 7592 7593 7594
4 7595 7596 7597 7598
4 7599 7600 7601 7602
4 7603 7604 7605 7606
4 7607 7608 7609 7610
4 7611 7612 7613 7614
4 7615 7616 7617 7618
4 7619 7620 7621 7622
4 7623 7624 7625 7626
4 7627 7628 7629 7630
4 7631 7632 7633 7634
4 7635 7636 7637 7638
4 7639 7640 7641 7642
4 7643 7644 7645 7646
4 7647 7648 7649 7650
4 7651 7652 7653 7654
4 7655 7656 7657 7658
4 7659 7660 7661 7662
4 7663 7664 7665 7666
4 7667 7668 7669 7670
4 7671 7672 7673 7674
4 7675 7676 7677 7678
4 7679 7680 7681 7682
4 7683 7684 7685 7686
4 7687 7688 7689 7690
4 7691 7692 7693 7694
4 7695 7696 7697 7698
4 7699 7700 7701 7702
4 7703 7704 7705 7706
4 7707 7708 7709 7710
4 7711 7712 7713 7714
4 7715 7716 7717 7718
4 7719 7720 7721 7722
4 7723 7724 7725 7726
4 7727 7728 7729 7730
4 7731 7732 7733 7734
4 7735 7736 7737 7738
4 7739 7740 7741 7742
4 7743 7744 7745 7746
4 7747 7748 7749 7750
4 7751 7752 7753 7754
4 7755 7756 7757 7758
4 7759 7760 7761 7762
4 7763 7764 7765 7766
4 7767 7768 7769 7770
4 7771 7772 7773 7774
4 7775 7776 7777 7778
4 7779 7780 7781 7782
4 7783 7784 7785 7786
4 7787 7788 7789 7790
4 7791 7792 7793 7794
4 7795 7796 7797 7798
4 7799 7800 7801 7802
4 7803 7804 7805 7806
4 7807 7808 7809 7810
4 7811 7812 7813 7814
4 7815 7816 7817 7818
4 7819 7820 7821 7822
4 7823 7824 7825 7826
4 7827 7828 7829 7830
4 7831 7832 7833 7834
4 7835 7836 7837 7838
4 7839 7840 7841 7842
4 7843 7844 7845 7846
4 7847 7848 7849 7850
4 7851 7852 7853 7854
4 7855 7856 7857 7858
4 7859 7860 7861 7862
4 7863 7864 7865 7866
4 7867 7868 7869 7870
4 7871 7872 7873 7874
4 7875 7876 7877 7878
4 7879 7880 7881 7882
4 7883 7884 7885 7886
4 7887 7888 7889 7890
4 7891 7892 7893 7894
4 7895 7896 7897 7898
4 7899 7900 7901 7902
4 7903 7904 7905 7906
4 7907 7908 7909 7910
4 7911 7912 7913 7914
4 7915 7916 7917 7918
4 7919 7920 7921 7922
4 7923 7924 7925 7926
4 7927 7928 7929 7930
4 7931 7932 7933 7934
4 7935 7936 7937 7938
4 7939 7940 7941 7942
4 7943 7944 7945 7946
4 7947 7948 7949 7950
4 7951 7952 7953 7954
4 7955 7956 7957 7958
4 7959 7960 7961 7962
4 7963 7964 7965 7966
4 7967 7968 7969 7970
4 7971 7972 7973 7974
4 7975 7976 7977 7978
4 7979 7980 7981 7982
4 7983 7984 7985 7986
4 7987 7988 7989 7990
4 7991 7992 7993 7994
4 7995 7996 7997 7998
4 7999 8000 8001 8002
4 8003 8004 8005 8006
4 8007 8008 8009 8010
4 8011 8012 8013 8014
4 8015 8016 8017 8018
4 8019 8020 8021 8022
4 8023 8024 8025 8026
4 8027 8028 8029 8030
4 8031 8032 8033 8034
4 8035 8036 8037 8038
4 8039 8040 8041 8042
4 8043 8044 8045 8046
4 8047 8048 8049 8050
4 8051 8052 8053 8054
4 8055 8056 8057 8058
4 8059 8060 8061 8062
4 8063 8064 8065 8066
4 8067 8068 8069 8070
4 8071 8072 8073 8074
4 8075 8076 8077 8078
4 8079 8080 8081 8082
4 8083 8084 8085 8086
4 8087 8088 8089 8090
4 8091 8092 8093 8094
4 8095 8096 8097 8098
4 8099 8100 8101 8102
4 8103 8104 8105 8106
4 8107 8108 8109 8110
4 8111 8112 8113 8114
4 8115 8116 8117 8118
4 8119 8120 8121 8122
4 8123 8124 8125 8126
4 8127 8128 8129 8130
4 8131 8132 8133 8134
4 8135 8136 8137 8138
4 8139 8140 8141 8142
4 8143 8144 8145 8146
4 8147 8148 8149 8150
4 8151 8152 8153 8154
4 8155 8156 8157 8158
4 8159 8160 8161 8162
4 8163 8164 8165 8166
4 8167 8168 8169 8170
4 8171 8172 8173 8174
4 8175 8176 8177 8178
4 8179 8180 8181 8182
4 8183 8184 8185 8186
4 8187 8188 8189 8190
4 8191 8192 8193 8194
4 8195 8196 8197 8198
4 8199 8200 8201 8202
4 8203 8204 8205 8206
4 8207 8208 8209 8210
4 8211 8212 8213 8214
4 8215 8216 8217 8218
4 8219 8220 8221 8222
4 8223 8224 8225 8226
4 8227 8228 8229 8230
4 8231 8232 8233 8234
4 8235 8236 8237 8238
4 8239 8240 8241 8242
4 8243 8244 8245 8246
4 8247 8248 8249 8250
4 8251 8252 8253 8254
4 8255 8256 8257 8258
4 8259 8260 8261 8262
4 8263 8264 8265 8266
4 8267 8268 8269 8270
4 8271 8272 8273 8274
4 8275 8276 8277 8278
4 8279 8280 8281 8282
4 8283 8284 8285 8286
4 8287 8288 8289 8290
4 8291 8292 8293 8294
4 8295 8296 8297 8298
4 8299 8300 8301 8302
4 8303 8304 8305 8306
4 8307 8308 8309 8310
4 8311 8312 8313 8314
4 8315 8316 8317 8318
4 8319 8320 8321 8322
4 8323 8324 8325 8326
4 8327 8328 8329 8330
4 8331 8332 8333 8334
4 8335 8336 8337 8338
4 8339 8340 8341 8342
4 8343 8344 8345 8346
4 8347 8348 8349 8350
4 8351 8352 8353 8354
4 8355 8356 8357 8358
4 8359 8360 8361 8362
4 8363 8364 8365 8366
4 8367 8368 8369 8370
4 8371 8372 8373 8374
4 8375 8376 8377 8378
4 8379 8380 8381 8382
4 8383 8384 8385 8386
4 8387 8388 8389 8390
4 8391 8392 8393 8394
4 8395 8396 8397 8398
4 8399 8400 8401 8402
4 8403 8404 8405 8406
4 8407 8408 8409 8410
4 8411 8412 8413 8414
4 8415 8416 8417 8418
4 8419 8420 8421 8422
4 8423 8424 8425 8426
4 8427 8428 8429 8430
4 8431 8432 8433 8434
4 8435 8436 8437 8438
4 8439 8440 8441 8442
4 8443 8444 8445 8446
4 8447 8448 8449 8450
4 8451 8452 8453 8454
4 8455 8456 8457 8458
4 8459 8460 8461 8462
4 8463 8464 8465 8466
4 8467 8468 8469 8470
4 8471 8472 8473 8474
4 8475 8476 8477 8478
4 8479 8480 8481 8482
4 8483 8484 8485 8486
4 8487 8488 8489 8490
4 8491 8492 8493 8494
4 8495 8496 8497 8498
4 8499 8500 8501 8502
4 8503 8504 8505 8506
4 8507 8508 8509 8510
4 8511 8512 8513 8514
4 8515 8516 8517 8518
4 8519 8520 8521 8522
4 8523 8524 8525 8526
4 8527 8528 8529 8530
4 8531 8532 8533 8534
4 8535 8536 8537 8538
4 8539 8540 8541 8542
4 8543 8544 8545 8546
4 8547 8548 8549 8550
4 8551 8552 8553 8554
4 8555 8556 8557 8558
4 8559 8560 8561 8562
4 8563 8564 8565 8566
4 8567 8568 8569 8570
4 8571 8572 8573 8574
4 8575 8576 8577 8578
4 8579 8580 8581 8582
4 8583 8584 8585 8586
4 8587 8588 8589 8590
4 8591 8592 8593 8594
4 8595 8596 8597 8598
4 8599 8600 8601 8602
4 8603 8604 8605 8606
4 8607 8608 8609 8610
4 8611 8612 8613 8614
4 8615 8616 8617 8618
4 8619 8620 8621 8622
4 8623 8624 8625 8626
4 8627 8628 8629 8630
4 8631 8632 8633 8634
4 8635 8636 8637 8638
4 8639 8640 8641 8642
4 8643 8644 8645 8646
4 8647 8648 8649 8650
4 8651 8652 8653 8654
4 8655 8656 8657 8658
4 8659 8660 8661 8662
4 8663 8664 8665 8666
4 8667 8668 8669 8670
4 8671 8672 8673 8674
4 8675 8676 8677 8678
4 8679 8680 8681 8682
4 8683 8684 8685 8686
4 8687 8688 8689 8690
4 8691 8692 8693 8694
4 8695 8696 8697 8698
4 8699 8700 8701 8702
4 8703 8704 8705 8706
4 8707 8708 8709 8710
4 8711 8712 8713 8714
4 8715 8716 8717 8718
4 8719 8720 8721 8722
4 8723 8724 8725 8726
4 8727 8728 8729 8730
4 8731 8732 8733 8734
4 8735 8736 8737 8738
4 8739 8740 8741 8742
4 8743 8744 8745 8746
4 8747 8748 8749 8750
4 8751 8752 8753 8754
4 8755 8756 8757 8758
4 8759 8760 8761 8762
4 8763 8764 8765 8766
4 8767 8768 8769 8770
4 8771 8772 8773 8774
4 8775 8776 8777 8778
4 8779 8780 8781 8782
4 8783 8784 8785 8786
4 8787 8788 8789 8790
4 8791 8792 8793 8794
4 8795 8796 8797 8798
4 8799 8800 8801 8802
4 8803 8804 8805 8806
4 8807 8808 8809 8810
4 8811 8812 8813 8814
4 8815 8816 8817 8818
4 8819 8820 8821 8822
4 8823 8824 8825 8826
4 8827 8828 8829 8830
4 8831 8832 8833 8834
4 8835 8836 8837 8838
4 8839 8840 8841 8842
4 8843 8844 8845 8846
4 8847 8848 8849 8850
4 8851 8852 8853 8854
4 8855 8856 8857 8858
4 8859 8860 8861 8862
4 8863 8864 8865 8866
4 8867 8868 8869 8870
4 8871 8872 8873 8874
4 8875 8876 8877 8878
4 8879 8880 8881 8882
4 8883 8884 8885 8886
4 8887 8888 8889 8890
4 8891 8892 8893 8894
4 8895 8896 8897 8898
4 8899 8900 8901 8902
4 8903 8904 8905 8906
4 8907 8908 8909 8910
4 8911 8912 8913 8914
4 8915 8916 8917 8918
4 8919 8920 8921 8922
4 8923 8924 8925 8926
4 8927 8928 8929 8930
4 8931 8932 8933 8934
4 8935 8936 8937 8938
4 8939 8940 8941 8942
4 8943 8944 8945 8946
4 8947 8948 8949 8950
4 8951 8952 8953 8954
4 8955 8956 8957 8958
4 8959 8960 8961 8962
4 8963 8964 8965 8966
4 8967 8968 8969 8970
4 8971 8972 8973 8974
4 8975 8976 8977 8978
4 8979 8980 8981 8982
4 8983 8984 8985 8986
4 8987 8988 8989 8990
4 8991 8992 8993 8994
4 8995 8996 8997 8998
4 8999 9000 9001 9002
4 9003 9004 9005 9006
4 9007 9008 9009 9010
4 9011 9012 9013 9014
4 9015 9016 9017 9018
4 9019 9020 9021 9022
4 9023 9024 9025 9026
4 9027 9028 9029 9030
4 9031 9032 9033 9034
4 9035 9036 9037 9038
4 9039 9040 9041 9042
4 9043 9044 9045 9046
4 9047 9048 9049 9050
4 9051 9052 9053 9054
4 9055 9056 9057 9058
4 9059 9060 9061 9062
4 9063 9064 9065 9066
4 9067 9068 9069 9070
4 9071 9072 9073 9074
4 9075 9076 9077 9078
4 9079 9080 9081 9082
4 9083 9084 9085 9086
4 9087 9088 9089 9090
4 9091 9092 9093 9094
4 9095 9096 9097 9098
4 9099 9100 9101 9102
4 9103 9104 9105 9106
4 9107 9108 9109 9110
4 9111 9112 9113 9114
4 9115 9116 9117 9118
4 9119 9120 9121 9122
4 9123 9124 9125 9126
4 9127 9128 9129 9130
4 9131 9132 9133 9134
4 9135 9136 9137 9138
4 9139 9140 9141 9142
4 9143 9144 9145 9146
4 9147 9148 9149 9150
4 9151 9152 9153 9154
4 9155 9156 9157 9158
4 9159 9160 9161 9162
4 9163 9164 9165 9166
4 9167 9168 9169 9170
4 9171 9172 9173 9174
4 9175 9176 9177 9178
4 9179 9180 9181 9182
4 9183 9184 9185 9186
4 9187 9188 9189 9190
4 9191 9192 9193 9194
4 9195 9196 9197 9198
4 9199 9200 9201 9202
4 9203 9204 9205 9206
4 9207 9208 9209 9210
4 9211 9212 9213 9214
4 9215 9216 9217 9218
4 9219 9220 9221 9222
4 9223 9224 9225 9226
4 9227 9228 9229 9230
4 9231 9232 9233 9234
4 9235 9236 9237 9238
4 9239 9240 9241 9242
4 9243 9244 9245 9246
4 9247 9248 9249 9250
4 9251 9252 9253 9254
4 9255 9256 9257 9258
4 9259 9260 9261 9262
4 9263 9264 9265 9266
4 9267 9268 9269 9270
4 9271 9272 9273 9274
4 9275 9276 9277 9278
4 9279 9280 9281 9282
4 9283 9284 9285 9286
4 9287 9288 9289 9290
4 9291 9292 9293 9294
4 9295 9296 9297 9298
4 9299 9300 9301 9302
4 9303 9304 9305 9306
4 9307 9308 9309 9310
4 9311 9312 9313 9314
4 9315 9316 9317 9318
4 9319 9320 9321 9322
4 9323 9324 9325 9326
4 9327 9328 9329 9330
4 9331 9332 9333 9334
4 9335 9336 9337 9338
4 9339 9340 9341 9342
4 9343 9344 9345 9346
4 9347 9348 9349 9350
4 9351 9352 9353 9354
4 9355 9356 9357 9358
4 9359 9360 9361 9362
4 9363 9364 9365 9366
4 9367 9368 9369 9370
4 9371 9372 9373 9374
4 9375 9376 9377 9378
4 9379 9380 9381 9382
4 9383 9384 9385 9386
4 9387 9388 9389 9390
4 9391 9392 9393 9394
4 9395 9396 9397 9398
4 9399 9400 9401 9402
4 9403 9404 9405 9406
4 9407 9408 9409 9410
4 9411 9412 9413 9414
4 9415 9416 9417 9418
